ticker,date_only,score_prosus,score_yiyang,score_distil,ground_truth,meta_llm_score
MSFT,2009-08-07,-0.4490162134170532,0.001444905614334857,-0.4971356987953186,-0.314902335532679,-0.03027660122822849
MSFT,2009-08-10,0.0,0.007186674440163188,0.0,0.0023955581467210627,0.006707493939327549
MSFT,2009-08-14,0.0,0.0033512834925204515,0.0,0.0011170944975068171,0.0031278324452608994
MSFT,2009-08-16,0.0,0.012554702610941604,0.0,0.004184900870313868,0.011717601759284196
MSFT,2009-08-17,0.3091450035572052,0.006653713549894746,0.38803964853286743,0.2346127885466558,0.029587723286737616
MSFT,2009-08-18,0.0,0.3016542232556579,0.0,0.10055140775188597,0.28154104464936414
MSFT,2009-09-08,0.7088345885276794,0.0015879059646977112,0.0,0.23680749816412572,0.023901930428847522
MSFT,2009-09-10,0.0,0.0010518830058572348,0.0,0.0003506276686190783,0.0009817473579984892
MSFT,2009-09-15,0.0,0.03163609668263234,0.0,0.010545365560877448,0.02952671995999
MSFT,2009-09-24,0.0,0.00456729024881497,0.0,0.0015224300829383235,0.0042627603653904245
MSFT,2009-10-01,0.0,0.000832172929221997,0.9609015583992004,0.3205779104428075,0.03445342114267823
MSFT,2009-10-18,0.0,0.00045860829413868487,0.0,0.00015286943137956163,0.00042803000858453297
MSFT,2009-10-21,0.0,0.0003368144971318543,0.0,0.00011227149904395144,0.0003143569663725842
MSFT,2009-10-23,0.44984060525894165,0.0009567436197054727,0.0,0.15026578295954904,0.015121068503582526
MSFT,2009-10-26,0.0,9.017059801408323e-05,0.0,3.005686600469441e-05,8.415836238287068e-05
MSFT,2009-10-30,0.0,0.0004796151051777997,0.0,0.00015987170172593324,0.0004476361767757525
MSFT,2009-11-02,0.0,-1.9221424736315385e-05,0.0,-6.407141578771795e-06,-1.7939812035767603e-05
MSFT,2009-11-12,0.0,0.0011910380417248234,0.0,0.00039701268057494116,0.001111624093956034
MSFT,2009-11-23,0.2552756071090698,0.002722029330470832,0.0,0.08599921214651356,0.010614708343627462
MSFT,2009-11-25,0.0,0.003987821546616033,-0.9966422319412231,-0.33088480346486904,-0.031207409717475446
MSFT,2009-12-11,0.0,0.0011332876565575134,0.0,0.0003777625521858378,0.001057724291842371
MSFT,2009-12-18,0.0,1.9321213358125533e-05,0.0,6.440404452708511e-06,1.8032946488911294e-05
MSFT,2009-12-21,0.0,0.001717110664685606,0.0,0.0005723702215618687,0.0016026201164400548
MSFT,2009-12-22,0.0,4.752471340907505e-06,0.0,1.584157113635835e-06,4.435594329288856e-06
MSFT,2009-12-23,0.0,0.00015306561545003206,0.0,5.1021871816677354e-05,0.0001428597727786876
MSFT,2009-12-29,0.0,1.4576020817003155e-05,0.0,4.858673605667718e-06,1.3604145954585304e-05
MSFT,2010-01-04,-0.7443544566631317,0.0005433811156763113,-0.49904903769493103,-0.4142867044141288,-0.04052639778427612
MSFT,2010-01-06,0.37682780623435974,0.0019606803198257694,0.49963095784187317,0.2928064814653529,0.03125930234456041
MSFT,2010-01-07,0.0,0.00010045170347439125,0.0,3.3483901158130415e-05,9.375395964267578e-05
MSFT,2010-01-08,0.0,0.000439227891547489,0.0,0.00014640929718249632,0.00040994180685862373
MSFT,2010-01-11,-0.9516012072563171,0.000705501817719778,-0.9854002594947815,-0.6454319883111262,-0.06397530328016536
MSFT,2010-01-13,0.0,0.00019810795947705628,0.0,6.60359864923521e-05,0.00018489885754994852
MSFT,2010-01-14,0.0,0.003014504283783026,0.0,0.0010048347612610087,0.0028135083464763655
MSFT,2010-01-18,0.0,0.00036513682425720617,0.0,0.00012171227475240205,0.0003407908734603189
MSFT,2010-01-20,0.0,0.00029954497222206555,0.0,9.984832407402185e-05,0.0002795724373664643
MSFT,2010-01-21,0.0,0.00024192883938667364,0.0,8.064294646222454e-05,0.00022579792595518378
MSFT,2010-01-25,0.0,0.005002276773666381,-0.49700504541397095,-0.1640009228801015,-0.012749801011285485
MSFT,2010-01-28,0.0,0.0006358779974107165,0.0,0.00021195933247023882,0.0005934800413348177
MSFT,2010-01-29,-0.4791620075702667,0.00039195075623865705,-0.49888959527015686,-0.3258865506947283,-0.03227430647211269
MSFT,2010-02-01,0.0,0.00041265616198415955,0.0,0.00013755205399471984,0.00038514179918314114
MSFT,2010-02-02,0.0,0.00024408966419287026,0.0,8.136322139762342e-05,0.0002278146784416323
MSFT,2010-02-03,0.0,0.0009515311285213102,0.0,0.00031717704284043674,0.0008880865752516068
MSFT,2010-02-08,0.0,2.5148749045911245e-05,0.0,8.382916348637082e-06,2.3471924532521547e-05
MSFT,2010-02-12,-0.46555083990097046,0.0003818300119746709,-0.49895599484443665,-0.3213750015778108,-0.03185556860217739
MSFT,2010-02-15,0.0,0.00176977866794914,0.0,0.0005899262226497134,0.0016517764465156343
MSFT,2010-02-17,0.0,6.999412562436191e-05,0.0,2.3331375208120637e-05,6.532717660559697e-05
MSFT,2010-03-01,0.0,0.001014145884255413,0.9965633749961853,0.33252584029348026,0.035873101180458694
MSFT,2010-03-04,0.0,0.0005695132749679033,0.0,0.00018983775832263441,0.0005315402839180864
MSFT,2010-03-05,0.0,0.0001667574506427627,0.0,5.55858168809209e-05,0.00015563869101271842
MSFT,2010-03-10,0.448628693819046,0.011093321427324554,0.499264657497406,0.3196622242479255,0.042041182766544956
MSFT,2010-03-11,0.0,0.009208936055074446,0.0,0.003069645351691482,0.008594918823008635
MSFT,2010-03-15,0.0,3.97811527363956e-05,0.0,1.3260384245465199e-05,3.712869427981352e-05
MSFT,2010-03-17,0.4238128860791524,0.005616053103343195,0.3331602215766907,0.25419638691972873,0.030322748235918576
MSFT,2010-03-18,0.0,0.00010779893636936322,0.0,3.593297878978774e-05,0.00010061130653173228
MSFT,2010-03-22,0.0,0.0005281004323478555,0.0,0.00017603347744928519,0.000492888652289811
MSFT,2010-04-01,0.0,9.455043255002238e-05,0.0,3.151681085000746e-05,8.824615999346683e-05
MSFT,2010-04-02,0.0,0.031156249810010195,0.0,0.010385416603336731,0.029078867183092667
MSFT,2010-04-12,0.0,0.00011823672866739798,0.0,3.941224288913266e-05,0.00011035314418589013
MSFT,2010-04-13,0.0,0.0004204884171485901,0.0,0.0001401628057161967,0.0003924518223985294
MSFT,2010-04-14,0.0,0.002551570680225268,0.0,0.0008505235600750893,0.0023814415733234267
MSFT,2010-04-21,0.0,5.4579388233833015e-05,0.0,1.819312941127767e-05,5.0940238789491805e-05
MSFT,2010-04-22,0.0,1.6207732187467627e-05,0.0,5.402577395822543e-06,1.512706123286921e-05
MSFT,2010-04-27,0.0,0.0013658399311680114,0.4978676438331604,0.16641116125477615,0.018723547238407967
MSFT,2010-04-30,0.0,0.0006462512355938088,0.0,0.0002154170785312696,0.0006031616375894722
MSFT,2010-05-03,-0.7213956117630005,0.0010519440984353423,0.0,-0.2401145558881884,-0.021835391366859424
MSFT,2010-05-05,0.0,0.0026807839240063913,0.0,0.0008935946413354637,0.002502039218745104
MSFT,2010-05-07,-0.8993134498596191,0.00023051891912473366,-0.9973909854888916,-0.6321579721431286,-0.06318503319664634
MSFT,2010-05-11,0.0,0.0003413987324165646,-0.028300732374191284,-0.009319777880591573,-0.0006732207436743718
MSFT,2010-05-12,0.0,0.0008222811738960445,0.0,0.0002740937246320148,0.0007674545410973082
MSFT,2010-05-13,0.0,0.00669540194212459,0.0,0.0022318006473748633,0.0062489775043752475
MSFT,2010-05-14,0.761825442314148,0.002325463923625648,0.901787519454956,0.5553128085642433,0.057871335021294136
MSFT,2010-05-17,0.0,0.0004225081168745722,0.0,0.00014083603895819074,0.00039433684648146485
MSFT,2010-05-18,0.0,1.5216101019177586e-06,0.0,5.072033673059195e-07,1.4201548321522862e-06
MSFT,2010-05-24,0.0,-0.0002307725080754608,0.0,-7.692416935848694e-05,-0.00021538546047914034
MSFT,2010-05-27,0.0,0.0001447049692918275,0.0,4.8234989763942496e-05,0.00013505658634441447
MSFT,2010-05-28,0.9277913570404053,0.03180700755910948,0.9995877146720886,0.6530620264238678,0.09406414212576579
MSFT,2010-06-01,0.0,0.00033186693690367974,0.9884359836578369,0.3295892835315802,0.03495147318531012
MSFT,2010-06-03,0.0,-2.4334931367775425e-05,0.0,-8.111643789258475e-06,-2.2712369172946257e-05
MSFT,2010-06-08,0.0,0.00033989697840297595,0.0,0.00011329899280099198,0.00031723391253224664
MSFT,2010-06-09,0.0,-0.0003103546805505175,0.0,-0.00010345156018350583,-0.0002896614015698736
MSFT,2010-06-15,0.0,0.004454002926649991,-0.9860838055610657,-0.3272099342114719,-0.030402270593720918
MSFT,2010-06-16,0.0,0.018511024580220692,0.0,0.006170341526740231,0.017276779315887978
MSFT,2010-06-18,0.0,0.0004392013797769323,0.0,0.0001464004599256441,0.0004099170610960502
MSFT,2010-06-23,0.4733423888683319,0.0010973713751809555,0.49944984912872314,0.3246298697907453,0.03349989123033348
MSFT,2010-07-07,0.0,0.00016689396943547763,0.0,5.563132314515921e-05,0.0001557661004521819
MSFT,2010-07-08,0.3589463531970978,0.001291093783947872,0.0,0.12007914899368188,0.012558209227578596
MSFT,2010-07-12,0.0,0.00015320603415602818,0.0,5.1068678052009396e-05,0.00014299082209980296
MSFT,2010-07-14,0.8922790288925171,0.0011871404494741,-0.9418787956237793,-0.01613754209392937,-0.003679948320119125
MSFT,2010-07-18,0.0,0.000706585036823526,-0.9977424144744873,-0.33234527647922124,-0.03430842398535527
MSFT,2010-07-21,0.0,0.0018525506311561912,0.0,0.0006175168770520637,0.0017290295120013443
MSFT,2010-07-22,0.0,0.0011582771223099069,0.0,0.0003860923741033023,0.0010810475669357337
MSFT,2010-07-23,0.0,0.0071076517924666405,0.0,0.0023692172641555467,0.006633740158274084
MSFT,2010-07-26,0.0,-2.9070240998407826e-05,0.0,-9.690080332802609e-06,-2.713194607060498e-05
MSFT,2010-07-29,0.0,0.005000605044187978,0.0,0.0016668683480626594,0.004667183595562187
MSFT,2010-08-02,0.0,-1.715183498163242e-05,0.0,-5.717278327210806e-06,-1.6008214784289356e-05
MSFT,2010-08-04,0.0,0.003406372416066006,0.0,0.0011354574720220019,0.003179248218290231
MSFT,2010-08-06,0.0,0.029856417910195887,0.0,0.00995213930339863,0.027865703103471876
MSFT,2010-08-09,0.0,0.0035583456010499503,0.0,0.0011861152003499835,0.003321088430338603
MSFT,2010-08-17,0.417003055413564,0.0009578346965402792,0.0,0.1393202967033681,0.014083460386975595
MSFT,2010-08-18,0.0,0.0005406890995800495,0.0,0.0001802296998600165,0.0005046379729556883
MSFT,2010-08-25,0.0,1.4141667634248734e-05,0.0,4.7138892114162445e-06,1.3198754135608e-05
MSFT,2010-08-27,0.0,0.001818139495298965,0.0,0.0006060464984329883,0.001696912717449792
MSFT,2010-08-31,-0.7631638050079346,0.00014859988004900515,0.0,-0.25433840170929517,-0.02399960022834286
MSFT,2010-09-01,0.0,-5.933337342867162e-05,0.0,-1.977779114289054e-05,-5.537724773230045e-05
MSFT,2010-09-02,0.0,0.005397517379606143,0.0,0.0017991724598687142,0.005037630975210352
MSFT,2010-09-03,0.0,0.019409498889217502,0.3552524447441101,0.12488731454444253,0.0305658843568195
MSFT,2010-09-08,0.2994927763938904,0.015041372884297743,0.0,0.1048447164260627,0.02351119951599835
MSFT,2010-09-10,0.0,0.002898935088296639,0.0,0.0009663116960988797,0.0027056448541770604
MSFT,2010-09-14,0.18893951177597046,0.002960818702740653,0.3932959198951721,0.1950654167912944,0.022523264708590365
MSFT,2010-09-17,0.0,2.474909172178741e-05,0.0,8.249697240595802e-06,2.309891475768035e-05
MSFT,2010-09-20,0.0,0.03456724883290008,0.0,0.01152241627763336,0.032262433278900673
MSFT,2010-09-21,0.0,-3.892329345944745e-06,0.0,-1.297443115314915e-06,-3.632803491155618e-06
MSFT,2010-09-22,0.0,0.0006569574397872202,0.0,0.00021898581326240674,0.0006131539819493314
MSFT,2010-09-28,-0.9528939127922058,0.0007594284470542334,-0.9973242282867432,-0.6498195708772982,-0.06438375914678479
MSFT,2010-10-01,0.0,0.0003278943731856998,0.0,0.00010929812439523327,0.0003060316063193948
MSFT,2010-10-04,-0.47208619117736816,0.0002585760194051545,0.0,-0.157275871719321,-0.01469039285604203
MSFT,2010-10-05,-0.8837742805480957,0.0001399531465722248,-0.9943438768386841,-0.6259927347467359,-0.06267127618336624
MSFT,2010-10-06,-0.9656922221183777,0.00017006886082526762,-0.9953945279121399,-0.6536388937232308,-0.0652709929895651
MSFT,2010-10-08,0.0,0.0019167436112184078,0.0,0.0006389145370728025,0.001788942289950717
MSFT,2010-10-11,0.0,0.0050194860668852925,0.0,0.0016731620222950976,0.00468480540349733
MSFT,2010-10-12,0.0,0.00015599417383782566,0.0,5.199805794594189e-05,0.00014559306584793272
MSFT,2010-10-14,0.0,0.007026013183349278,0.0,0.0023420043944497593,0.006557544722877906
MSFT,2010-10-18,0.0,0.00047052740774233826,0.0,0.00015684246924744608,0.00043915441046471634
MSFT,2010-10-19,0.0,0.00023388560839521233,0.0,7.796186946507078e-05,0.0002182909960077476
MSFT,2010-10-20,0.0,0.004603547233273275,0.0,0.001534515744424425,0.004296599747515374
MSFT,2010-10-25,0.0,0.0005948504258412868,0.0,0.00019828347528042892,0.0005551879974177922
MSFT,2010-10-28,0.0,0.0015291490926756524,0.0,0.0005097163642252175,0.0014271911851613862
MSFT,2010-10-29,0.0,0.006777222311711739,0.0,0.002259074103903913,0.006325342438737901
MSFT,2010-11-01,0.0,9.737240907270461e-05,0.0,3.245746969090154e-05,9.087998107309139e-05
MSFT,2010-11-05,0.0,0.00045942742872284725,0.0,0.0001531424762409491,0.00042879451954790576
MSFT,2010-11-22,0.0,0.00017415727415937,0.0,5.805242471979e-05,0.00016254512197748334
MSFT,2010-11-30,0.0,0.0028851326933363453,0.0,0.0009617108977787817,0.0026927629327249407
MSFT,2010-12-01,0.0,0.017832165060099214,0.0,0.005944055020033072,0.016643183486948772
MSFT,2010-12-02,0.0,0.0010661203414201736,0.0,0.00035537344714005786,0.0009950354250510475
MSFT,2010-12-07,0.0,0.018093720675096847,0.49521416425704956,0.17110262831071546,0.0342430783282269
MSFT,2010-12-09,0.0,0.00035327760269865394,0.0,0.00011775920089955132,0.0003297223736431172
MSFT,2010-12-10,0.0,0.00270829520013649,0.0,0.0009027650667121634,0.0025277161391024324
MSFT,2010-12-13,0.936015248298645,0.0008092451316770166,0.9995282888412476,0.6454509274238566,0.06539122584677094
MSFT,2010-12-16,0.0,0.0007641063421033323,0.0,0.0002547021140344441,0.0007131585894761012
MSFT,2010-12-17,-0.8325801491737366,0.0005948504258412868,0.0,-0.2773284329159651,-0.02577869031608819
MSFT,2010-12-21,0.0,0.0014180781217874028,0.0,0.0004726927072624676,0.001323525943224669
MSFT,2010-12-22,0.0,0.04145054151467775,0.0,0.013816847171559251,0.03868677441399122
MSFT,2010-12-23,0.0,0.0007305545441340655,0.0,0.00024351818137802184,0.0006818439270527562
MSFT,2010-12-28,-0.8209068179130554,2.832955215126276e-05,-0.9944376945495605,-0.6051053943034882,-0.060790295029011364
MSFT,2010-12-30,0.0,4.731175340566551e-05,0.0,1.577058446855517e-05,4.415718351474779e-05
MSFT,2011-01-05,0.0,0.00551406697195489,0.0,0.0018380223239849631,0.005146409761928624
MSFT,2011-01-06,0.0,6.703159669996239e-05,0.0,2.234386556665413e-05,6.256217717920149e-05
MSFT,2011-01-07,0.0,-2.0036991372762714e-06,0.0,-6.678997124254238e-07,-1.8700999739656456e-06
MSFT,2011-01-19,0.0,8.662458276376128e-05,0.0,2.887486092125376e-05,8.084877961843365e-05
MSFT,2011-01-21,0.0,0.00027810504980152473,0.0,9.270168326717491e-05,0.00025956205216881546
MSFT,2011-01-24,0.0,0.0005985100087855244,0.0,0.00019950333626184147,0.000558603618898636
MSFT,2011-01-25,0.0,0.0005038919130129216,0.0,0.00016796397100430718,0.0004702942770788836
MSFT,2011-01-26,0.0,0.000957629533331783,0.0,0.0003192098444439277,0.0008937783722764828
MSFT,2011-01-27,0.0,0.0026403249667055206,0.0,0.0008801083222351735,0.002464277891303558
MSFT,2011-01-28,0.0,6.0280581237748265e-05,0.0,2.0093527079249423e-05,5.6261297570146945e-05
MSFT,2011-02-02,0.930526077747345,-0.0003444888861849904,0.9016945958137512,0.610625394891637,0.060712020952240174
MSFT,2011-02-07,0.0,0.0006611866847379133,0.0,0.00022039556157930443,0.0006171012434577158
MSFT,2011-02-11,0.13655851781368256,0.0029910904077041778,0.0,0.04651653607379558,0.00711089787435412
MSFT,2011-02-14,0.0,0.0023766450018835408,0.328631858030955,0.11033616767761285,0.013735745657268678
MSFT,2011-02-23,0.0,-3.2529651434742846e-05,0.9940375089645386,0.3313349931043679,0.03480768996279961
MSFT,2011-02-25,0.5358543992042542,0.0006419492492568679,0.0,0.17883211615117034,0.01754781448065155
MSFT,2011-03-03,0.0,0.0017532433266751468,0.0,0.0005844144422250489,0.0016363436742712458
MSFT,2011-03-07,0.0,0.016341250331606716,0.0,0.005447083443868905,0.01525167694093006
MSFT,2011-03-08,-0.5460187196731567,0.00017587942420504987,0.0,-0.18194761341631724,-0.0171060053139251
MSFT,2011-03-10,0.45485031604766846,0.003474225649370055,0.4997415542602539,0.3193553653190975,0.03514359905282045
MSFT,2011-03-21,-0.2880075176556905,0.0021404701158947623,0.0,-0.09528901584659859,-0.00711170799901071
MSFT,2011-03-22,0.27040135860443115,0.5002612648065679,0.49967560172080994,0.42344607504393633,0.492970428186375
MSFT,2011-03-28,0.0,0.0011358912161085755,-0.9887393712997437,-0.32920116002787836,-0.03359221251831518
MSFT,2011-03-29,0.0,0.0003086554052060819,0.4997943341732025,0.1667009965261362,0.017804376538655013
MSFT,2011-03-31,0.0,0.00012144994889240479,0.0,4.0483316297468264e-05,0.00011335212145242605
MSFT,2011-04-05,0.0,0.01744065884849988,0.0,0.00581355294949996,0.016277780222697817
MSFT,2011-04-06,0.8248618245124817,0.0011419504589866847,0.0,0.2753345916571561,0.027155563062730686
MSFT,2011-04-07,0.8451534509658813,0.00039394838313455693,0.6328328251838684,0.4927934081776281,0.04927814721101809
MSFT,2011-04-12,-0.966590166091919,7.07716098986566e-05,-0.9781526923179626,-0.6482240289333276,-0.06478779583033858
MSFT,2011-04-13,0.47752395272254944,0.0030994205590104684,0.49979743361473083,0.3268069356320969,0.035512892804983945
MSFT,2011-04-15,0.5145067572593689,0.0245897329878062,0.0,0.1796988300823917,0.03922363921994908
MSFT,2011-04-20,0.6399256587028503,0.0004138421136303805,0.0,0.21344650027216025,0.020626611652427088
MSFT,2011-04-22,-0.28002509474754333,0.5002795392138069,0.49964481592178345,0.239966420129349,0.47557685675045885
MSFT,2011-04-25,0.0,-4.617355443770066e-05,0.0,-1.5391184812566887e-05,-4.3094874547495224e-05
MSFT,2011-04-27,0.0,0.00037264852168542956,0.0,0.00012421617389514318,0.00034780172013455996
MSFT,2011-04-28,0.0,6.723981262742502e-05,0.0,2.2413270875808343e-05,6.275651018896201e-05
MSFT,2011-04-29,0.0,0.00010992109537255601,0.0,3.664036512418534e-05,0.00010259196578874105
MSFT,2011-05-04,0.0,0.0011585850093069894,0.0,0.0003861950031023298,0.0010813348459532725
MSFT,2011-05-05,0.0,0.0034334529390207535,0.0,0.0011444843130069178,0.003204523121868099
MSFT,2011-05-10,0.21686305602391562,0.16665296705499108,0.4971522291501363,0.29355608407634765,0.1798240837179464
MSFT,2011-05-11,0.0,0.0011592900555115193,0.4971180856227875,0.166092458559433,0.018504499547105743
MSFT,2011-05-13,0.0,0.014970573247410357,0.0,0.004990191082470119,0.013972391749100003
MSFT,2011-05-16,0.0,0.013516307954887452,0.0,0.004505435984962484,0.012615090963741468
MSFT,2011-05-17,-0.20341114203135172,0.00017654203566053184,0.0,-0.0677448666652304,-0.006268969351802764
MSFT,2011-05-19,0.0,0.012487312778830528,0.0,0.004162437592943509,0.011654705473565308
MSFT,2011-05-20,0.0,0.0309640133054927,0.0,0.010321337768497566,0.028899448615563993
MSFT,2011-06-01,-0.22123629748821258,0.01853886641547433,-0.15872563123703004,-0.12047435410325609,0.004742367360077797
MSFT,2011-06-10,0.0,0.009578291239449754,0.0,0.0031927637464832515,0.008939646690251485
MSFT,2011-06-14,-0.7584686875343323,0.0005911345360800624,0.0,-0.2526258509994174,-0.023438069125010827
MSFT,2011-06-23,0.0,0.011505364091135561,0.0,0.003835121363711854,0.0107382297771864
MSFT,2011-06-29,0.4597071409225464,0.001681679501416511,0.47279202938079834,0.3113936166015871,0.032679690282426295
MSFT,2011-07-01,0.9416634440422058,5.821707964059897e-05,0.9991795420646667,0.6469670677288377,0.06485669911934204
MSFT,2011-07-06,0.0,8.66519840201363e-05,0.8606385588645935,0.28690840361620457,0.030243689580399098
MSFT,2011-07-11,0.5864267349243164,-2.0942625269526616e-05,0.0,0.19546859743301562,0.018528686365377158
MSFT,2011-07-12,0.0,0.017286940943449736,0.0,0.005762313647816579,0.016134312820571282
MSFT,2011-07-13,0.0,6.724975901306607e-05,0.8569363355636597,0.28566786177422426,0.03009582913241596
MSFT,2011-07-18,-0.9742461442947388,0.0019022425913135521,-0.9985790252685547,-0.65697430899066,-0.06403647537383839
MSFT,2011-07-19,-0.9742461442947388,0.0019022425913135521,-0.9985790252685547,-0.65697430899066,-0.06403647537383839
MSFT,2011-07-25,0.0,0.008811760701064486,0.0,0.002937253567021495,0.008224225452552714
MSFT,2011-07-26,0.0,2.1950615519017447e-05,0.0,7.3168718396724825e-06,2.0487029737208707e-05
MSFT,2011-07-27,0.4553253948688507,0.4978029057238018,0.499844491481781,0.48432426402481116,0.4965309327501703
MSFT,2011-08-04,-0.8645158410072327,0.04680839035427198,0.0,-0.27256915021765354,0.016343403326275985
MSFT,2011-08-08,0.0,4.775167599291308e-05,-0.9943373799324036,-0.3314298760854702,-0.03480399246661702
MSFT,2011-08-15,0.3141551613807678,0.008107366622425616,0.6321051915486654,0.31812257318395293,0.039656688875362875
MSFT,2011-08-16,0.0,0.0014223521757230628,0.49806126952171326,0.16649454056581212,0.018783077408288995
MSFT,2011-08-23,-0.7449885010719299,0.0007821253602742217,0.0,-0.24806879190388523,-0.02283344480657071
MSFT,2011-08-24,0.0,0.00011171901132911444,0.0,3.7239670443038143e-05,0.00010427000555684611
MSFT,2011-09-08,0.5463017821311951,0.0042023229179903865,0.927893877029419,0.4927993273595348,0.05372115224627626
MSFT,2011-09-13,0.5422037243843079,0.004271024896297604,0.0,0.1821582497602018,0.02113574122840926
MSFT,2011-09-16,0.0,0.00030629694083472714,0.0,0.00010209898027824238,0.00028587421336428385
MSFT,2011-10-03,0.42531463503837585,-0.0022577653544431087,0.0,0.14101895656131092,0.011345153227477773
MSFT,2011-10-06,-0.7200269103050232,0.03624934208346531,0.0,-0.22792585607385263,0.011058467911461164
MSFT,2011-10-17,0.8617560863494873,0.0012340283137746155,0.9995446801185608,0.6208449315939409,0.06343949951840042
MSFT,2011-10-20,0.0,0.007523424341343343,0.0,0.0025078081137811146,0.007021790657509806
MSFT,2011-10-21,0.0,-4.1511621930112597e-05,0.0,-1.3837207310037533e-05,-3.874378310964832e-05
MSFT,2011-10-26,-0.6418876051902771,0.0004739531159430044,-0.8943559527397156,-0.5119232016046832,-0.05120457550425576
MSFT,2011-10-27,0.8897696733474731,0.00012117275036871433,0.0,0.29663028203261393,0.02825583296939432
MSFT,2011-11-01,0.0,0.0024998700100695714,0.0,0.0008332900033565238,0.002333188042550695
MSFT,2011-11-03,0.0,0.02838622112176381,0.0,0.009462073707254604,0.026493533347238845
MSFT,2011-11-08,0.0,-0.0003807972534559667,0.0,-0.00012693241781865558,-0.00035540711702966804
MSFT,2011-12-01,-0.5752924084663391,0.0006929693336132914,0.0,-0.19153314637757526,-0.01754929761472041
MSFT,2011-12-14,0.0,0.0008287522444637337,0.3331814408302307,0.11133673102489815,0.012450510153921358
MSFT,2011-12-15,0.0,0.0004547473508864641,-0.8675780892372131,-0.2890411139621089,-0.029981598575142834
MSFT,2011-12-16,-0.26847130060195923,-0.0006144637138731923,0.0,-0.08969525477194414,-0.009065037067975413
MSFT,2011-12-29,0.0,-0.0001644724397920072,0.0,-5.4824146597335734e-05,-0.00015350603274262405
MSFT,2012-01-11,-0.45670974254608154,0.0014533216890413314,0.45434829592704773,-0.00030270830999749404,0.002834590017690025
MSFT,2012-01-12,-0.9063770174980164,0.014889978105202317,-0.9902241826057434,-0.6272370739995191,-0.04947525235029974
MSFT,2012-01-18,0.0,0.0005138425403856672,0.0,0.0001712808467952224,0.0004795814622769323
MSFT,2012-01-20,0.0,0.0002597049624455394,0.0,8.65683208151798e-05,0.00024238881890232175
MSFT,2012-02-22,-0.9488468766212463,0.02820725494530052,-0.593712329864502,-0.5047839838468159,-0.02449265225451738
MSFT,2012-02-23,-0.9456842541694641,0.0007245337474159896,0.0,-0.31498657347401604,-0.029235050777904028
MSFT,2012-02-29,0.0,0.047218813066137955,0.0,0.015739604355379317,0.044070440571549956
MSFT,2012-03-02,0.0,0.0012783661077264696,0.0,0.0004261220359088232,0.0011931294104366
MSFT,2012-03-06,0.8071227073669434,0.0018446811354806414,-0.8508637547492981,-0.013965455415624698,-0.002569874075895904
MSFT,2012-03-13,0.0,-0.0006944858287170064,0.0,-0.00023149527623900212,-0.0006481801284725663
MSFT,2012-03-19,0.0,0.010126007429789752,0.0,0.003375335809929917,0.009450843403984296
MSFT,2012-03-20,0.5397292375564575,0.0032260733714792877,0.0,0.1809851036426456,0.02008219715767457
MSFT,2012-03-22,0.0,-0.00014789021224714816,0.0,-4.929673741571605e-05,-0.0001380294461019334
MSFT,2012-03-26,0.6201000809669495,0.014196267467923462,0.0,0.21143211614495763,0.032863008344945384
MSFT,2012-03-29,-0.6160702109336853,-0.000581325963139534,-0.7931198477745056,-0.4699237948904435,-0.047824884319245864
MSFT,2012-03-30,-0.8879272937774658,0.001512862800154835,0.0,-0.295471476992437,-0.0266724757836237
MSFT,2012-04-03,0.0,-6.527769255626481e-05,0.0,-2.175923085208827e-05,-6.0925221896159545e-05
MSFT,2012-04-04,0.0,0.00034378585405647755,0.0,0.00011459528468549252,0.0003208634992949695
MSFT,2012-04-09,0.33026881728853497,-0.00010319202452332579,0.8479042734418597,0.39268996623529046,0.040066357097742734
MSFT,2012-04-10,0.0,-0.009156078333035111,0.0,-0.003052026111011704,-0.008545585062284176
MSFT,2012-04-11,0.0,0.002335958241019398,0.0,0.000778652747006466,0.00218020522921388
MSFT,2012-04-13,0.0,-0.0001972351165022701,0.0,-6.574503883409004e-05,-0.00018408421672397475
MSFT,2012-04-15,0.0,0.0015312235336750746,0.0,0.0005104078445583582,0.0014291272762406314
MSFT,2012-04-18,0.0,0.001710113137960434,0.0,0.000570037712653478,0.0015960891908779428
MSFT,2012-04-19,0.0,0.06351781048579141,0.0,0.021172603495263804,0.05928267901449583
MSFT,2012-04-20,-0.6125392317771912,0.00019785831682384014,0.9486494064331055,0.11210267765757938,0.014057847791788125
MSFT,2012-04-23,0.17136558294296264,0.02169901550951181,0.24455386400222778,0.14587282081823408,0.03424325315199981
MSFT,2012-04-30,0.6444022133946419,0.0009950427495368785,0.49589333683252335,0.3804301976589007,0.03869023230934687
MSFT,2012-05-01,0.0,-0.0009729283628985286,0.0,-0.0003243094542995095,-0.0009080571390574524
MSFT,2012-05-02,0.0,0.00340830534696579,0.0,0.00113610178232193,0.003181052295751356
MSFT,2012-05-03,0.0,0.00012776346557075158,0.0,4.2587821856917195e-05,0.00011924466881572108
MSFT,2012-05-07,0.0,0.0008034719407987723,0.0,0.0002678239802662574,0.0007498994462169188
MSFT,2012-05-09,-0.42179837822914124,0.003828396376775345,-0.4349702298641205,-0.2843134039054955,-0.025012439002439837
MSFT,2012-05-18,-0.6238117814064026,0.006001019384711981,0.9912642240524292,0.12448448734357953,0.020611055884978254
MSFT,2012-05-29,0.0,-9.223286269843811e-06,0.0,-3.0744287566146036e-06,-8.608311618148572e-06
MSFT,2012-05-31,-0.9161891937255859,0.0021778495865873992,0.0,-0.30467044804633286,-0.026945730168734198
MSFT,2012-06-01,0.0,0.0014105851878412068,0.0,0.0004701950626137356,0.0013165325897129937
MSFT,2012-06-05,0.7738387584686279,0.005041131778853014,0.9948548078536987,0.5912448993670599,0.06404763518945322
MSFT,2012-06-07,0.0,0.0008492045526509173,0.9626457691192627,0.3211649912239712,0.03453044654260223
MSFT,2012-06-11,0.0,0.00360185973750049,0.0,0.0012006199125001633,0.003361701251931544
MSFT,2012-06-14,0.04242393374443054,0.0013673147266672458,0.19982895851135254,0.08120673566081678,0.009621393053455022
MSFT,2012-06-15,0.0,0.000846544736608242,0.0,0.000282181578869414,0.0007901003092640964
MSFT,2012-06-17,0.0,0.0009643058874644339,0.0,0.00032143529582147795,0.0009000095780315294
MSFT,2012-06-18,0.06557613611221313,0.0012731940847515943,0.1997351050376892,0.0888614784115513,0.01026254555731839
MSFT,2012-06-19,0.21872242954042223,0.057855882802111104,0.2221049533949958,0.16622775524584305,0.06870040883145319
MSFT,2012-06-20,-0.2983429431915283,-3.527239823597483e-05,-0.4952031672000885,-0.2645271275966176,-0.0268246758697917
MSFT,2012-06-21,0.0,0.007360336137935519,0.0,0.0024534453793118396,0.006869576674100413
MSFT,2012-06-22,0.6389680504798889,0.003646707395091653,0.0,0.2142049192916602,0.02361363314177916
MSFT,2012-06-25,0.46199125051498413,0.0010283446172252297,0.4997413754463196,0.32092032352617633,0.033086656190762634
MSFT,2012-06-26,0.0,0.00011173359052918386,0.0,3.724453017639462e-05,0.00010428361436809677
MSFT,2012-06-27,-0.791004478931427,0.0019684098660945892,0.0,-0.26301202302177745,-0.023181707754128568
MSFT,2012-07-13,0.0,-0.00023216347472043708,-0.697231113910675,-0.23248775912846517,-0.024652555206927565
MSFT,2012-07-20,0.0,0.018904431955888867,0.0,0.0063014773186296225,0.017643955800095906
MSFT,2012-07-31,0.0,0.0014549518236890435,0.0,0.0004849839412296812,0.0013579410785697157
MSFT,2012-08-14,0.0,0.00027826454243040644,0.9970191717147827,0.3324324787524044,0.0352022599527326
MSFT,2012-08-15,0.0,0.002020402516791364,0.0,0.0006734675055971214,0.0018856896923383872
MSFT,2012-08-16,0.33096733689308167,0.0048590483638690785,0.0,0.11194212841898359,0.015003310946575843
MSFT,2012-08-21,0.20229452848434448,0.0010032668287749402,0.0,0.0677659317710398,0.007334795126392959
MSFT,2012-08-23,0.0,0.00653628717312434,0.0,0.002178762391041447,0.006100472071429787
MSFT,2012-08-27,-0.4890854060649872,0.0009945767305907793,0.9993382096290588,0.17041579343155414,0.020482686226899787
MSFT,2012-09-04,0.0,0.0015853599179536104,0.0,0.0005284533059845368,0.001479654048921437
MSFT,2012-09-05,0.0,0.004127929845708422,0.0,0.0013759766152361408,0.0038526949926987086
MSFT,2012-09-06,0.0,0.00031231936009135097,0.0,0.00010410645336378366,0.00029149508702354
MSFT,2012-09-12,0.49591678380966187,0.03063730607209436,0.0,0.1755180299605854,0.044279995865608865
MSFT,2012-09-13,0.0,0.03034083405509591,0.0,0.010113611351698637,0.028317820300520633
MSFT,2012-09-19,0.8091561794281006,0.00241321944486117,0.9651508927345276,0.5922400972024965,0.06167097190600405
MSFT,2012-09-20,0.0,-5.9193174820393324e-05,0.0,-1.973105827346444e-05,-5.524639534508042e-05
MSFT,2012-09-25,0.7201766967773438,0.04311709140893072,0.9993694424629211,0.5875544102163985,0.09804576615344596
MSFT,2012-09-26,0.0,0.06004133028909564,0.0,0.02001377676303188,0.05603799941440607
MSFT,2012-09-27,0.8414478898048401,0.014456117758527398,0.0,0.28530133585445583,0.040106595904913056
MSFT,2012-09-28,0.0,0.00039592746179550886,0.0,0.00013197582059850296,0.000369528499674138
MSFT,2012-10-10,0.0,0.00575227543595247,0.0,0.00191742514531749,0.005368735037063202
MSFT,2012-10-15,0.14362839857737222,0.0006637739067324825,0.0,0.0480973908280349,0.005162373363263275
MSFT,2012-10-16,0.0,-0.002157691022148356,0.0,-0.0007192303407161186,-0.002013824174496297
MSFT,2012-10-18,0.9424700140953064,1.28773353935685e-06,0.9977583885192871,0.6467432301160443,0.06477926961364382
MSFT,2012-10-26,0.0,0.0036716182075906545,0.0,0.0012238727358635515,0.0034268084126310985
MSFT,2012-10-29,0.4043774902820587,-0.001729619485558942,0.0,0.1342159569321666,0.011175858254054725
MSFT,2012-11-02,-0.5144469141960144,0.02142041761544533,0.0,-0.16434216552685635,0.0037206185438325564
MSFT,2012-11-06,0.0,0.0003035578520211857,0.0,0.00010118595067372856,0.00028331773976976156
MSFT,2012-11-13,0.5517866015434265,0.013420783798210323,0.9994115829467773,0.5215396560961381,0.06500492365411098
MSFT,2012-11-14,0.0,0.0005109822618578619,-0.4889961779117584,-0.16282839854996686,-0.01666094608798778
MSFT,2012-11-15,0.593258261680603,0.00022726203314960003,0.0,0.1978285079045842,0.018976417672808516
MSFT,2012-11-26,0.0,0.0010749202483566478,0.0,0.0003583067494522159,0.0010032486278554265
MSFT,2012-11-27,0.0,-0.001174456294393167,0.0,-0.00039148543146438897,-0.0010961479690913738
MSFT,2012-12-05,-0.9639176726341248,0.0018691282457439229,-0.9900377988815308,-0.6506954477566372,-0.06344135553453628
MSFT,2012-12-11,0.0,-0.00011427607387304306,0.0,-3.809202462434769e-05,-0.00010665657273545447
MSFT,2012-12-19,0.0,0.007464317997801118,0.0,0.0024881059992670393,0.006966625263113128
MSFT,2012-12-20,0.0,-0.0018503621104173362,0.0,-0.0006167873701391121,-0.001726986940802134
MSFT,2013-01-03,0.0,5.887324732611887e-06,0.0,1.962441577537296e-06,5.49477994193833e-06
MSFT,2013-01-22,0.0,0.002766283621895127,0.0,0.000922094540631709,0.002581838245629819
MSFT,2013-01-23,0.0,-0.00012179203258710913,0.0,-4.0597344195703045e-05,-0.00011367139883254627
MSFT,2013-01-25,0.4317493736743927,-0.00026959291426464915,0.0,0.14382659358670935,0.013404287588378352
MSFT,2013-01-31,-0.8158702254295349,0.0031113226723391563,0.0,-0.27091963425239857,-0.022901484818037412
MSFT,2013-02-04,0.0,0.007443043519742787,0.0,0.002481014506580929,0.006946769111109653
MSFT,2013-02-06,-0.08879331747690837,0.0017360087040287908,-0.3327061931292216,-0.1399211673007004,-0.012848566712559345
MSFT,2013-02-13,0.0,0.00048031762344180606,0.4985198676586151,0.16633339509401898,0.01791992671373802
MSFT,2013-02-14,0.0,0.00032435901539429324,-0.4987432360649109,-0.1661396256831722,-0.017176731293811778
MSFT,2013-02-18,0.6355193257331848,-0.0013783506874460727,0.0,0.21138032501524626,0.018814546615632557
MSFT,2013-02-28,0.0,-0.00019379052355361637,0.0,-6.459684118453879e-05,-0.00018086929125495834
MSFT,2013-03-06,0.0,0.0005190738083911128,0.0,0.0001730246027970376,0.00048446390173688885
MSFT,2013-03-07,0.0,0.0001228892033395823,0.0,4.096306777986077e-05,0.00011469541434339042
MSFT,2013-03-11,0.0,0.05147666153789032,0.0,0.017158887179296773,0.04804438990951225
MSFT,2013-03-19,0.8059065341949463,-0.0002649707312230021,0.9982535243034363,0.6012983625890532,0.06022871806234179
MSFT,2013-03-20,0.0,0.25893248099600896,0.0,0.08631082699866965,0.24166782266977052
MSFT,2013-03-28,0.0,-0.003858544339891523,0.0,-0.0012861814466305077,-0.0036012710911476746
MSFT,2013-04-05,0.5340961217880249,0.00747490327921696,0.9983828067779541,0.5133179439483987,0.05885990030076577
MSFT,2013-04-08,-0.9589353203773499,9.652249718783423e-05,0.0,-0.3196129326267207,-0.030240309755706674
MSFT,2013-04-09,-0.9192354083061218,-0.0011945998412556946,0.0,-0.3068100027157925,-0.030189666739482295
MSFT,2013-04-22,-0.4661627262830734,0.0037149600389057014,0.0,-0.15414925541472257,-0.01127711332775774
MSFT,2013-04-25,0.0,0.00016710739691916388,0.0,5.570246563972129e-05,0.0001559653024827342
MSFT,2013-04-27,0.0,-0.00019177599097019993,0.0,-6.392533032339998e-05,-0.00017898908865704685
MSFT,2013-05-09,0.16158257722854613,9.158821194432676e-06,0.0,0.05386391201658019,0.005119282351181162
MSFT,2013-05-13,0.0,-0.00013696633686777204,0.0,-4.565544562259068e-05,-0.00012783393387031912
MSFT,2013-05-14,-0.5232774019241333,0.016381534020183608,0.0,-0.16896528930131657,-0.0012615927135450691
MSFT,2013-05-15,-0.404744029045105,0.00010858637688215822,0.47710180282592773,0.024155453385901637,0.004020595307018237
MSFT,2013-05-20,0.0,0.0022971905855229124,0.0,0.0007657301951743042,0.0021440224152242267
MSFT,2013-05-21,0.24965645869572958,0.00043443085936208564,0.0,0.08336362985169722,0.00830190882298801
MSFT,2013-05-22,0.0,0.0001491825605626218,-0.24318860471248627,-0.08101314071730788,-0.008383799820418387
MSFT,2013-05-23,0.0,0.010207700077444315,0.0,0.003402566692481438,0.009527088385232214
MSFT,2013-05-24,-0.7366222739219666,0.002007891103858128,0.0,-0.24487146093936948,-0.021424791019702554
MSFT,2013-05-30,0.7786350846290588,0.0024207585374824703,0.0,0.26035194772218045,0.026886988326032913
MSFT,2013-05-31,0.9364098906517029,0.005096382155898027,-0.9859763383865356,-0.014823355192978246,-0.00018102211192027958
MSFT,2013-06-07,0.4727100729942322,0.0016861252188391518,0.499796599149704,0.32473093245425844,0.03404154205220583
MSFT,2013-06-10,0.14397357404232025,0.00532973096051137,0.0,0.04976776833427721,0.009528139291809193
MSFT,2013-06-12,-0.012732326984405518,0.005333275999873877,0.0029302040735880532,-0.001489615636981196,0.004677654183805002
MSFT,2013-06-13,0.0,0.011754025439586258,0.49874886870384216,0.1701676313811428,0.02844997191210914
MSFT,2013-06-14,0.7532820701599121,0.05536793841747567,0.9990952014923096,0.6025817366898991,0.11051726005169155
MSFT,2013-06-18,0.0,0.0009343523706775159,0.7132422924041748,0.23805888159161745,0.025869068871794597
MSFT,2013-06-19,0.0,0.04005267645698041,0.0,0.013350892152326802,0.03738211218459068
MSFT,2013-06-20,0.0,0.0018165145975217456,-0.008976608514785767,-0.00238669797242134,0.0013807928830740358
MSFT,2013-06-22,-0.8610292077064514,0.0007291170113603584,-0.5464566946029663,-0.4689189284326858,-0.04570487593822397
MSFT,2013-06-24,0.0,2.5392675524926744e-05,0.24896332621574402,0.08299623963042298,0.008749121809141659
MSFT,2013-06-25,-0.1822887659072876,0.0011895291184676655,0.0,-0.06036641226293998,-0.004655439604118388
MSFT,2013-06-26,0.30211877822875977,0.0007352169219908925,0.3277408480644226,0.21019828107172445,0.021728322588095948
MSFT,2013-06-28,0.0,0.0004642384495430936,0.0,0.00015474614984769787,0.00043328477534152095
MSFT,2013-07-01,0.0,0.007994280655111652,0.0,0.0026647602183705508,0.007461251497115677
MSFT,2013-07-02,0.41293126344680786,0.006189605101099005,0.49970585107803345,0.3062755732086468,0.0363508080592623
MSFT,2013-07-03,0.0,0.005787145375506952,-0.9745965600013733,-0.3229364715419554,-0.02875542322267657
MSFT,2013-07-05,0.0,2.4506683985237032e-05,0.8779357671737671,0.29265342461925076,0.030791903470733534
MSFT,2013-07-09,0.0,0.0008620275184512138,0.0,0.00028734250615040463,0.000804550748075214
MSFT,2013-07-11,0.0,0.0005746295501012355,0.6679628491401672,0.2228458262300895,0.023946421497312093
MSFT,2013-07-19,-0.9642369747161865,0.0005000228120479733,-0.9976058006286621,-0.6537809175109336,-0.0649945093031311
MSFT,2013-07-22,0.0,0.009457168183871545,0.0,0.003152389394623848,0.008826599571867178
MSFT,2013-07-26,0.0,0.00021242358828506744,-0.33125845591227215,-0.11034867744132903,-0.011411360801114103
MSFT,2013-07-31,-0.9338540434837341,0.020247304644726682,-0.9983943104743958,-0.6373336831044677,-0.04563054803194128
MSFT,2013-08-13,0.4952195882797241,8.153430038267591e-05,0.0,0.16510037419336893,0.01573951767785398
MSFT,2013-08-14,0.4970385432243347,0.0012237237315275706,0.0,0.16608742231862075,0.01686308237466328
MSFT,2013-08-19,0.928547203540802,0.1687067819875665,0.9993840456008911,0.6988793437097532,0.2218527122911832
MSFT,2013-08-23,0.9150193929672241,0.0008125439053401351,-0.9728292226791382,-0.018999095268857975,-0.004395027909144261
MSFT,2013-08-26,0.0,0.004706820560386404,-0.4984528720378876,-0.16458201715916707,-0.013076299582028559
MSFT,2013-08-27,0.0,0.009778938896488398,0.0,0.003259646298829466,0.009126916102217103
MSFT,2013-09-03,0.13576699495315553,0.0010057435436465311,0.38745253086090087,0.17474175645256765,0.018811947730261565
MSFT,2013-09-04,0.0,0.0013522751978598535,-0.9086172580718994,-0.3024216609580132,-0.03058221496993375
MSFT,2013-09-06,0.27579841017723083,0.008808443380985409,0.4996948838233948,0.261433912460537,0.03445723937747072
MSFT,2013-09-08,0.0,0.047161592068732716,0.0,0.015720530689577572,0.04401703188182633
MSFT,2013-09-09,0.22261621554692587,0.0011537042761725995,0.33062557379404706,0.18479849787238187,0.019705401519473507
MSFT,2013-09-10,0.0,-5.856290204064862e-05,0.0,-1.9520967346882873e-05,-5.465814700886437e-05
MSFT,2013-09-12,0.0,0.00026076990616275,0.7873525023460388,0.26253775741740054,0.027837740221806958
MSFT,2013-09-13,-0.33934348821640015,-7.120623376977164e-05,0.49896717071533203,0.053184158755054035,0.00668767602002472
MSFT,2013-09-15,0.0,0.03071817208547145,0.0,0.01023939069515715,0.02866999916848464
MSFT,2013-09-16,0.0,0.0037271838082233444,0.0,0.0012423946027411148,0.003478669229100611
MSFT,2013-09-17,0.0,0.0007245838023663964,-0.4976230561733246,-0.16563282412365274,-0.016763933032644934
MSFT,2013-09-19,0.0,-0.00020656894776038826,0.0,-6.885631592012942e-05,-0.00019279570302851756
MSFT,2013-09-23,0.0,-7.561504344266723e-05,0.0,-2.5205014480889076e-05,-7.057331222530975e-05
MSFT,2013-09-24,0.0,0.00039564947655890137,0.0,0.00013188315885296711,0.0003692690358716105
MSFT,2013-09-25,0.0,0.0033661030611256137,0.0,0.001122034353708538,0.003141663995538015
MSFT,2013-09-27,0.0,6.174996087793261e-06,0.0,2.0583320292644203e-06,5.763270447237765e-06
MSFT,2013-09-30,-0.970892608165741,0.005612327280687168,-0.9971563816070557,-0.6541455541640365,-0.06041783601179931
MSFT,2013-10-02,0.5953530669212341,-0.00020570948254317045,0.999415397644043,0.5315209183609113,0.05366510179772586
MSFT,2013-10-11,0.5715328454971313,0.0006056904676370323,0.0,0.19071284532158947,0.018642455487343255
MSFT,2013-10-14,-0.9617487192153931,0.00018721458764048293,-0.9976601600646973,-0.6530738882308166,-0.06520966412774301
MSFT,2013-10-22,0.8526936173439026,0.0001460717357986141,0.999134361743927,0.6173246836078761,0.0621230644131806
MSFT,2013-10-24,0.7593673467636108,0.004007190655102022,0.9991967082023621,0.5875237485403583,0.06277708413272999
MSFT,2013-10-25,0.7679122090339661,0.0007972515256066496,0.33333005507787067,0.36734650521248113,0.036714799072276115
MSFT,2013-11-06,0.0,0.0010273350635543466,0.0,0.0003424450211847822,0.0009588362044306651
MSFT,2013-11-07,0.0,0.00025970826391130686,0.0,8.656942130376895e-05,0.00024239188835475952
MSFT,2013-11-08,0.0,0.0017320247716270387,-0.9901268482208252,-0.32946494114973274,-0.03308445376574388
MSFT,2013-11-14,0.0,0.0024487730697728693,-0.993995726108551,-0.33051565101292607,-0.03255108830535935
MSFT,2013-11-18,0.9264683723449707,0.046776799543295056,0.9886266589164734,0.653957276934913,0.10760980727229395
MSFT,2013-11-19,0.21664035320281982,0.0022987318031179407,0.33304097255071,0.1839933525188826,0.02066972432805294
MSFT,2013-11-27,0.0,0.00602556875674054,0.999009370803833,0.33501164652019116,0.04063610579805814
MSFT,2013-12-01,0.0,0.002859958913177252,0.0,0.0009533196377257506,0.0026692675509886955
MSFT,2013-12-02,0.0,-6.974820280447602e-06,0.9991777539253235,0.33305692636834766,0.035011691150342514
MSFT,2013-12-03,0.0,1.9899414837709628e-05,0.0,6.633138279236543e-06,1.8572596293333274e-05
MSFT,2013-12-04,0.9434517621994019,0.0936487281578593,0.9995098114013672,0.6788701005862094,0.15227508642503096
MSFT,2013-12-05,0.0,-0.0009018577547976747,0.0,-0.0003006192515992249,-0.0008417252396719309
MSFT,2013-12-09,0.0,-4.204489232506603e-05,0.0,-1.4014964108355343e-05,-3.9241496180598025e-05
MSFT,2013-12-10,0.0,-0.000121568504255265,0.0,-4.0522834751755e-05,-0.00011346277113831338
MSFT,2013-12-11,0.0,-0.00037157125188969076,0.9979021549224854,0.3325101945568652,0.03462669870350652
MSFT,2013-12-12,0.0,0.008642387667350704,0.20029370983441672,0.06964536583392247,0.015085842618660092
MSFT,2013-12-27,0.0,0.0008366869587916881,0.9820205569267273,0.327619081295173,0.03519779209539794
MSFT,2014-01-13,0.26380494236946106,9.94979272945784e-05,0.0,0.08796814676558522,0.008436813916008569
MSFT,2014-01-14,0.0,5.502766725840047e-05,0.0,1.8342555752800156e-05,5.13586282455618e-05
MSFT,2014-01-16,0.0,0.0005899975658394396,0.0,0.0001966658552798132,0.0005506587351312509
MSFT,2014-01-17,0.0,0.0031121409265324473,0.0,0.0010373803088441491,0.0029046351196744427
MSFT,2014-01-19,0.0,0.002228047280368628,0.0,0.0007426824267895427,0.0020794893779470156
MSFT,2014-01-21,0.0,0.001604822748049628,0.0,0.0005349409160165427,0.00149781912277477
MSFT,2014-01-23,0.957610011100769,0.014813979156315327,0.999627947807312,0.6573506460214654,0.0791486952762767
MSFT,2014-01-24,-0.06588709354400635,0.00039651082443015184,-0.0647251307964325,-0.043405237838669564,-0.003982308645783909
MSFT,2014-02-04,0.46850141882896423,-0.00024201513406296726,0.4996587038040161,0.3226393691663058,0.03210401356976331
MSFT,2014-02-08,0.0,0.016258399962680414,0.0,0.005419466654226805,0.015174350643198577
MSFT,2014-02-12,0.40724995732307434,0.0004482039075810462,0.43933969736099243,0.2823459528638826,0.02869687281989742
MSFT,2014-02-13,-0.6905856132507324,0.01213968891534023,0.0,-0.22614864144513072,-0.010512438781637419
MSFT,2014-02-14,0.0,0.0003333635540911928,0.0,0.00011112118469706427,0.0003111361057234115
MSFT,2014-02-23,0.0,0.13881126361957286,0.0,0.04627042120652428,0.12955584486034125
MSFT,2014-02-24,-0.31212013959884644,0.0016042794418353878,0.30292782187461853,-0.002529346094130839,0.002241905758895919
MSFT,2014-02-26,-0.025687813758850098,0.005833839050865208,0.24894274771213531,0.07636292433471681,0.01335707545090278
MSFT,2014-03-06,0.0,0.007272587230545469,0.0,0.002424195743515156,0.0067876782504014445
MSFT,2014-03-11,0.0,-0.0013318205892574042,0.0,-0.00044394019641913474,-0.0012430198014208378
MSFT,2014-03-13,0.0,0.0457044898357708,0.47998666763305664,0.17523038582294248,0.05947918838352338
MSFT,2014-03-21,0.0,0.0002483456701156683,-0.8131278157234192,-0.2709598233511012,-0.028265918444484946
MSFT,2014-04-02,0.0,0.00010055395978270099,0.0,3.351798659423366e-05,9.38493978828538e-05
MSFT,2014-04-04,0.8170129060745239,8.812417217995971e-05,0.9995625615119934,0.6055545305862324,0.06095543388371489
MSFT,2014-04-08,0.7970021963119507,0.009806683112401515,0.9986587762832642,0.6018225519025387,0.06936139728865558
MSFT,2014-04-21,0.45221659541130066,-0.0040399254467047285,0.49263694882392883,0.3136045395961749,0.027798165452230208
MSFT,2014-04-25,0.0,-0.0004632452597434167,0.19901907444000244,0.06618527639341967,0.0065426673211179615
MSFT,2014-04-28,-0.46202147006988525,-0.4982052372445196,-0.49742889404296875,-0.48588520045245787,-0.4970335704427289
MSFT,2014-04-30,0.0,0.0009302827202191111,0.0,0.00031009424007303704,0.0008682549245410425
MSFT,2014-05-13,0.0,0.004118105745874345,0.0,0.0013727019152914484,0.0038435259678378663
MSFT,2014-05-21,0.7898690104484558,0.0030599499004893005,0.0,0.26430965344964835,0.027838881348737694
MSFT,2014-05-23,0.901994526386261,-0.00010984273740177741,0.9969320297241211,0.6329389044576601,0.06336637853288532
MSFT,2014-06-16,0.0,0.025723889557411894,0.0,0.00857462985247063,0.0240087167446322
MSFT,2014-06-25,0.0,0.0004299774664104916,0.0,0.00014332582213683054,0.00040130817056015754
MSFT,2014-07-01,0.9445576667785645,0.0011902952537639067,0.9973952770233154,0.6477144130185479,0.06594230341429991
MSFT,2014-07-17,0.9371355772018433,-7.114249456208199e-06,0.953062891960144,0.6300637849708437,0.06303625977168449
MSFT,2014-07-22,-0.93844074010849,-0.0002755865571089089,0.0,-0.3129054422218663,-0.02993937994864042
MSFT,2014-07-30,0.655661404132843,0.0008945363952079788,0.0,0.218851980176017,0.02157296470390541
MSFT,2014-07-31,-0.467563271522522,0.007067177230055677,0.0,-0.15349869809748876,-0.0081927069784629
MSFT,2014-08-04,0.47613152861595154,0.002394092734903097,0.9598862528800964,0.4794706247436504,0.050935293487636014
MSFT,2014-08-09,0.0,0.09243354105274193,0.999014139175415,0.36381589340938564,0.1212828859010295
MSFT,2014-08-14,-0.5946350693702698,5.8104866184294224e-05,-0.995800793170929,-0.5301259192250048,-0.053653473864007026
MSFT,2014-08-25,0.0,0.0004261774301994592,0.0,0.00014205914339981973,0.00039776151333984644
MSFT,2014-09-08,0.0,0.0010441787053423468,0.0,0.00034805956844744895,0.0009745567989585108
MSFT,2014-09-10,-0.6860812306404114,0.0015264093526639044,-0.9762949347496033,-0.5536165853457836,-0.05449182099459931
MSFT,2014-09-15,-0.5599286556243896,0.00016813829461170826,0.4977758824825287,-0.020661544949083083,-0.00010763060009290553
MSFT,2014-09-17,0.0,0.0009313867049058899,0.0,0.00031046223496862996,0.0008692853370080734
MSFT,2014-09-18,0.9286795258522034,-0.00015584484208375216,0.9504896402359009,0.6263377737486735,0.06253980269133817
MSFT,2014-09-20,0.0,0.0005561589350691065,-0.9944359064102173,-0.3312932491583827,-0.034332936948323095
MSFT,2014-09-23,0.0,0.0021023442095611244,0.0,0.0007007814031870415,0.001962167843318391
MSFT,2014-09-26,0.0,0.000492890658279066,0.0,0.00016429688609302198,0.00046002655122509393
MSFT,2014-10-01,0.0,0.002350356829992961,0.0,0.0007834522766643204,0.0021936438895789603
MSFT,2014-10-03,-0.911557137966156,0.00031642742396797985,0.9991751313209534,0.029311473592921782,0.006481577704613592
MSFT,2014-10-07,0.0,0.00047187338350340724,0.5503628253936768,0.18361156625906006,0.0197289865834398
MSFT,2014-10-09,0.0,0.002197451416577678,0.0,0.0007324838055258928,0.0020509335828360147
MSFT,2014-10-20,0.0,0.06441835340228863,0.0,0.021472784467429545,0.060123178320296775
MSFT,2014-10-24,0.7836421728134155,-4.923499363940209e-05,0.9895523190498352,0.5910484189565371,0.05942091319400087
MSFT,2014-10-27,0.0,0.005313858186127618,0.0,0.0017712860620425392,0.004959550189771688
MSFT,2014-11-07,0.0,0.0033479456760687754,0.0,0.0011159818920229252,0.003124717141179631
MSFT,2014-11-10,0.7753177285194397,0.009111759762163274,0.0,0.26147649609386764,0.03302693350100707
MSFT,2014-11-14,0.0,7.546575216110796e-05,0.0,2.515525072036932e-05,7.043397809894199e-05
MSFT,2014-11-17,0.0,0.004578637453960255,-0.9872215390205383,-0.32754763385552604,-0.030325820225953537
MSFT,2014-11-20,0.0,0.0019911441710670865,-0.31224900484085083,-0.10341928688992791,-0.00908501444710097
MSFT,2014-12-02,-0.6258825063705444,1.4877015928504989e-05,0.0,-0.2086225431182053,-0.019782303652341782
MSFT,2014-12-03,-0.7955132126808167,0.002635298253153451,-0.9863384366035461,-0.5930721170104031,-0.057270113904390754
MSFT,2014-12-04,-0.15611255168914795,0.0008519851917299093,0.0,-0.05175352216580601,-0.004142543545157886
MSFT,2014-12-08,-0.48664891719818115,0.003243949391617207,-0.4984470009803772,-0.32728398959564703,-0.02983376198697758
MSFT,2014-12-12,0.0,0.0034607505940584815,0.0,0.001153583531352827,0.003230000772286636
MSFT,2014-12-15,0.4517129361629486,0.0007894863538240315,0.0,0.1508341408389242,0.015024183729379761
MSFT,2014-12-17,0.46306854486465454,0.0029577101577160647,0.49883076548576355,0.3216190068360447,0.03488953860645946
MSFT,2014-12-19,0.23316562175750732,0.0017452498796046712,0.3899857997894287,0.20829889047551356,0.022671574208738374
MSFT,2014-12-20,0.0,0.0301233327772934,0.9548471570014954,0.3283234965929296,0.06157936706345204
MSFT,2014-12-30,0.0,6.550757825607434e-05,0.0,2.1835859418691445e-05,6.113977797972468e-05
MSFT,2015-01-07,0.9304919242858887,0.0006184860976645723,0.6415153741836548,0.524208594855736,0.05249120219185517
MSFT,2015-01-12,-0.05037984251976013,6.019721695338376e-05,0.48840421438217163,0.14602818969312162,0.015579818688587588
MSFT,2015-01-23,0.0,0.004159235977567732,0.0,0.0013864119925225775,0.0038819135722299013
MSFT,2015-01-25,0.0,0.001645163218199741,0.0,0.0005483877393999137,0.001535469841275372
MSFT,2015-01-26,0.0,0.39166141054738546,0.0,0.13055380351579515,0.3655468881136656
MSFT,2015-01-27,0.12412506341934204,0.025026863757375395,-0.24912811815738678,-0.033325396993556446,0.01855294967871997
MSFT,2015-02-02,0.0,0.004018757492303848,0.0,0.0013395858307679493,0.0037508017755339437
MSFT,2015-02-03,0.0,-3.4606200642883778e-06,0.0,-1.1535400214294593e-06,-3.229878863414594e-06
MSFT,2015-02-04,0.0,0.00016024518481572159,0.0,5.341506160524053e-05,0.00014956063192000945
MSFT,2015-02-09,0.0,7.695993190282024e-05,0.0,2.5653310634273414e-05,7.182852812928758e-05
MSFT,2015-02-17,0.8815364241600037,6.640028004767373e-05,0.9384825229644775,0.6066951158015096,0.06083531515076139
MSFT,2015-02-18,-0.1611137092113495,0.0009277383542212192,0.0,-0.053395323619042756,-0.004230024106057256
MSFT,2015-02-20,0.0,0.0004596626095008105,0.0,0.0001532208698336035,0.00042901402614215037
MSFT,2015-03-03,0.0,0.0013802827888866886,0.0,0.00046009426296222955,0.0012882507092779442
MSFT,2015-03-04,0.5376148223876953,0.06333200592780486,0.8720987439155579,0.491015190743686,0.10667807445917618
MSFT,2015-03-13,-0.9728509783744812,0.03560390654456569,-0.9984536170959473,-0.6452335629752876,-0.0325333886499734
MSFT,2015-03-18,0.6831023246049881,0.0003753022447199328,0.49950993061065674,0.3943291858201216,0.039462619802817706
MSFT,2015-03-19,0.0,0.011517399034346454,0.0,0.003839133011448818,0.01074946190869816
MSFT,2015-03-27,0.0,0.009403985372046009,0.0,0.003134661790682003,0.008776962451454
MSFT,2015-03-31,-0.9558525681495667,0.039590711472555995,-0.9972672462463379,-0.6378430343077829,-0.02823318268494691
MSFT,2015-04-01,0.5937989354133606,0.001006854057777673,0.8841475248336792,0.4929844381016058,0.05070786484743142
MSFT,2015-04-16,-0.4710386594136556,0.004968516708080036,0.0,-0.15535671423519185,-0.010261361230951822
MSFT,2015-04-17,0.0,0.0006125014333520085,0.0,0.0002041671444506695,0.0005716621017741673
MSFT,2015-04-19,0.0,0.004804030089871958,-0.8864162564277649,-0.293870742112631,-0.026582531355327284
MSFT,2015-04-20,0.26441478729248047,0.04411582721877494,0.49960067868232727,0.2693770977311942,0.06704710134316924
MSFT,2015-04-23,-0.9401571750640869,0.0017799928900785744,0.0,-0.3127923940580028,-0.028075148439214232
MSFT,2015-04-24,-0.8781314492225647,-5.329831037670374e-05,0.0,-0.2927282491776471,-0.02782437594578086
MSFT,2015-04-27,-0.8714917302131653,0.021523584728129208,0.0,-0.2833227151616787,-0.007476148722159842
MSFT,2015-04-29,0.0,0.005710201630184504,0.0,0.0019034005433948347,0.005329466907270965
MSFT,2015-04-30,0.1815817952156067,0.015368957090686308,0.0,0.06565025076876434,0.0200875068940055
MSFT,2015-05-05,0.0,0.3045530039817095,0.0,0.10151766799390316,0.2842465471678707
MSFT,2015-05-06,0.0,0.007094784654327668,0.0,0.0023649282181092226,0.006621730939192945
MSFT,2015-05-08,0.6992853283882141,-6.905964255565777e-05,0.0,0.23307208958188616,0.022053409279142008
MSFT,2015-05-11,0.0,8.411088492721319e-05,0.0,2.8036961642404396e-05,7.850268575073043e-05
MSFT,2015-05-13,0.7241384983062744,0.0018171703268308192,0.9987674951553345,0.5749077212628132,0.059603781936518156
MSFT,2015-05-15,0.4165198504924774,0.0373905827609633,0.0,0.15130347775114691,0.048071724897985696
MSFT,2015-05-20,0.0,0.004292531055398285,0.0,0.0014308436851327617,0.004006321032882661
MSFT,2015-05-21,0.0,0.0412564380094409,0.0,0.013752146003146967,0.038505613918622464
MSFT,2015-05-22,0.0,0.000652882554277312,0.0,0.00021762751809243733,0.000609350794562451
MSFT,2015-05-26,0.0,-0.0003529208406689577,0.0,-0.0001176402802229859,-0.0003293894059618586
MSFT,2015-06-08,0.0,0.0004488901104195975,0.0,0.0001496300368065325,0.0004189598037942093
MSFT,2015-06-15,0.6560432314872742,0.027224726014537737,0.0,0.2277559858339373,0.0461596318527706
MSFT,2015-06-16,0.0,-0.0001139242340286728,0.0,-3.797474467622427e-05,-0.00010632819565120458
MSFT,2015-06-17,0.0,-0.0005936069064773619,0.0,-0.0001978689688257873,-0.000554027418436763
MSFT,2015-06-19,0.8745777308940887,0.008931767437388771,0.4993954598903656,0.46096831940728106,0.05350078303180673
MSFT,2015-06-29,0.0,0.008403316314797848,0.0,0.0028011054382659495,0.007843014453920636
MSFT,2015-06-30,0.0,0.01719327218597755,0.0,0.005731090728659183,0.01604688959979069
MSFT,2015-07-08,-0.4863075613975525,0.00034761788265313953,-0.0005308687686920166,-0.16216360409453046,-0.01507570446293768
MSFT,2015-07-09,0.0,0.0034607129637151957,0.0,0.0011535709879050653,0.0032299655686551373
MSFT,2015-07-10,0.0,0.005801475519547239,0.0,0.001933825173182413,0.005414654914757756
MSFT,2015-07-15,0.7152392864227295,0.004727817315142602,0.0,0.2399890345792907,0.02703505984776427
MSFT,2015-07-18,0.0,0.11012571840547025,0.9995404481887817,0.369888722198084,0.13781386166928167
MSFT,2015-07-19,0.0,0.00261503885849379,0.0,0.00087167961949793,0.002440677767898286
MSFT,2015-07-21,0.0,-0.0002500410288727532,0.0,-8.334700962425106e-05,-0.00023336921933227753
MSFT,2015-07-22,-0.964328408241272,-2.2957978217164055e-05,-0.9936570525169373,-0.6526694729121422,-0.06534711978955211
MSFT,2015-07-31,0.0,0.03688381559913978,0.0,0.01229460519971326,0.034424541233847805
MSFT,2015-08-14,0.0,1.2820513802580535e-05,0.0,4.2735046008601785e-06,1.196568989944436e-05
MSFT,2015-08-20,0.0,0.00546288481564261,0.0,0.0018209616052142035,0.005098640172435815
MSFT,2015-08-31,0.6844218373298645,0.045481240551453084,0.0,0.2433010259604392,0.06409646647701167
MSFT,2015-09-08,0.0,0.0021918043203186244,0.0,0.0007306014401062081,0.002045663034204103
MSFT,2015-09-24,0.8488502502441406,0.0025756797440408263,0.9987586736679077,0.6167282012186964,0.06425594566179768
MSFT,2015-09-29,0.0,0.004952936542395037,0.25560462474823,0.08685252043020834,0.013580873091852368
MSFT,2015-10-20,0.800099790096283,0.82556432527781,0.0,0.541888038458031,0.795825333035894
MSFT,2015-10-22,0.0,-5.4403935791924596e-05,0.0,-1.8134645263974864e-05,-5.0776484860101406e-05
MSFT,2015-10-26,-0.253423273563385,0.0009632901928853244,0.4964889585971832,0.08134299174222785,0.010283933363712017
MSFT,2015-10-27,0.0,0.2366538818605477,0.9937422871589661,0.4101320563398379,0.25570238786959426
MSFT,2015-10-30,-0.9435197114944458,0.0006315783284662757,0.0,-0.3142960443886598,-0.029253345438384523
MSFT,2015-11-06,0.23410268127918243,0.025474120400758693,0.24989692866802216,0.16982457678265442,0.03993823326852911
MSFT,2015-11-09,-0.6845092177391052,0.00013170668898965232,0.0,-0.2281258370167052,-0.021527582133072674
MSFT,2015-11-23,0.0,0.00046010923688299954,0.7567381262779236,0.25239941183826886,0.02695084574992621
MSFT,2015-11-30,0.0,0.016555181558942422,0.0,0.005518393852980807,0.015451343246536037
MSFT,2015-12-01,0.8231528401374817,0.024931329739047214,0.9979020357131958,0.6153287351965749,0.08427819287245447
MSFT,2015-12-08,0.6531288623809814,0.00046805905913060997,0.0,0.21786564048003734,0.021094820926176736
MSFT,2015-12-14,0.0,0.019265618786448613,0.0,0.006421872928816204,0.017981058821523777
MSFT,2015-12-16,0.0,0.000990987740806304,0.0,0.00033032924693543464,0.0009249123987820295
MSFT,2015-12-17,0.0,0.0048928986507235095,0.0,0.0016309662169078365,0.004566658539285792
MSFT,2015-12-21,0.0,0.006725317616655957,0.9994332194328308,0.3353861790164956,0.041304052984879144
MSFT,2015-12-30,-0.04221242666244507,0.0037925133915450715,-0.014787107706069946,-0.01773567365898998,0.0016862517329854709
MSFT,2016-01-04,0.0,0.05361038764385739,-0.41910290718078613,-0.12183083984564291,0.03534754083250565
MSFT,2016-01-05,0.3292189836502075,0.002503904848708771,0.0,0.11057429616630543,0.012749900369060771
MSFT,2016-01-06,0.40593913197517395,0.0347390105453087,0.49946853518486023,0.31338222590178094,0.0627671723278651
MSFT,2016-01-08,0.8593649864196777,0.0007325403785216622,0.0,0.2866991755993998,0.027864759722935152
MSFT,2016-01-21,0.0,9.977747686207294e-05,0.0,3.3259158954024315e-05,9.312468793881241e-05
MSFT,2016-01-25,0.04183030128479004,0.000287430305130935,-0.3312205870946248,-0.09636761850156794,-0.010016968076637928
MSFT,2016-01-26,0.7984800934791565,0.009377570488140918,0.911541759967804,0.5731331413117005,0.06595444954894239
MSFT,2016-01-28,0.0,0.0029350300028454512,0.0,0.000978343334281817,0.0027393332083767525
MSFT,2016-01-29,0.29398730397224426,0.002521036149119027,0.4991334080696106,0.26521391606365796,0.02914467589293386
MSFT,2016-02-04,0.4221412241458893,0.0012643291847780347,0.0,0.14113518444355577,0.014532035021316317
MSFT,2016-02-05,0.5349188645680746,0.006402110603327553,0.33311941226323444,0.2914801291448788,0.03456916147145733
MSFT,2016-02-06,0.0,0.013855396391591057,0.0,0.004618465463863686,0.012931570741689378
MSFT,2016-02-08,0.9348761439323425,0.0013520410284399986,0.9994063377380371,0.6452115075662732,0.06585752708716369
MSFT,2016-03-09,0.0,0.00033858567985589616,0.0,0.00011286189328529872,0.0003160100430717484
MSFT,2016-03-11,0.9461669325828552,0.008739975819480605,0.999504804611206,0.651470571004514,0.07311343243609207
MSFT,2016-03-23,0.0,0.014497875119559467,0.0,0.004832625039853156,0.01353121114690351
MSFT,2016-03-26,0.0,0.0008098045509541407,0.0,0.0002699348503180469,0.0007558097991206826
MSFT,2016-03-28,-0.47772520780563354,0.04122203212318709,-0.965887188911438,-0.46746345486462815,-0.010488050425554507
MSFT,2016-03-30,0.0,0.0028910748224006966,0.0,0.0009636916074668989,0.0026983088085241907
MSFT,2016-03-31,0.0,0.0032322723127435893,0.0,0.0010774241042478632,0.0030167565129341533
MSFT,2016-04-04,0.0,0.023935882782097906,0.0,0.007978627594032636,0.022339927273969346
MSFT,2016-04-07,-0.8856279850006104,0.0007934682562336093,-0.9598409533500671,-0.6148918233648146,-0.060910741686221674
MSFT,2016-04-11,-0.6261225938796997,0.0013911140704294667,0.0,-0.20824382660309007,-0.01850542270873822
MSFT,2016-04-12,0.0,0.0012747907312586904,0.0,0.0004249302437528968,0.0011897924538607104
MSFT,2016-04-13,0.0,0.0010207549203187227,0.0,0.0003402516401062409,0.0009526948005318952
MSFT,2016-04-20,0.0,0.07953558099688962,0.0,0.02651186033229654,0.0742324461347911
MSFT,2016-04-21,0.4618130624294281,0.001666813168412773,0.4992508888244629,0.32091025480743457,0.03365972798958096
MSFT,2016-04-22,-0.9648759961128235,0.0017485094722360373,-0.9974641799926758,-0.6535305555444211,-0.06384451541696122
MSFT,2016-04-25,-0.9014600515365601,0.003863134297716897,0.9976917505264282,0.03336494442919502,0.010059178423501878
MSFT,2016-04-27,0.9045864343643188,0.06846781334024854,0.0,0.32435141590152244,0.09251401571618663
MSFT,2016-05-02,0.5690128207206726,0.0014152929834381212,0.9995430707931519,0.5233237281657542,0.054349374430118
MSFT,2016-05-16,0.0,-5.8883924793917686e-05,0.0,-1.9627974931305896e-05,-5.4957764953570094e-05
MSFT,2016-05-20,0.8586348295211792,-0.0006598361069336534,0.9946126937866211,0.6175292290669555,0.06140033654769235
MSFT,2016-05-27,0.0,-0.00012728630099445581,-0.8444226980209351,-0.2815166614406432,-0.029713296983181585
MSFT,2016-05-31,0.6877759695053101,0.0035248189669800922,0.0,0.23043359615743006,0.025043629178167496
MSFT,2016-06-13,-0.10484221080938975,0.07484718556321468,0.07816347231467564,0.016056149022833522,0.06927997109575768
MSFT,2016-06-14,0.08585818409919739,0.13416407776221603,0.344182288646698,0.18806818350270382,0.1399967128671174
MSFT,2016-06-15,0.25406479835510254,0.001155801692220848,0.9800337255001068,0.4117514418491434,0.043461874787860864
MSFT,2016-06-16,0.0,0.012725036940537393,0.0,0.004241678980179131,0.011876578751455952
MSFT,2016-06-17,0.0,0.0038585771981161088,0.0,0.0012861923993720363,0.00360130173134546
MSFT,2016-06-21,0.6783962845802307,0.005735794082283974,0.9778908491134644,0.554007642591993,0.06108267084322189
MSFT,2016-06-23,0.8930779695510864,0.007288376000360586,0.9726680815219879,0.6243448090244783,0.06913890759326195
MSFT,2016-06-24,0.0,2.727314131334424e-05,0.9994539618492126,0.3331604116635087,0.03505333585009975
MSFT,2016-06-29,0.028048932552337646,0.004802223320439225,0.023261666297912598,0.01870427405689649,0.006184447502658749
MSFT,2016-07-05,0.0,0.17522681265836582,0.0,0.05840893755278861,0.16354333952832362
MSFT,2016-07-06,0.9100338220596313,0.001473672455176711,0.9992924928665161,0.6369333291271081,0.06518131487286913
MSFT,2016-07-15,0.7827451229095459,0.0006132921553216875,0.9994797110557556,0.594279375373541,0.06035881799142754
MSFT,2016-07-18,0.0,0.0014884744014125317,0.0,0.0004961581338041773,0.0013892285233705593
MSFT,2016-07-19,0.7160425186157227,0.04260430848034957,0.9995266497135162,0.5860578256031962,0.09744192176992375
MSFT,2016-07-20,-0.23213443160057068,0.10721913497945934,-0.24899014830589294,-0.12463514830900142,0.0840015680776652
MSFT,2016-07-25,0.0,0.0036202241462888196,0.0,0.0012067413820962731,0.003378841074344069
MSFT,2016-08-01,0.0,0.002338659545785049,0.0,0.0007795531819283497,0.0021827264176870155
MSFT,2016-08-04,0.21884524822235107,0.002949556767513665,0.0,0.07393160166328824,0.009674800517428748
MSFT,2016-08-15,-0.8499142527580261,0.0003828626377071487,-0.4947701394557953,-0.44810050985870475,-0.04386502614517416
MSFT,2016-08-17,-0.5433611869812012,0.025730047607794404,0.8288305401802063,0.1037331336022665,0.03587640106693263
MSFT,2016-08-22,0.0,0.0008016524952836335,0.0,0.00026721749842787784,0.0007482013056098408
MSFT,2016-08-25,0.8867587447166443,0.012911728568724357,0.9994809031486511,0.6330504588113399,0.07512715438881702
MSFT,2016-09-08,0.8256695866584778,0.005325400721631013,0.9990160465240479,0.6100036779680522,0.0660981589543268
MSFT,2016-09-14,0.7925257682800293,0.0005612413951894268,0.0,0.26436233655840624,0.025590808573127635
MSFT,2016-09-20,0.938538670539856,3.28271125908941e-05,0.9996360540390015,0.6460691838971494,0.06475016722914818
MSFT,2016-09-21,0.0,0.0019868116141879,0.5211427807807922,0.1743765307983267,0.02011883898512166
MSFT,2016-09-22,0.0,0.01040289513184689,0.998108983039856,0.3361706260572343,0.04469001303433614
MSFT,2016-09-26,0.0,0.0002697213876672322,0.0,8.990712922241073e-05,0.00025173736598583
MSFT,2016-09-27,-0.1894071102142334,0.005579208598646801,-0.4906198978424072,-0.2248159331526646,-0.01797835991028979
MSFT,2016-09-28,-0.9426825642585754,0.0006586697127204388,0.0,-0.3140079648486183,-0.029201582043934006
MSFT,2016-09-29,-0.9602528810501099,0.015245536662405357,-0.9943335950374603,-0.6464469798083883,-0.05099147756624074
MSFT,2016-10-04,0.0,0.009527218760922551,0.49928784370422363,0.16960502082171539,0.026390529374515928
MSFT,2016-10-06,0.0,0.0006313932135526557,0.0,0.00021046440451755188,0.0005892942860883479
MSFT,2016-10-10,-0.9352529048919678,0.01469327255472308,-0.9962194561958313,-0.6389263628443587,-0.050782281199168
MSFT,2016-10-12,-0.9456421136856079,0.002130150212906301,-0.9960028529167175,-0.6465049387964731,-0.06282875268251688
MSFT,2016-10-14,0.0,0.04849387449212372,0.0,0.016164624830707908,0.045260483253692585
MSFT,2016-10-20,0.0,0.014711890988110099,0.0,0.004903963662703366,0.013730957421252646
MSFT,2016-10-21,0.006924529870351155,0.02452945809515465,-0.033248841762542725,-0.0005982845990123072,0.021947671256259804
MSFT,2016-10-24,0.0,0.0006354253491736017,0.0,0.00021180844972453391,0.0005930575434302414
MSFT,2016-11-03,0.0,0.0015921187659841962,0.0,0.0005307062553280654,0.001485962235457091
MSFT,2016-11-08,0.0,0.000343964304192923,0.0,0.00011465476806430767,0.00032103006462548653
MSFT,2016-11-10,-0.9687278866767883,6.142860820546048e-05,-0.9974387884140015,-0.6553684154941948,-0.06554005051363729
MSFT,2016-11-14,0.8449979424476624,0.0002504639887774829,0.0,0.28174946881214663,0.026960407675008485
MSFT,2016-11-16,0.0,0.0021726629056502134,0.8135985732078552,0.2719237453711685,0.030542001836761076
MSFT,2016-11-18,0.0,0.029027474112808704,0.0,0.009675824704269568,0.027092029851735637
MSFT,2016-11-23,-0.32192426919937134,0.000334649218833268,0.0006220539410909017,-0.10698918867981573,-0.00984808313540669
MSFT,2016-12-05,0.0,0.008679794351337478,0.0,0.002893264783779159,0.008101057942031632
MSFT,2016-12-06,-0.21441749731699625,0.015789313600786652,0.33233433961868286,0.044568718634157754,0.019602005656601747
MSFT,2016-12-08,0.31769124666849774,0.0014417159763979726,0.0,0.10637765421496524,0.011393920492230558
MSFT,2016-12-30,0.0,0.12234535609604791,0.0,0.0407817853653493,0.11418782730572444
MSFT,2017-01-23,0.0,0.05098724222625606,0.0,0.01699574740875202,0.047587604971694404
MSFT,2017-01-27,0.0,0.001522443606518209,0.0,0.0005074812021727363,0.0014209327617838382
MSFT,2017-01-31,0.4717291295528412,0.09082451119320467,0.49975651502609253,0.35410338525737944,0.1172040858033995
MSFT,2017-02-03,0.0,4.991915193386376e-05,0.0,1.663971731128792e-05,4.659072961363163e-05
MSFT,2017-02-06,-0.022887736558914185,0.0004065043176524341,0.43443554639816284,0.13731810471896702,0.014881148887877834
MSFT,2017-02-07,0.5586509108543396,0.005812727264128625,0.9882927536964417,0.5175854639383033,0.057731574954083674
MSFT,2017-02-16,0.0,0.00023324585345108062,0.0,7.774861781702687e-05,0.00021769389243706506
MSFT,2017-03-08,0.8892213702201843,9.371753003506456e-05,0.9174836874008179,0.6022662583836791,0.06036793342721182
MSFT,2017-03-20,0.918000340461731,0.008159972174325958,0.9979520440101624,0.6413707855487397,0.07162679298101829
MSFT,2017-03-22,0.7937631011009216,0.00792287290096283,0.9990887641906738,0.6002582460641861,0.06751581200291697
MSFT,2017-03-23,0.758630096912384,0.009077079346752726,0.9871878623962402,0.5849650128851257,0.06706473912789018
MSFT,2017-03-30,0.0,0.005926809986704029,0.0,0.001975603328901343,0.00553163267071335
MSFT,2017-04-06,0.0,0.008915664089727215,0.0,0.002971888029909072,0.00832120059201329
MSFT,2017-04-20,0.0,0.000892711104825139,0.0,0.00029757036827504635,0.000833188467686678
MSFT,2017-04-24,-0.3251650631427765,0.001583663435667404,0.0018822252750396729,-0.10723305814402313,-0.00874068716561989
MSFT,2017-05-08,0.0,0.09296549693635825,0.0,0.030988498978786083,0.08676690687479302
MSFT,2017-05-15,0.0,0.00021461021606228314,0.0,7.153673868742771e-05,0.00020030081303512782
MSFT,2017-05-16,0.8919144868850708,-0.00012035240069963038,0.9141713380813599,0.6019884908552436,0.060137230149980174
MSFT,2017-05-19,0.5269467234611511,-1.8250866560265422e-05,0.0,0.17564282419819696,0.016649891021612382
MSFT,2017-06-07,0.8790110349655151,0.0004332195094320923,0.9987279772758484,0.6260574105835985,0.0632092236352968
MSFT,2017-06-09,0.0,0.002130739427229855,0.0,0.000710246475743285,0.0019886696586458997
MSFT,2017-06-12,0.0,0.0007625837588420836,0.0,0.0002541945862806945,0.0007117375144872999
MSFT,2017-06-14,0.0,0.007193978148279712,0.9995624423027039,0.3355854734836612,0.04174599350171246
MSFT,2017-06-15,0.0,0.0019059093210671563,0.0,0.0006353031070223855,0.0017788303727622643
MSFT,2017-06-22,0.0,-1.347600482404232e-05,0.0,-4.492001608014107e-06,-1.2577475231565997e-05
MSFT,2017-06-26,0.9249675273895264,0.006172208464704454,0.0,0.3103799119514103,0.0350166897792348
MSFT,2017-07-05,0.9293465614318848,0.0012354282662272453,0.8842257261276245,0.6049359052752455,0.06153705613925892
MSFT,2017-07-11,0.8092919588088989,0.0008357035694643855,0.0,0.2700425541261211,0.02637727250608676
MSFT,2017-07-15,-0.9215671420097351,0.007039245800115168,-0.5946258306503296,-0.5030512422866499,-0.04341843655837384
MSFT,2017-07-18,0.5598773956298828,0.0014582137373508886,0.0,0.1871118697890779,0.019069482700636516
MSFT,2017-07-21,0.4205649197101593,0.11665478412760422,0.49750640988349915,0.3449087045737542,0.13961494435087882
MSFT,2017-08-01,-0.9104992151260376,0.004463902674615383,-0.7762340307235718,-0.560756447724998,-0.05183682109189421
MSFT,2017-08-02,0.0,0.0005253688432276249,0.0,0.00017512294774254164,0.0004903392139889293
MSFT,2017-08-16,0.0,0.00011328441178193316,0.0,3.776147059397772e-05,0.00010573103096310622
MSFT,2017-08-22,0.4427107572555542,0.0017245966264454182,0.4949552118778229,0.3131301885866075,0.03295891656428361
MSFT,2017-08-28,0.0,0.02063543876283802,0.0,0.006878479587612674,0.019259545195147724
MSFT,2017-09-19,0.0,0.004019879619590938,0.0,0.0013399598731969793,0.003751849192224214
MSFT,2017-09-20,0.9279211759567261,0.0028732040082104504,0.9994791150093079,0.6434244983247481,0.06705983482234479
MSFT,2017-09-26,0.8620065450668335,-0.0002622309257276356,0.0,0.28724810471370193,0.027019866536816567
MSFT,2017-09-28,0.0,3.684821422211826e-05,0.0,1.228273807403942e-05,3.4391313134534005e-05
MSFT,2017-10-03,0.4764934480190277,0.003621802527050022,0.4998210072517395,0.3266454192659391,0.035968676299499965
MSFT,2017-10-05,-0.4853441119194031,-0.00025025774084497243,0.49948370456695557,0.004629778302235839,0.0019207770459420258
MSFT,2017-10-18,-0.5509948134422302,0.04231882025487721,0.0,-0.16955866439578435,0.02206961244681215
MSFT,2017-11-15,0.0,0.003785599546972662,0.0,0.0012618665156575541,0.0035331898755055816
MSFT,2017-12-07,0.0,0.0006579357432201505,0.0,0.00021931191440671682,0.0006140670489780333
MSFT,2017-12-12,0.95372474193573,0.00023782285643392242,0.9996534585952759,0.6512053411291466,0.06542242851229207
MSFT,2017-12-13,0.0,0.006596070539671928,0.9686004519462585,0.32506550749531016,0.04010282704981392
MSFT,2017-12-21,0.9434874057769775,0.006306499224592699,0.9993698000907898,0.6497212350307867,0.07075272770261927
MSFT,2017-12-26,0.9467329978942871,0.0046505911741405725,0.9996618032455444,0.6503484641046574,0.0693201186281174
MSFT,2018-01-02,-0.9016091823577881,0.0002342053921893239,0.0,-0.3004583256551996,-0.028298624797596986
MSFT,2018-01-08,0.8602873086929321,0.025578066386515275,0.9992886781692505,0.6283846844162326,0.0861049401207465
MSFT,2018-01-24,0.5244569778442383,0.007023705540632363,0.9994402527809143,0.5103069787219283,0.05817096815878723
MSFT,2018-01-29,0.0004350394010543823,0.006685904818368726,0.49972623586654663,0.1689490600286566,0.02376778802163043
MSFT,2018-01-30,0.0,0.00016035567387007177,0.0,5.345189129002392e-05,0.00014966375737292985
MSFT,2018-02-01,0.08086007833480835,0.0009606845505913952,-0.49596357345581055,-0.13804760352347026,-0.013927871759533502
MSFT,2018-02-14,-0.6902868151664734,0.0025201241369359195,-0.9943572878837585,-0.5607079929710986,-0.05433041435230761
MSFT,2018-02-25,0.0,0.00413520115398569,0.0,0.0013784003846618968,0.0038594814705487372
MSFT,2018-03-08,0.0,0.0015834981822990812,0.0,0.0005278327274330271,0.0014779164672086983
MSFT,2018-03-13,0.0,0.0025828041980275884,0.0,0.0008609347326758628,0.0024105925705743964
MSFT,2018-03-14,0.8693360686302185,0.008852164872223511,0.9816848635673523,0.6199576990232648,0.07016350335307302
MSFT,2018-03-16,-0.8048647046089172,0.008477385375954327,0.9994075298309326,0.06767340353265656,0.017481138866911394
MSFT,2018-03-19,0.44446733593940735,0.0015864021188463084,0.4998188018798828,0.3152908466460455,0.03305594990379703
MSFT,2018-03-20,0.0,0.00909505458548665,0.0,0.0030316848618288836,0.008488629932646612
MSFT,2018-03-27,0.8490063548088074,0.015925832005450502,0.5419102907180786,0.46894749251077883,0.060709723730186314
MSFT,2018-04-11,0.9233786463737488,0.000574094126932323,0.9995001554489136,0.6411509653165316,0.0647710816831482
MSFT,2018-04-19,-0.798709511756897,0.010057984050945379,0.9512959122657776,0.05421479485327533,0.017464864561059147
MSFT,2018-04-22,0.0,0.006215366171090864,0.0,0.0020717887236969545,0.0058009487093204195
MSFT,2018-04-24,0.0,0.006926295725861564,0.0,0.002308765241953855,0.0064644763172882185
MSFT,2018-04-27,0.6527090668678284,0.00033704562520142645,0.0,0.2176820374976766,0.0209592651729149
MSFT,2018-04-29,0.0,0.0015309054870158434,0.0,0.0005103018290052811,0.0014288304357429325
MSFT,2018-05-07,0.0,0.03195227519609034,0.0,0.01065075839869678,0.029821818529848894
MSFT,2018-05-08,0.0,0.0008023594855330884,0.0,0.0002674531618443628,0.0007488611563940742
MSFT,2018-05-09,0.7151198089122772,0.004017147035483504,0.49975520372390747,0.40629738655722275,0.04388292642821252
MSFT,2018-05-14,0.0,0.0001176355654024519,0.9586249589920044,0.31958086485246895,0.03370673843999751
MSFT,2018-05-16,0.0,0.00366290265628777,0.0,0.0012209675520959233,0.0034186739833848567
MSFT,2018-05-22,0.0,0.0028529497794806957,0.0,0.0009509832598268986,0.0026627257601082193
MSFT,2018-05-23,0.0,0.0018384840223006904,-0.891282856464386,-0.2964814574806951,-0.02952090564273229
MSFT,2018-05-30,0.0,0.0013308289271662943,0.8819686770439148,0.294433168657027,0.0321524664512876
MSFT,2018-06-06,0.0,-2.4754510832281085e-06,0.0,-8.251503610760361e-07,-2.3103972648264002e-06
MSFT,2018-06-08,0.0,0.06861954845953733,0.0,0.022873182819845777,0.06404425441142442
MSFT,2018-06-21,0.0,0.0020442231761990115,0.0,0.0006814077253996705,0.0019079220894680248
MSFT,2018-07-03,0.0,-3.0556905016965175e-05,0.0,-1.0185635005655058e-05,-2.8519484575193938e-05
MSFT,2018-07-11,0.34982746839523315,0.055227389553692774,0.0,0.1350182859829753,0.06260980943011306
MSFT,2018-07-16,0.0,0.0003613578446675092,0.0,0.00012045261488916974,0.0003372638553029503
MSFT,2018-07-17,0.44535183906555176,0.003223235748009756,0.9889096021652222,0.4791615589929279,0.051752795946047044
MSFT,2018-07-24,0.0,0.0003815453364950372,0.9987384676933289,0.33304000434327463,0.03535891056552202
MSFT,2018-07-25,0.0,0.0002318921142432373,0.9991422891616821,0.3331247270919751,0.035233388400371844
MSFT,2018-07-31,0.0,0.0061131258407840505,0.0,0.0020377086135946834,0.0057055255719349295
MSFT,2018-08-03,0.4673145016034444,0.381362957739384,0.33317049344380695,0.3939493175955451,0.3823925262989579
MSFT,2018-08-13,0.898866593837738,0.00043405181713751517,0.9993107318878174,0.6328704591808977,0.06385844052242237
MSFT,2018-08-19,0.0,0.0008671173418406397,0.0,0.0002890391139468799,0.0008093011739170504
MSFT,2018-08-23,0.0,0.12523082926054485,0.0,0.04174360975351495,0.11688091033072838
MSFT,2018-08-25,0.0,0.0012802933051716536,0.0,0.0004267644350572179,0.001194928163891727
MSFT,2018-08-29,0.0,0.00019464720026007853,0.9991170763969421,0.3331039078657341,0.03519774320570798
MSFT,2018-08-30,0.0,0.0004297374853194924,0.8610032796859741,0.28714433905709785,0.030576681812983723
MSFT,2018-09-05,0.0,0.028625445120269433,0.0,0.00954181504008981,0.026716807816585687
MSFT,2018-09-13,0.0,0.00022196825921128038,0.99764084815979,0.33262093880633375,0.035171505202466556
MSFT,2018-09-14,0.0,0.000624793057795614,0.998955249786377,0.3331933476147242,0.035593537002934356
MSFT,2018-09-20,0.0,5.9385378335719e-05,0.9988247752189636,0.33296138686576643,0.035061255846306316
MSFT,2018-09-25,0.47659701108932495,0.4997388828704743,0.4998604953289032,0.49206546309623417,0.49901117508347864
MSFT,2018-09-28,0.0,0.2805120975826867,0.0,0.09350403252756223,0.26180859733775047
MSFT,2018-10-09,0.0,6.678425052086823e-05,0.0,2.226141684028941e-05,6.233132990891464e-05
MSFT,2018-10-10,0.721251368522644,0.0024148693919414654,0.9995033740997314,0.574389870671439,0.060096101315935735
MSFT,2018-10-16,0.0,0.0005589695647358894,0.624591052532196,0.20838334069897732,0.02241175354375359
MSFT,2018-10-23,0.0,0.36589105214807205,0.0,0.12196368404935735,0.3414947935412232
MSFT,2018-11-27,0.0,0.002658425466506742,0.0,0.000886141822168914,0.0024811715056019595
MSFT,2018-12-11,0.8478621244430542,0.015159225469687954,0.9988541603088379,0.62062517007386,0.07597256018665408
MSFT,2018-12-12,-0.6945115923881531,0.00019311224332341226,-0.9827944040298462,-0.5590376280582253,-0.056230651752790815
MSFT,2018-12-13,0.0,0.00197417337767547,0.0,0.00065805779255849,0.001842542861196641
MSFT,2018-12-19,0.910125732421875,4.9285401473753154e-05,0.998432457447052,0.6362024917568002,0.06382466599777775
MSFT,2018-12-20,0.0,0.002137484902050346,0.0,0.0007124949673501154,0.001994965458718619
MSFT,2019-01-02,0.63274085521698,0.0049631839647190645,0.0,0.21256801306056636,0.024645370341029295
MSFT,2019-01-07,0.8172935843467712,0.0025886950897984207,0.9994984865188599,0.6064602553184765,0.06329590814397411
MSFT,2019-01-08,0.0,0.0007468138392141555,0.0,0.0002489379464047185,0.0006970190825987392
MSFT,2019-01-14,0.0,0.025167833868181333,-0.9822795987129211,-0.3190372549482466,-0.010936233976561313
MSFT,2019-01-15,0.821941614151001,0.013812833291012794,0.9614094495773315,0.5990546323397817,0.0725837693893593
MSFT,2019-01-30,0.0,0.0038014915480744094,0.0,0.0012671638493581365,0.0035480223389103703
MSFT,2019-02-02,0.0,-4.2613071855157614e-05,0.0,-1.4204357285052538e-05,-3.977179162499117e-05
MSFT,2019-02-03,0.0,0.004003771689895075,0.0,0.0013345905632983583,0.003736815068510593
MSFT,2019-02-04,0.0,0.003074704116443172,0.0,0.001024901372147724,0.002869694428880139
MSFT,2019-02-08,-0.9546284079551697,0.004012566692836117,-0.9963405728340149,-0.6489854713654495,-0.06136791470139132
MSFT,2019-02-09,0.0,1.0532919986872002e-05,0.0,3.510973328957334e-06,9.830624282250036e-06
MSFT,2019-02-11,-0.8944306969642639,0.0011505960646900348,0.0,-0.2977600336331913,-0.027216285574847898
MSFT,2019-02-13,0.0,6.149113869469147e-05,0.997811496257782,0.3326243291321589,0.03502770879965401
MSFT,2019-02-14,0.0,0.02590664802119136,0.0,0.00863554934039712,0.02417929007378727
MSFT,2019-02-22,0.7967450022697449,0.0005871686225873418,0.9848682284355164,0.5940667997759496,0.06026515293451932
MSFT,2019-02-25,0.0,0.0006142494239611551,0.9978950023651123,0.3328364172630245,0.035546537882087725
MSFT,2019-02-26,0.0,0.0021563582122325897,0.0,0.0007187860707441965,0.0020125803128500093
MSFT,2019-03-01,0.46886005997657776,0.5115372640818805,0.4995943009853363,0.49333054168126483,0.5097688417133833
MSFT,2019-03-05,0.0,0.029292121820617467,0.0,0.00976404060687249,0.027339032437938074
MSFT,2019-03-13,0.0,0.1394062000908889,0.0,0.04646873336362963,0.1301111199976123
MSFT,2019-03-19,0.0,0.079871617956087,0.0,0.026623872652028997,0.07454607659165129
MSFT,2019-03-22,0.0,0.0021799538371851668,0.0,0.0007266512790617222,0.002034602574722491
MSFT,2019-03-26,0.0,0.0008806945770629682,0.0,0.0002935648590209894,0.0008219731774183815
MSFT,2019-04-03,0.0,0.10575858957599849,0.0,0.035252863191999495,0.09870700514662921
MSFT,2019-04-10,-0.7046399712562561,0.003637086832895875,0.0,-0.23366762814112008,-0.018892648085603203
MSFT,2019-04-14,0.0,0.0014185811596689746,0.0,0.00047286038655632484,0.0013239954336311689
MSFT,2019-04-23,0.0,0.005674838817261237,0.0,0.001891612939087079,0.005296461981596355
MSFT,2019-04-25,-0.8586656451225281,0.0036067810651729815,0.9994839429855347,0.04814169297605986,0.01123628363053283
MSFT,2019-04-28,0.0,0.010808002276462503,0.0,0.003602667425487501,0.010087365045852507
MSFT,2019-05-02,0.0,0.043178634135983884,0.0,0.014392878045327961,0.04029964313332474
MSFT,2019-05-09,0.0,0.4612130039604381,0.0,0.15373766798681268,0.43046103555935417
MSFT,2019-05-15,0.2057393491268158,0.0010717588274928858,-0.47348274290561676,-0.08889054498376936,-0.009086480359895673
MSFT,2019-05-16,-0.4843282997608185,0.0018871056417992804,-0.4988888204097748,-0.32711000484293135,-0.031042221657954013
MSFT,2019-06-04,0.0,0.0315145495114848,0.0,0.0105048498371616,0.029413275605566315
MSFT,2019-06-05,0.26649542649586994,0.001255729158098499,0.319741169611613,0.19583077508852717,0.020807024461579903
MSFT,2019-06-07,-0.7313594222068787,0.005628552986308932,0.0,-0.2419102897401899,-0.017879081186057362
MSFT,2019-06-10,0.0,0.0016762041195761412,0.0,0.0005587347065253804,0.0015644411261606047
MSFT,2019-06-26,0.4720710515975952,0.0035333396517671645,0.0,0.1585347970831208,0.01822899885660637
MSFT,2019-06-29,0.0,0.0004896981372439768,0.0,0.00016323271241465895,0.00045704690064359764
MSFT,2019-07-09,0.0,-7.364895282080397e-05,0.0,-2.454965094026799e-05,-6.873831614261564e-05
MSFT,2019-07-10,0.0,0.005734494683565572,0.0,0.0019114982278551906,0.005352140219019805
MSFT,2019-07-19,0.9402554631233215,0.5998700824294332,0.9995943903923035,0.8465733119816861,0.6246453618781119
MSFT,2019-08-05,0.8960004448890686,-0.0008243594493251294,0.9863276481628418,0.6271679112008618,0.062138262893635686
MSFT,2019-08-14,0.0,0.00047518063820461975,0.0,0.00015839354606820658,0.0004434973597046144
MSFT,2019-08-17,-0.9249607920646667,0.008758940966799855,-0.46333950757980347,-0.45984711955922347,-0.0373195487646198
MSFT,2019-08-22,-0.9070206880569458,0.0015102844190550968,0.0,-0.30183680121263023,-0.027278791806340213
MSFT,2019-08-31,0.0,0.001818670192733407,0.0,0.0006062233975778023,0.0016974080673139976
MSFT,2019-09-06,0.0,0.001111368284909986,0.0,0.0003704560949699953,0.0010372664185079091
MSFT,2019-09-12,-0.9048351049423218,0.0018832123605534434,-0.7293355464935303,-0.5440958130250996,-0.05242263709257671
MSFT,2019-09-17,0.9361234903335571,0.9999981616206242,0.9996340274810791,0.9785852264784202,0.9979650836831904
MSFT,2019-09-19,0.851116418838501,0.501125683663588,0.49976879358291626,0.6173369653616684,0.5121480790884743
MSFT,2019-09-20,0.0,0.004141878132941201,0.0,0.0013806260443137337,0.003865713382549478
MSFT,2019-09-25,0.0,0.022970695019466802,0.0,0.007656898339822267,0.0214390950283579
MSFT,2019-10-01,0.0,0.0018652793660294265,0.0,0.0006217597886764755,0.0017409095424471381
MSFT,2019-10-02,0.1855270117521286,0.1168822623531014,0.0,0.10080309136841,0.11495707102101561
MSFT,2019-10-07,0.0,0.004344674052845221,0.0,0.0014482246842817403,0.0040549872284468495
MSFT,2019-10-08,0.0013306736946105957,0.3713616972636373,0.9816051721572876,0.4514325143718452,0.3810451160068015
MSFT,2019-10-14,0.43692779541015625,0.0036294392812123988,0.4996797740459442,0.313412336245771,0.03471942257805827
MSFT,2019-10-21,0.0,0.00240280383877689,0.0,0.0008009346129256301,0.0022425938872588113
MSFT,2019-10-24,-0.9526574611663818,8.856797649059445e-05,-0.9935674071311951,-0.6487121001070287,-0.06487074496539784
MSFT,2019-10-29,-0.048154860734939575,0.011220111460715998,-0.4470122754573822,-0.16131567491053525,-0.006717552604528884
MSFT,2019-11-01,0.0,0.02265931441797875,0.0,0.007553104805992916,0.02114847644656677
MSFT,2019-11-04,0.0,0.00014850133447907865,0.0,4.950044482635955e-05,0.00013859982098944103
MSFT,2019-11-05,0.26594072580337524,0.0028844821208622307,0.33267758289972943,0.20050093027465565,0.022763015859760653
MSFT,2019-11-07,0.0,8.672240073792636e-05,0.0,2.890746691264212e-05,8.094007545598546e-05
MSFT,2019-11-12,0.9275170564651489,0.9999253107312143,0.9996585845947266,0.9757003172636965,0.9976257489790604
MSFT,2019-11-14,0.9213888645172119,0.9999996171298591,0.9994890689849854,0.9736258502106855,0.9974953490477164
MSFT,2019-11-16,0.0,0.000789705925853923,0.0,0.00026323530861797434,0.0007370512615783188
MSFT,2019-11-18,0.0,0.001222483959281817,0.0,0.000407494653093939,0.0011409732746139594
MSFT,2019-12-21,0.0,0.001024545003019739,0.0,0.00034151500100657967,0.0009562322222315972
MSFT,2020-01-14,-0.9364220499992371,0.0029042495880275965,0.0,-0.3111726001370698,-0.02690771374669737
MSFT,2020-01-17,0.0,0.00834116957958031,0.0,0.002780389859860103,0.007785011907592803
MSFT,2020-01-18,0.0,0.01637876540189609,0.0,0.005459588467298697,0.015286691081276503
MSFT,2020-01-23,-0.9234861135482788,0.009830463633988984,0.0,-0.3045518833047633,-0.02003415985045759
MSFT,2020-01-27,-0.37318769097328186,0.07574179342191201,0.49820640683174133,0.06692016976012383,0.07634861651732447
MSFT,2020-01-29,0.0,0.00014513873156829504,0.0,4.837957718943168e-05,0.0001354614281066496
MSFT,2020-01-30,0.8825511336326599,0.003200985098374076,0.999441921710968,0.6283980134806674,0.0659294371581732
MSFT,2020-01-31,0.0,0.003158171515678987,0.0,0.0010527238385596622,0.002947596371178535
MSFT,2020-02-05,0.6185662150382996,0.004393628842080943,0.0,0.20765328129346017,0.023665458046869564
MSFT,2020-02-10,0.6674869060516357,0.011009672773070633,0.0,0.22616552627490213,0.03138769318222488
MSFT,2020-02-11,0.9124363660812378,0.0044841953058494255,0.9499625563621521,0.6222943725830797,0.0663382307427715
MSFT,2020-02-12,0.0,-6.254726031329483e-05,0.0,-2.0849086771098275e-05,-5.837684296381831e-05
MSFT,2020-02-13,0.0,0.0006676992634311318,0.0,0.0002225664211437106,0.0006231795741833839
MSFT,2020-02-14,-0.8591583371162415,0.001748404945828952,0.0,-0.2858033107234708,-0.0255426983985715
MSFT,2020-02-27,-0.15238199631373087,0.0024975224349266987,-0.33218340078989667,-0.1606892915562336,-0.014130767464072195
MSFT,2020-03-02,0.6452382206916809,0.010639660758897662,-0.6767483949661255,-0.006956837838515639,0.0066206301689029304
MSFT,2020-03-04,0.0,0.001601363328518346,0.0,0.000533787776172782,0.0014945903847697836
MSFT,2020-03-06,0.0,0.027182739257114008,0.0,0.00906091308570467,0.025370295857749664
MSFT,2020-03-10,0.0,0.040508241043426096,0.0,0.013502747014475366,0.03780730251505753
MSFT,2020-03-11,0.6619262099266052,0.0007514783064834774,0.0,0.2208925627443629,0.021637596260184813
MSFT,2020-03-16,0.0,0.00019712495122803375,0.0,6.570831707601125e-05,0.0001839814036489573
MSFT,2020-03-20,0.14162799715995789,0.014946740126106306,0.9711371660232544,0.37590396776977286,0.052465195397111364
MSFT,2020-03-25,0.0,0.00447770790924551,0.0,0.0014925693030818366,0.00417915130596826
MSFT,2020-03-27,0.0,0.003627624042565003,-0.9918769598007202,-0.3294164452527184,-0.03137658212860402
MSFT,2020-03-31,0.35849472880363464,0.00020838338969042525,0.0062043070793151855,0.12163580642421341,0.01175084786233211
MSFT,2020-04-02,0.0,0.015087450650753453,0.0,0.0050291502169178175,0.014081476068570666
MSFT,2020-04-04,0.0,0.0046481384633807465,0.0,0.0015493794877935823,0.004338217828363334
MSFT,2020-04-07,0.3675149083137512,0.006884805737172428,0.0,0.12479990468364122,0.018049970417904383
MSFT,2020-04-19,0.0,0.0059555681655183434,0.0,0.0019851893885061145,0.005558473049361075
MSFT,2020-04-27,0.0,0.00532846839632839,0.9965474009513855,0.33395862311590463,0.03989920105149471
MSFT,2020-04-30,0.0,0.0009020259894896299,0.0,0.0003006753298298766,0.0008418822435222878
MSFT,2020-05-02,0.7099738121032715,0.0007726131734671071,-0.98633873462677,-0.09186410311667714,-0.011391200457255715
MSFT,2020-05-03,0.0,0.00662962174101267,0.0,0.00220987391367089,0.006187583240266971
MSFT,2020-05-04,0.8333702087402344,0.00030138136207824573,0.8061424195766449,0.5466046698929858,0.05489304277124227
MSFT,2020-05-05,0.8773638308048248,0.9553042877222779,0.9995094239711761,0.9440591808327596,0.9543883273447905
MSFT,2020-05-06,0.7811596989631653,0.2483686368407992,0.6662870844205221,0.5652718067414955,0.2798672075677936
MSFT,2020-05-07,0.0,0.0027720906073227525,0.0,0.0009240302024409175,0.002587257866429682
MSFT,2020-05-11,0.7485809028148651,0.5167223928562521,0.998794674873352,0.754699323514823,0.5409510876004022
MSFT,2020-05-12,-0.480467289686203,0.0011925505323233665,-0.49888601899147034,-0.32605358604845,-0.031568247434986534
MSFT,2020-05-15,-0.29949358105659485,0.0014760290141566657,0.0,-0.09933918401414606,-0.008095141742834051
MSFT,2020-05-18,0.7804350256919861,0.0022299816337181255,0.9895920753479004,0.5907523608912015,0.06144811385168188
MSFT,2020-05-19,0.0,0.0030574776319554076,0.0,0.0010191592106518026,0.0028536163653781247
MSFT,2020-05-20,0.0,0.0006685496773570776,0.0,0.0002228498924523592,0.0006239732856898594
MSFT,2020-05-27,0.475114643573761,0.5009783855205909,0.4998578131198883,0.4919836140714134,0.5001210853431813
MSFT,2020-05-28,0.950229287147522,0.9999998664431358,0.9997156262397766,0.9833149266101447,0.998415712407859
MSFT,2020-06-04,0.0,0.00277320749592036,0.0,0.00092440249864012,0.0025883005023798716
MSFT,2020-06-05,0.9184126257896423,0.0005902514385525137,0.9988886713981628,0.6392971828754526,0.06460765950325434
MSFT,2020-06-09,0.0,0.005439007290988229,0.0,0.0018130024303294097,0.005076354535246195
AAPL,2020-03-09,-0.31608812014261883,0.001988020339316184,-0.331873079140981,-0.21532439298142791,-0.01977332274562351
AAPL,2020-03-10,-0.35157643258571625,-0.11442763778904919,0.0009703487157821655,-0.15501124055299442,-0.11788412237573283
AAPL,2020-03-11,-0.18580434414056632,-0.07262336063023156,0.0726512624667241,-0.0619254807680246,-0.07111174355274183
AAPL,2020-03-12,-0.36761748790740967,-0.1659845237649525,-0.3266590138276418,-0.286753675166668,-0.17799318587930005
AAPL,2020-03-13,0.07464137402447787,0.09136655737453836,0.32061208378184924,0.16220667172695516,0.09887192612301696
AAPL,2020-03-14,-0.44731855392456055,-0.00015071898087626323,0.0,-0.14915642430181228,-0.014289016022001142
AAPL,2020-03-15,-0.4680923819541931,0.0006998769058554899,0.0,-0.1557975016827792,-0.01415219507975895
AAPL,2020-03-16,-0.3228444077751853,-0.0792742013530766,-0.19267850030552258,-0.19826570314459482,-0.09095262343789118
AAPL,2020-03-17,-0.21523330892835343,0.07165982437053316,0.07292687892913818,-0.023548868542894025,0.0626300199707128
AAPL,2020-03-18,-0.034056082367897034,-0.25032759827988826,-0.498402401804924,-0.2609286941509031,-0.2521813666145575
AAPL,2020-03-19,0.0,0.00029488235668395646,0.49729371070861816,0.1658628643551007,0.017703882438778688
AAPL,2020-03-20,0.10777369141578674,0.49978333763093374,0.4998539388179779,0.3691369892882328,0.48738684387904596
AAPL,2020-03-21,0.0,0.0013351687885005958,0.0,0.00044505626283353195,0.00124614477563545
AAPL,2020-03-23,-0.04072059052331107,-0.03014274356577776,-0.40955351080213276,-0.16013894829707387,-0.04377452802013807
AAPL,2020-03-24,-0.02034478634595871,0.1847857393510507,0.12502900511026382,0.09648998603845194,0.17620332016118667
AAPL,2020-03-25,0.3145639479160309,0.20136350896486874,0.6005868911743164,0.3721714493517387,0.21893553776489372
AAPL,2020-03-26,-0.25630732377370197,0.0018512283204472624,0.0,-0.08481869848441824,-0.006379011145434408
AAPL,2020-03-27,0.14082798858483633,0.17999656859979515,0.07242859899997711,0.13108438539486952,0.17498775601845343
AAPL,2020-03-28,0.0,0.004064765409566462,0.0,0.0013549218031888206,0.0037937419483204103
AAPL,2020-03-29,0.0,0.8956208875024458,0.0,0.2985402958341486,0.8359042322810728
AAPL,2020-03-30,-0.24790047109127045,0.2522605313747688,0.0010988563299179077,0.0018196388711387475,0.2276383548963982
AAPL,2020-03-31,0.2099694460630417,0.0070770081438240595,0.24983365833759308,0.15562670418148628,0.02200223860929498
AAPL,2020-04-01,-0.46949078887701035,-0.09637581240895088,-0.37173090130090714,-0.31253250086228945,-0.11782753370963486
AAPL,2020-04-02,0.047985732555389404,0.0032934609347042474,0.33303584655125934,0.12810501334711766,0.01626353130462165
AAPL,2020-04-03,-0.534924054145813,-0.0003453842640738003,-0.395756459236145,-0.31034196588201063,-0.031111680101475827
AAPL,2020-04-04,0.0,0.001273620057872904,0.0,0.000424540019290968,0.0011886998374460466
AAPL,2020-04-06,0.184397554397583,0.20985688913034722,0.19989339113235474,0.198049278220095,0.20870243238998992
AAPL,2020-04-07,0.6225968599319458,0.3333993660653505,0.3331965406735738,0.42973092222362336,0.3425393453178439
AAPL,2020-04-08,-0.01296764612197876,0.11750046829905189,0.13205732901891074,0.07886338373199463,0.11388403597106694
AAPL,2020-04-09,0.31276000539461773,0.008599551906324146,0.4993493954340617,0.27356965091166785,0.03541923465900063
AAPL,2020-04-11,0.0,0.0005358486814657226,0.0,0.00017861622715524086,0.0005001202822332044
AAPL,2020-04-13,-0.02795743090765817,0.0012861399993978142,0.1428655982017517,0.03873143576449712,0.005323125863999097
AAPL,2020-04-14,0.2895791530609131,0.2135753216610979,-0.09617935419082642,0.13565837351039486,0.2051232845267501
AAPL,2020-04-15,0.14579575061798095,0.006050402497930918,0.10837415456771851,0.08674010256121012,0.014056583984805943
AAPL,2020-04-16,0.38439440064960056,0.12303176797707296,0.5546289947297838,0.3540183877854857,0.14642466227946038
AAPL,2020-04-17,-0.020628783106803893,-0.09934662220821337,-0.19923081994056702,-0.10640207508519477,-0.10035748058622247
AAPL,2020-04-18,0.4623486399650574,0.0022530395981448237,0.4988785684108734,0.3211600826580252,0.03421075814987574
AAPL,2020-04-19,0.0,0.0059555681655183434,0.0,0.0019851893885061145,0.005558473049361075
AAPL,2020-04-20,0.0,0.00024109262812999077,0.49927398562431335,0.16650502608414777,0.017723081925523066
AAPL,2020-04-21,-0.004330660615648542,-0.11845667820206732,0.0001465507916041783,-0.04088026267537056,-0.11069026785565252
AAPL,2020-04-22,0.4394178241491318,0.0012003352894680575,0.482088640332222,0.3075689332569406,0.031914523083460114
AAPL,2020-04-23,-0.37905678153038025,0.0008671847887550636,-0.355615754922231,-0.24460178388795206,-0.023643186392642436
AAPL,2020-04-24,-0.08716537058353424,0.002765285205290032,0.16698387265205383,0.027527929091269873,0.005676218732037297
AAPL,2020-04-25,0.0,0.0005541345453821123,0.0,0.00018471151512737075,0.0005171869267265493
AAPL,2020-04-27,-0.13397128091138952,-0.11659627141398232,-0.0723962853936588,-0.10765461257301023,-0.11559675434518586
AAPL,2020-04-28,-0.2291073203086853,0.008072898766840808,0.4994144141674042,0.09279333087518656,0.017791123408520598
AAPL,2020-04-29,0.6392307579517365,0.2530907050274891,0.0005445927381515503,0.297622018572459,0.2564530368705382
AAPL,2020-04-30,0.1008672331060682,0.0872671129089444,0.2785412396703448,0.15555852856178579,0.09440086475041609
AAPL,2020-05-01,0.27234584709693643,0.07744324169065463,0.5483900904655457,0.2993930597510456,0.10011314613435045
AAPL,2020-05-02,0.0,0.0003838468583126087,0.0,0.00012794895277086957,0.00035825339582824876
AAPL,2020-05-04,0.1623093287150065,0.0021684320490749087,0.4398513038953145,0.20144302155313198,0.022573047220949462
AAPL,2020-05-05,0.08768502303532191,0.0005745750837117417,0.1427228025027684,0.07699413354060068,0.008311683999013159
AAPL,2020-05-06,0.1685708284378052,0.12196460682607721,0.5143793940544128,0.26830494310609837,0.13719169115782312
AAPL,2020-05-08,-0.23297470808029175,0.0008815940356206349,-0.25721102952957153,-0.16310138119141424,-0.015560480221702911
AAPL,2020-05-09,0.0,0.00023294330821954645,0.0,7.764776940651548e-05,0.00021741151639443788
AAPL,2020-05-11,0.0,0.015478876273846254,-0.005640596151351929,0.0032794267074981085,0.014249116765068051
AAPL,2020-05-12,0.11492780596017838,0.0005588652416008699,0.001456521451473236,0.03898106421775083,0.004207728234985488
AAPL,2020-05-13,0.1087811787923177,0.001631889740868549,0.27753597497940063,0.12931634783752896,0.014690556000712535
AAPL,2020-05-14,-0.21542158722877502,0.02312460479879519,-0.24670742452144623,-0.14633480231714202,0.006122762303849927
AAPL,2020-05-15,-0.24959523148006862,-0.10944353421331875,-0.22128846247990927,-0.19344240939109889,-0.11779626032763214
AAPL,2020-05-16,-0.9345306754112244,0.0015391676861327142,0.0,-0.31099716924169724,-0.02812195432357576
AAPL,2020-05-17,0.0,0.0001423908761353232,0.0,4.7463625378441066e-05,0.00013289677836005859
AAPL,2020-05-18,0.3465880751609802,0.000186190307886136,0.0,0.11559142182295545,0.011136093649390574
AAPL,2020-05-19,-0.24142305552959442,0.0019683503624037257,0.4993809014558792,0.08664206542956283,0.011702891001083696
AAPL,2020-05-20,0.4915665288766225,0.0017792975677366485,0.1665041446685791,0.2199499903709794,0.023044011074578867
AAPL,2020-05-21,-0.08782825867335002,0.0020439517980624564,0.16796884934107462,0.02739484748859568,0.0050165351076751985
AAPL,2020-05-22,0.0,0.0006414066810975783,0.0,0.00021380222703252608,0.0005986400896789692
AAPL,2020-05-25,0.0,0.05209710053168237,0.0,0.017365700177227456,0.04862346096322551
AAPL,2020-05-26,0.5749342838923136,0.0009952035446379643,0.3331921299298604,0.30304053912227064,0.030790973780782747
AAPL,2020-05-27,0.3338487982749939,0.003344742134504486,0.5921871721744537,0.30979357086131737,0.034435505944602665
AAPL,2020-05-28,-0.5487821474671364,0.0025320705226477003,0.2496689110994339,-0.09886038861501827,-0.006244171205457421
AAPL,2020-05-29,-0.9562062621116638,0.0010711955255828798,-0.986822247505188,-0.6473191046970896,-0.06382948344006047
AAPL,2020-05-31,-0.828671932220459,-6.130918336566538e-05,0.0,-0.2762444138012749,-0.026267485693386706
AAPL,2020-06-01,-0.24926703174908957,0.007174284155553323,-0.33017948269844055,-0.1907574100973256,-0.012760003472434243
AAPL,2020-06-02,-0.14271129880632674,0.00022442962290369906,0.5046906726700919,0.12073460116222297,0.013383517764097996
AAPL,2020-06-03,-0.08725393669945854,0.009844071334685265,0.4202159217425755,0.1142686854592674,0.021155245114242358
AAPL,2020-06-04,0.25751976172129315,0.0015737030644231709,0.6617828011512756,0.3069587553123307,0.03280744258707031
AAPL,2020-06-05,0.4202053308486938,0.0015013140216979081,0.5946032524108886,0.3387699657604268,0.03553105812892795
AAPL,2020-06-06,0.0,-0.0002881669133785181,0.0,-9.605563779283936e-05,-0.00026895302832053434
AAPL,2020-06-07,0.796667218208313,0.007981346338056028,0.0,0.268216188182123,0.03264715925345901
AAPL,2020-06-08,0.5316547552744547,0.004785752035483408,0.657889187335968,0.398109898215302,0.044339547292950074
AAPL,2020-06-09,0.3282453566789627,0.12793703210423146,0.4982025995850563,0.3181283294560835,0.14724933730898906
AAPL,2020-06-10,0.4089463750521342,0.0010318441773051745,0.499755859375,0.3032446928681465,0.031412660560723435
JPM,2009-08-07,0.0,1.9478290596453007e-05,0.0,6.4927635321510024e-06,1.817955189005283e-05
JPM,2009-08-10,0.0,0.0003614262896007858,0.0,0.00012047542986692861,0.00033732774337492943
JPM,2009-08-13,0.0,0.0002871699689421803,0.0,9.572332298072676e-05,0.0002680225496191545
JPM,2009-08-25,-0.8892756104469299,-0.001999638305278495,-0.9980571866035461,-0.6297774784519182,-0.06497235097841103
JPM,2009-08-27,0.0,0.0009704955446068197,0.0,0.00032349851486893993,0.0009057865048257857
JPM,2009-09-03,0.06752562522888184,-0.00011633422218437772,0.0005262196063995361,0.022645170204365666,0.0020456492190570894
JPM,2009-09-15,0.0,0.012437850324204192,0.0,0.004145950108068064,0.0116085409089012
JPM,2009-09-21,0.9373273253440857,0.9996930989946122,0.999652624130249,0.9788910161563157,0.9977190952872868
JPM,2009-10-05,0.0,0.0009865431929938495,0.0,0.00032884773099794984,0.0009207642375370985
JPM,2009-10-14,0.4747021993001302,0.010745713838332449,0.6643762588500977,0.38327472399618673,0.048328106985677195
JPM,2009-10-15,0.0,0.001168985878393869,-0.43893542885780334,-0.14592214765980316,-0.014292335711563166
JPM,2009-10-23,0.0,0.005923264219745761,0.0,0.00197442140658192,0.005528323094739738
JPM,2009-10-27,0.0,0.0001999454980250448,0.0,6.66484993416816e-05,0.00018661388014543434
JPM,2009-10-29,0.374429851770401,0.0007210985199890274,0.49718472361564636,0.2907785579686788,0.029940792481441623
JPM,2009-10-30,0.0,1.8867539893108187e-05,0.4832192659378052,0.16107937782589943,0.016953003925850873
JPM,2009-11-06,0.7087305784225464,0.01436372278840281,0.9993276596069336,0.5741406536059609,0.07084606860115636
JPM,2009-11-09,0.5752233266830444,0.007212769181933254,0.9981527924537659,0.5268629627729146,0.05990800515389389
JPM,2009-11-13,0.0,2.4598824893473648e-05,0.0,8.199608297824549e-06,2.2958667265487635e-05
JPM,2009-11-16,0.0,0.00013121902156854048,0.0,4.373967385618016e-05,0.00012246982126564742
JPM,2009-11-18,0.0,0.0016952725491137244,0.0,0.0005650908497045748,0.0015822380830277723
JPM,2009-11-25,0.0,0.0001108994151763909,0.0,3.6966471725463634e-05,0.00010350505998073878
JPM,2009-12-08,0.0,0.0004232534793118248,0.0,0.00014108449310394158,0.0003950325256530029
JPM,2009-12-09,0.0,0.00014025980181031628,0.0,4.6753267270105425e-05,0.00013090780034367752
JPM,2009-12-10,0.0,9.199189116770867e-05,-0.9962620139122009,-0.33205667400701105,-0.03483015470814571
JPM,2009-12-14,-0.45557326078414917,0.00044774027992389165,-0.38857725262641907,-0.28123425771021476,-0.027610023930325522
JPM,2009-12-16,0.0,0.0001618037058506161,0.0,5.3934568616872035e-05,0.00015101523999761095
JPM,2009-12-22,0.0,0.00042241154005751014,0.0,0.0001408038466858367,0.0003942467186656371
JPM,2009-12-29,0.8767953515052795,0.00030820650863461196,0.9985082745552063,0.6252039441897068,0.06301476572204243
JPM,2010-01-04,0.886760950088501,8.496596637996845e-05,0.9976643323898315,0.6281700828149042,0.0630920366918288
JPM,2010-01-05,0.0,0.0013556231497204863,0.0,0.0004518743832401621,0.0012652352486538278
JPM,2010-01-08,-0.33460040887196857,0.004903714517543752,0.00013603766759236655,-0.10985355222894416,-0.0060016363310287655
JPM,2010-01-11,-0.9339540600776672,-0.00018601820920594037,0.0,-0.3113800260956244,-0.029713873398480455
JPM,2010-01-14,0.0,0.00024732421297812834,0.0,8.244140432604279e-05,0.00023083355282242193
JPM,2010-01-15,0.13899322350819907,7.844578946484641e-05,0.33321138223012287,0.1574276838425956,0.016147531065370268
JPM,2010-01-18,0.0,0.020209507056279108,0.0,0.006736502352093036,0.018862011880656816
JPM,2010-01-19,0.9437509775161743,0.0012270872830413282,0.9995595812797546,0.6481792153596567,0.06602697982519293
JPM,2010-01-20,0.0,0.001513164199423045,0.0,0.0005043880664743483,0.001412272125169238
JPM,2010-01-21,0.0,0.000732107710064156,-0.30788904428482056,-0.1023856455249188,-0.010107299411689944
JPM,2010-01-22,0.0,0.009837720466748578,0.0,0.0032792401555828596,0.009181778136925063
JPM,2010-01-25,-0.1213773787021637,0.00014398096482182154,0.0017841160297393799,-0.0398164272358675,-0.003642165575360616
JPM,2010-01-26,-0.9235641956329346,2.1611398551613092e-05,-0.9822103977203369,-0.6352509939849066,-0.06361500990243975
JPM,2010-01-28,0.31435441970825195,0.0018819529213942587,0.49978265166282654,0.27200634143082425,0.029215154716297344
JPM,2010-01-29,0.935821533203125,0.00267320463899523,0.9994074106216431,0.6459673828212544,0.06712053988813742
JPM,2010-02-01,0.3947427570819855,0.004383312261779793,0.0,0.13304202311458843,0.016576463075388306
JPM,2010-02-02,0.0,0.0015988035884220153,0.0,0.0005329345294740051,0.0014922013185679516
JPM,2010-02-03,0.0,0.0008999014874765029,-0.33142830928166706,-0.11017613593139686,-0.01077567490027519
JPM,2010-02-04,0.43918660283088684,0.0002566087441664422,0.0,0.14648107052501777,0.014130637994545673
JPM,2010-02-05,-0.914948046207428,0.00042101179860765114,-0.9979628324508667,-0.6374966222865623,-0.06352179363239813
JPM,2010-02-08,0.0004711151123046875,0.000775000164139783,0.0020133256912231445,0.0010864803225558717,0.0008087881040574279
JPM,2010-02-12,0.0,9.730446436151396e-05,0.0,3.243482145383799e-05,9.081656835879067e-05
JPM,2010-02-15,0.6923975944519043,0.0021280307992128655,0.9967048764228821,0.5637435005579997,0.05881768615198968
JPM,2010-02-16,0.1589285929997762,0.0024249378463233975,0.0,0.0537845102820332,0.007290042753310142
JPM,2010-02-17,-0.15568145116170248,-9.892810339806601e-06,0.0,-0.05189711465734743,-0.00493331919875908
JPM,2010-02-19,-0.744340181350708,0.0009631362918298692,-0.9956567287445068,-0.5796779246011283,-0.057538796580632524
JPM,2010-02-20,-0.844853401184082,0.0006614769663428888,-0.9229109287261963,-0.5890342843146451,-0.0584499758965828
JPM,2010-02-23,0.17731033265590668,0.00042331946178819635,0.0,0.05924455070589829,0.00600328537450428
JPM,2010-02-24,0.0,0.00023321079152083257,-0.44245612621307373,-0.14740763847385097,-0.015289106728902598
JPM,2010-02-25,0.0,0.0029664515459444374,0.0,0.000988817181981479,0.002768659571866114
JPM,2010-02-26,0.0,0.000165625118825119,0.0,5.520837294170633e-05,0.00015458186224041558
JPM,2010-03-01,0.0,0.0002713005287660053,-0.9946770668029785,-0.33146858875807084,-0.03460725403299947
JPM,2010-03-03,0.0,0.0007864967028581304,0.0,0.0002621655676193768,0.0007340560192649704
JPM,2010-03-04,0.0,0.0022671043552691117,0.0,0.0007557014517563706,0.002115942303751193
JPM,2010-03-05,0.0,0.0015076675463205902,-0.30319251616795856,-0.10056161620721266,-0.009218852020566442
JPM,2010-03-08,0.0,0.004223222931614146,0.0,0.0014077409772047151,0.003941634142697418
JPM,2010-03-09,0.0,0.0012776545227097813,0.0,0.00042588484090326045,0.0011924653221782047
JPM,2010-03-10,0.0,7.728036871412769e-05,0.0,2.576012290470923e-05,7.212760280807511e-05
JPM,2010-03-11,0.0,0.00020882908908485356,0.24262307087580362,0.08094396665496283,0.008698120502357245
JPM,2010-03-15,0.0,0.00015280104707926512,0.0,5.093368235975504e-05,0.0001426128448372223
JPM,2010-03-17,-0.5149190425872803,0.00015899110439931974,0.0,-0.17158668382762698,-0.01613810839076534
JPM,2010-03-19,-0.9526593089103699,9.451388177694753e-05,-0.9966967105865479,-0.6497538352050469,-0.06497492670869266
JPM,2010-03-23,0.0,-9.789717660169117e-05,0.0,-3.263239220056372e-05,-9.136976246163552e-05
JPM,2010-03-24,0.4412574768066406,0.003987552767284797,0.4996059536933899,0.31495032775577175,0.03518801559571598
JPM,2010-03-25,0.4121715724468231,4.4005127165291924e-05,0.4992453455924988,0.3038203077221624,0.030574805796111125
JPM,2010-03-26,0.0,0.00030411648185690865,0.0,0.00010137216061896955,0.00028383913923474437
JPM,2010-03-30,0.26003501812616986,0.0004928052161024729,0.0,0.08684260778075743,0.008684656780895923
JPM,2010-03-31,0.0,0.00045190701757746865,0.0,0.00015063567252582288,0.00042177555104818776
JPM,2010-04-01,0.2310425490140915,0.0009370744312491297,0.00758613646030426,0.07985525330188163,0.008448165766393576
JPM,2010-04-02,0.0,0.48730869151404477,0.0,0.1624362305046816,0.45481676101886015
JPM,2010-04-05,0.0,0.0024012882950046333,0.0,0.0008004294316682111,0.002241179440114212
JPM,2010-04-06,0.0,0.0034925948802992934,0.0,0.0011641982934330979,0.0032597217641389706
JPM,2010-04-08,0.0,0.0017708085651975125,0.49913352727890015,0.16696811194803254,0.019145879510430765
JPM,2010-04-12,0.23540790379047394,0.0013730153862070438,0.0,0.07892697305889367,0.008727241174188327
JPM,2010-04-14,0.0,0.0004261709439106198,0.24796469509601593,0.08279695534664218,0.009088178635143109
JPM,2010-04-15,0.0,4.240794532961445e-05,-0.49704739451408386,-0.1656683288562514,-0.017380448734926644
JPM,2010-04-16,-0.9647271037101746,6.034724719938822e-05,-0.9945934414863586,-0.6530867326497779,-0.06531479712132336
JPM,2010-04-19,0.5233318209648132,0.0015229669661493972,0.9993115663528442,0.5080554514279356,0.05299690027465228
JPM,2010-04-21,0.4156877100467682,0.002379230660153553,0.49661433696746826,0.30489375922479667,0.03277333101078617
JPM,2010-04-22,0.0,9.225817120750435e-05,0.0,3.0752723735834785e-05,8.610673806269102e-05
JPM,2010-04-26,0.0,0.001706689738057321,0.0,0.0005688965793524403,0.0015928940267067005
JPM,2010-04-27,0.0,0.00017974495494854636,0.0,5.9914984982848786e-05,0.0001677602303224435
JPM,2010-04-28,0.9500951766967773,0.0009146821685135365,0.7442454695701599,0.5650851094784836,0.05698806854959755
JPM,2010-04-29,-0.44643670320510864,0.0005975501590000931,0.4992814362049103,0.017814094386267243,0.003935579206291552
JPM,2010-05-03,0.0,0.06830706680193543,0.9992074370384216,0.3558381679467857,0.0987718461485287
JPM,2010-05-07,0.0,0.0023212418891489506,-0.9958301186561584,-0.33116962558900315,-0.032734406118565276
JPM,2010-05-11,-0.32316436370213825,0.00018556764371169265,-0.3323604464530945,-0.218446414170507,-0.021696491834089077
JPM,2010-05-13,-0.23703058063983917,0.0070312359393938095,-0.2416684627532959,-0.15722260248458042,-0.009404437065052881
JPM,2010-05-14,0.0,0.005156820370757487,0.0,0.0017189401235858288,0.004812982695009594
JPM,2010-05-18,0.0,-1.6326683180523105e-05,0.0,-5.442227726841035e-06,-1.5238081018663311e-05
JPM,2010-05-19,-0.26448973019917804,0.00044383719917580794,-0.33261680603027344,-0.19888756634342522,-0.019608593228933522
JPM,2010-05-21,0.7566825747489929,0.004038227165438002,0.951300710439682,0.570673837451371,0.06104252334434367
JPM,2010-05-22,0.9169768691062927,0.0004981212987331674,0.999434769153595,0.6389699198528737,0.06449539950087485
JPM,2010-05-24,-0.03364954392115275,0.0021179685233316072,-0.1470488707224528,-0.05952681537342464,-0.004241183795025198
JPM,2010-05-25,-0.15826382637023925,0.000452228233916685,-0.39812062978744506,-0.18531074264125588,-0.01853663093680009
JPM,2010-05-26,0.2208614150683085,0.00046779270511857857,0.34688589970270794,0.18940503582537835,0.019579597241352244
JPM,2010-05-27,0.0,5.992539809085429e-05,0.5711264163255692,0.19039544724122,0.020072207175550257
JPM,2010-05-28,0.18990333875020346,0.00011091089042262563,0.0,0.06333808321354202,0.00611001410820402
JPM,2010-05-30,0.0,0.0035993792698718607,-0.47953200340270996,-0.15864420804427937,-0.013446780775487237
JPM,2010-06-01,0.0,0.002592181073850952,0.0,0.0008640603579503173,0.002419344149903702
JPM,2010-06-02,0.0,0.002403372374828905,0.0,0.0008011241249429683,0.0022431245494076994
JPM,2010-06-03,0.7779535055160522,1.4838176866760477e-05,0.9994910955429077,0.5924864797452756,0.05964911045594049
JPM,2010-06-05,0.0,0.00030582100225728936,0.0,0.00010194033408576313,0.00028543001198627583
JPM,2010-06-07,0.0,0.0016202747124225425,0.0,0.0005400915708075141,0.001512240877145407
JPM,2010-06-08,0.18772181272506713,8.22429529762303e-05,0.01119014024734497,0.06633139864179612,0.006406439031726446
JPM,2010-06-09,0.30657949050267536,0.001111356302620455,0.3331048885981242,0.21359857846780664,0.022408464918997655
JPM,2010-06-10,-0.33581405133008957,0.002151337097529904,-0.49827295541763306,-0.27731188988339756,-0.026076631293955654
JPM,2010-06-14,0.0,9.350229811388999e-05,0.0,3.1167432704629995e-05,8.726791463623017e-05
JPM,2010-06-15,0.0,0.0018724372072635258,-0.32869460185368854,-0.10894072154880834,-0.009772175954454839
JPM,2010-06-16,-0.9377481937408447,-1.6885232071217615e-05,-0.9968824982643127,-0.6448825257457429,-0.06461378219212197
JPM,2010-06-17,0.0,9.19656395126367e-06,0.0,3.06552131708789e-06,8.583371468238669e-06
JPM,2010-06-18,0.0,0.01881459580908995,0.9991071820259094,0.3393072592783331,0.05257583615394994
JPM,2010-06-21,0.0,0.0022150432760099648,0.3673890680074692,0.12320137042782638,0.014943244253798994
JPM,2010-06-22,0.0,0.00010280596870870795,0.0,3.4268656236235984e-05,9.595125297538678e-05
JPM,2010-06-23,0.0,0.0024193774249094227,0.329997440179189,0.11080560586803283,0.013823489042789499
JPM,2010-06-24,-0.3203226327896118,0.002863263796825777,-0.17909065882364908,-0.1655166759388117,-0.013735803551518806
JPM,2010-06-25,0.5516494115193685,0.0023283127860243744,0.6640929182370504,0.40602354751414776,0.04289579706608721
JPM,2010-06-26,0.0,0.00031404228502651677,0.0,0.00010468076167550559,0.0002931031269780863
JPM,2010-06-28,0.0,0.0004936702835038886,0.4975925385951996,0.16602873629290116,0.017899888952368964
JPM,2010-06-29,0.3811265677213669,0.0009472523634030949,0.249712735414505,0.21059551849975833,0.021690524505991796
JPM,2010-06-30,0.2983156243960063,0.001169339987730685,0.333033283551534,0.21083941597842362,0.022198693172721076
JPM,2010-07-01,0.0,0.00025917039602063596,0.9992795586585999,0.33317957635154016,0.03526365875151902
JPM,2010-07-02,0.10425812005996704,0.015891436647507362,0.6659935911496481,0.26204771595237414,0.041470548974351346
JPM,2010-07-06,-0.0071442027886708575,0.0006827611290039689,-0.16507227222124735,-0.057177904626971414,-0.005374019641405999
JPM,2010-07-07,0.0,8.410886675846996e-05,0.3331400950749715,0.11107473464724332,0.011754068124375081
JPM,2010-07-08,0.0,0.00019702352710737614,0.0,6.567450903579204e-05,0.00018388673956271271
JPM,2010-07-09,0.914950966835022,0.00034418633731547743,0.9897767305374146,0.635023961236584,0.06394916511317177
JPM,2010-07-12,0.0,0.007975438675202895,0.0,0.002658479558400965,0.007443666196650237
JPM,2010-07-14,0.0,-3.1121016945689917e-05,0.0,-1.0373672315229973e-05,-2.904598394898373e-05
JPM,2010-07-15,-0.0024252235889434814,0.010176002843763854,0.0003070731957753499,0.002685950816865241,0.00943155918410113
JPM,2010-07-16,-0.1764032244682312,0.0005197136279093684,0.2626448671023051,0.02892045208732776,0.004110480019967304
JPM,2010-07-18,0.0,0.002509950427338481,0.9992757439613342,0.33392856479622424,0.03736423149599342
JPM,2010-07-19,0.0,6.927685194568767e-05,0.0,2.309228398189589e-05,6.465773038708346e-05
JPM,2010-07-20,-0.14321568012237548,0.004436948490183568,0.27845969796180725,0.04656032210987177,0.009370487846690546
JPM,2010-07-21,-0.48143184185028076,0.0002748223791968485,-0.49775582551956177,-0.3263042816635486,-0.032415683043238656
JPM,2010-07-22,0.0,0.0002668122996283273,0.24985405802726746,0.0833736234422986,0.009005661974978324
JPM,2010-07-23,0.7682940363883972,0.0028315434756223112,0.9995149374008179,0.5902135057549458,0.06197332237083447
JPM,2010-07-27,0.0,-0.00022855176939629018,0.0,-7.618392313209672e-05,-0.00021331279234806211
JPM,2010-07-28,0.0,0.0015161212813836755,0.24207238852977753,0.08119616993705374,0.009898947428503946
JPM,2010-07-29,0.0,0.0021865952755130516,0.6660548448562622,0.22274714671059173,0.025384037501286132
JPM,2010-08-02,0.3708284894625346,0.004561831353688224,0.19923303524653116,0.19154111868758464,0.022969212788148147
JPM,2010-08-03,0.2916404406229655,0.013678629283579843,0.33315545320510864,0.212824841037218,0.03366705987901782
JPM,2010-08-04,0.0,0.0013136588386259973,0.0,0.0004378862795419991,0.0012260690355478429
JPM,2010-08-05,0.0,0.0010335124485815566,0.0,0.00034450414952718554,0.0009646016683140476
JPM,2010-08-06,0.0,0.0006349285613396205,0.0,0.0002116428537798735,0.000592593920295658
JPM,2010-08-09,0.0,-2.884955983972759e-05,0.0,-9.616519946575863e-06,-2.6925978681665227e-05
JPM,2010-08-10,-0.20061310132344565,0.0013526685100562947,0.32767144838968915,0.0428036718587666,0.006401144492202598
JPM,2010-08-12,0.0,0.0011260107833853301,0.0,0.00037533692779511004,0.0010509325986395276
JPM,2010-08-13,0.4742192327976227,0.0013313375629877555,0.9805751144886017,0.4853752282830707,0.05060799629919655
JPM,2010-08-16,0.7219280004501343,0.0010110631192219444,0.9994291663169861,0.5741227432954474,0.058804696193997585
JPM,2010-08-17,-0.1251186387879508,0.0017114305930070778,-0.2842344471386501,-0.1358805517778646,-0.012321658305200503
JPM,2010-08-18,0.0,0.0009118424877669895,-0.4979843497276306,-0.16569083574662122,-0.01660182230240516
JPM,2010-08-23,0.04631507396697998,0.021272569933595758,0.0011907418568929036,0.02292612858582288,0.021360837103898085
JPM,2010-08-24,0.0,0.00605076301144436,0.0,0.0020169210038147867,0.0056473209306855295
JPM,2010-08-25,0.4532323181629181,0.005245658985586488,0.4989738166332245,0.31915059792724304,0.03671883682718216
JPM,2010-08-26,0.0,0.0032636790674587246,0.0,0.0010878930224862415,0.0030460691861223764
JPM,2010-08-27,0.5344141960144043,0.0062343537021661176,0.27730798721313477,0.2726521789765684,0.03244060327466768
JPM,2010-08-30,0.0,-1.327519476035377e-05,0.0,-4.425064920117923e-06,-1.239005443176145e-05
JPM,2010-09-02,0.4462750554084778,0.0014814721798757091,0.4996349513530731,0.3157971596471422,0.03300874971686217
JPM,2010-09-03,-0.7220770120620728,0.00131055783276679,-0.9978547692298889,-0.572873741153065,-0.056587407457127786
JPM,2010-09-07,0.0,9.46934651437914e-05,0.0,3.15644883812638e-05,8.837966080203804e-05
JPM,2010-09-08,0.3099927008152008,0.0009021841069625225,0.0,0.10363162830738777,0.01064686373716991
JPM,2010-09-09,-0.4102460443973541,0.0013483716211339924,0.0009683668613433838,-0.13597643530495893,-0.011683365455533246
JPM,2010-09-10,-0.2291441261768341,0.003571420417756599,0.4431921988725662,0.07253983103782957,0.011618201194929166
JPM,2010-09-12,0.0,1.3876397133572027e-06,0.0,4.6254657111906755e-07,1.2951170879628905e-06
JPM,2010-09-13,0.0,0.021399525272954634,0.0,0.007133175090984878,0.019972685585215567
JPM,2010-09-14,0.0,0.040154520494979806,0.0,0.01338484016499327,0.03747716720499
JPM,2010-09-16,0.0,3.651661882031476e-05,0.0,1.2172206273438254e-05,3.4081828122589153e-05
JPM,2010-09-17,0.0,0.0008339811938640196,-0.9657750129699707,-0.32164701059203554,-0.03306915998819214
JPM,2010-09-20,0.0,0.38612464151493003,0.0014664928118387859,0.1291970447755896,0.36043069022210694
JPM,2010-09-21,-0.39676839113235474,0.0002520789948903257,0.49878421425819397,0.03408930070690985,0.005166687608224894
JPM,2010-09-22,0.0,0.004493603308219463,-0.9900817275047302,-0.32852937473217025,-0.030505425500626297
JPM,2010-09-23,0.0,0.0069369504490168765,0.9981734752655029,0.3350368085715066,0.04145742463450723
JPM,2010-09-24,0.43517443537712097,0.007506445443141274,0.4997672438621521,0.31414937489413813,0.0382855326519213
JPM,2010-09-27,0.0,0.0014087227027630433,0.0,0.0004695742342543478,0.0013147943560811533
JPM,2010-09-30,0.0,0.00037604411772917956,0.0,0.00012534803924305984,0.0003509709161949127
JPM,2010-10-01,0.0,0.0015197387110674754,0.9979064464569092,0.33314206172265887,0.03639205358479001
JPM,2010-10-06,-0.713944137096405,0.0013105593461659737,-0.9971453547477722,-0.5699263108326704,-0.056305306518860135
JPM,2010-10-08,-0.23833537101745605,0.0039375973360620264,0.001994714140892029,-0.07746768651350067,-0.0037934050192750726
JPM,2010-10-11,-0.1597594976425171,0.0008334231251865276,-0.19950385093688966,-0.11947664181807342,-0.011267233110793836
JPM,2010-10-12,0.22970150411128998,0.0023151245616190863,0.0,0.07733887622430302,0.009426044921133869
JPM,2010-10-13,-0.14909324049949646,0.0008156779376804479,0.24762468039989471,0.03311570594602623,0.004724092190179937
JPM,2010-10-14,-0.3121895392735799,4.510156577453017e-05,0.3219291965166728,0.003261586269622474,0.001450433883883623
JPM,2010-10-16,0.0,9.262386720365612e-05,0.0,3.087462240121871e-05,8.644805166661783e-05
JPM,2010-10-18,0.0,0.0020596770766587724,0.24901245534420013,0.08369071080695296,0.010649489633983497
JPM,2010-10-19,0.0,-0.00015318323858082294,0.0,-5.106107952694098e-05,-0.00014296955323910582
JPM,2010-10-20,-0.4311130940914154,0.010111827752552927,-0.47657299041748047,-0.299191418918781,-0.02090063370168408
JPM,2010-10-21,0.0,0.0020167097482044483,0.0,0.0006722365827348161,0.0018822429960470232
JPM,2010-10-22,0.39962804317474365,0.002704345693018695,0.49969416856765747,0.30067551914513996,0.03267675233303661
JPM,2010-10-25,0.0,0.017361183156026527,0.0,0.005787061052008842,0.01620360399806637
JPM,2010-10-26,-0.41943442821502686,5.1332277962501394e-05,-0.49874579906463623,-0.3060429650005669,-0.030698036134075134
JPM,2010-10-27,0.0,0.0001936013941303827,0.0,6.453379804346089e-05,0.00018069277057649049
JPM,2010-10-28,-0.10884466767311096,0.0006685623557132203,0.0008487999439239502,-0.0357757684578246,-0.00278894120557944
JPM,2010-10-29,0.3456839621067047,0.0005245811512395449,0.49967506527900696,0.2819612028456504,0.028935446566461315
JPM,2010-10-30,0.0,1.074710235116072e-05,0.0,3.5823674503869065e-06,1.0030525767671998e-05
JPM,2010-11-01,0.0625162124633789,0.0003878788235548806,-0.324273685614268,-0.0871231981091114,-0.00902546853268559
JPM,2010-11-02,-0.6313899159431458,0.0013105593461659737,-0.99803227186203,-0.5427038761530033,-0.05372526295042876
JPM,2010-11-08,0.600716769695282,0.0002059197868220508,0.9942240118980408,0.531715567126715,0.054036992424998924
JPM,2010-11-09,0.0,0.0011953953944612294,0.0,0.00039846513148707646,0.0011156908739664202
JPM,2010-11-12,0.8427055478096008,0.7066882998915389,0.9993515610694885,0.8495818029235428,0.7212473828477136
JPM,2010-11-17,0.0,0.006265658641495975,0.0,0.0020885528804986584,0.005847887753877498
JPM,2010-11-18,0.1759219527244568,0.00664627064979868,0.004006767272949218,0.06219166354906822,0.011907825303684791
JPM,2010-11-19,0.0,0.005632195039652288,0.0,0.0018773983465507627,0.005256661451204292
JPM,2010-11-22,-0.8902818560600281,0.0001973762337001972,-0.9895117878913879,-0.6265320892392386,-0.06265416121202848
JPM,2010-11-23,0.0,-7.380422903224826e-05,0.0,-2.4601409677416086e-05,-6.888323911711678e-05
JPM,2010-11-24,-0.11182889342308044,0.0021906874935666565,0.0009496212005615234,-0.03622952824298409,-0.001459161030377597
JPM,2010-11-26,0.8991754055023193,0.0012455735268304124,0.9996011853218079,0.6333407214503192,0.06463579998855754
JPM,2010-12-01,0.03924122452735901,0.0020898547045362648,0.0010255277156829834,0.014118868982526086,0.0032276229372001967
JPM,2010-12-02,0.0,2.353683339606505e-05,0.0,7.845611132021682e-06,2.1967485388574083e-05
JPM,2010-12-03,0.8567076921463013,0.001540259920147946,0.9993500709533691,0.6191993410066061,0.06355881545587552
JPM,2010-12-06,-0.30880430340766907,0.0007246841159940232,-0.49880948662757874,-0.2689630353064179,-0.02657266605775207
JPM,2010-12-08,0.46623721718788147,0.009894769285892835,0.49952593445777893,0.32521930697718443,0.04148864729774467
JPM,2010-12-09,0.15776666005452475,0.002539877942884535,0.33296728134155273,0.16442460644632068,0.019030078391944892
JPM,2010-12-10,-0.5109381874402364,0.0007615775187635639,0.2710880438486735,-0.0796961886909331,-0.005948960887934356
JPM,2010-12-13,-0.7102348208427429,0.0013105593461659737,-0.9974831938743591,-0.5688024851236454,-0.05619982391459213
JPM,2010-12-14,0.0,0.00027007096650777385,0.3306840658187866,0.11031804559509813,0.011841554121004226
JPM,2010-12-15,0.26069609607969013,0.004016361237777996,0.2854941657611302,0.18340220769286608,0.021999904211616603
JPM,2010-12-16,-0.12413828713553292,0.0062900324625973425,-0.14239028521946498,-0.08674617996413352,-0.003046117931757815
JPM,2010-12-17,0.0,-0.0009477479918587051,0.0,-0.00031591599728623504,-0.000884555727069515
JPM,2010-12-20,-0.7308112382888794,0.0013105593461659737,-0.9978954792022705,-0.5757987193816613,-0.056865089755350415
JPM,2010-12-21,0.0,0.002333029897272354,0.0,0.000777676632424118,0.0021774721670326496
JPM,2010-12-22,-0.06812106817960739,0.001000370882252355,0.3965705558657646,0.1098166195228032,0.012677667898353779
JPM,2010-12-23,0.2710116108258565,4.1795373059964426e-05,0.33321205774943036,0.20142182131611563,0.020288989222589378
JPM,2010-12-24,0.0,3.6819330944126705e-06,0.0,1.2273110314708902e-06,3.4364355685476323e-06
JPM,2010-12-27,0.0,-0.00013053268048679456,0.0,-4.351089349559819e-05,-0.00012182925642150968
JPM,2010-12-28,-0.44094452261924744,0.000388147214835044,0.0,-0.14685212513480414,-0.01358447362167887
JPM,2010-12-30,0.0,0.001461587155063171,0.0,0.0004871957183543903,0.00136413398407753
JPM,2010-12-31,0.19446289539337158,0.000931676966501982,0.5278374552726746,0.2410773425441827,0.025519398917877224
JPM,2011-01-03,-0.07210666686296463,0.0010121170610091212,-0.35874558985233307,-0.14328004655142954,-0.013909009002126611
JPM,2011-01-04,-0.08581759532292683,0.0010681512048904551,-0.33216675122578937,-0.13897206511460858,-0.013358869136045087
JPM,2011-01-05,-0.3866615295410156,0.0009673573774004277,-0.33192773660024005,-0.2392073029212851,-0.022960030935510613
JPM,2011-01-06,0.0,-0.000549069288050911,0.0,-0.00018302309601697035,-0.0005124594267064605
JPM,2011-01-07,0.16562329232692719,0.0009823299169511301,0.4832099676132202,0.21660519661903285,0.02309043943826454
JPM,2011-01-10,0.0,0.0012808580872842867,0.243338480591774,0.0815397795596861,0.0097237433958282
JPM,2011-01-11,0.44531891743342084,0.0012598077114868527,0.6660758157571157,0.37088484696734114,0.038604879154503044
JPM,2011-01-12,-0.4619500935077667,0.0020593416957126465,0.0,-0.1532969172706847,-0.012689098462223799
JPM,2011-01-13,-0.08163252472877502,0.002060633289602265,-0.12445088475942612,-0.06800759206619962,-0.005020369172431051
JPM,2011-01-14,-0.06527123451232911,0.0020132629171712322,0.19952348470687867,0.04542183770390693,0.006807249317741362
JPM,2011-01-18,0.0,0.003993399295359268,0.1947157859802246,0.06623639509186129,0.01055134209291458
JPM,2011-01-19,0.20597229897975922,0.004749805677420227,0.2374987006187439,0.14940693509197445,0.019271475186795523
JPM,2011-01-20,0.10932587725775582,0.00404460903934835,0.2825032728058951,0.13195791970099977,0.017133721794950374
JPM,2011-01-21,-0.5638779625296593,0.0183549107359795,-0.46274521201848984,-0.3360894212707232,-0.016921796944219174
JPM,2011-01-24,-0.5441600779692332,0.0024331949319578903,-0.44812554121017456,-0.3299508080824833,-0.030645875338760013
JPM,2011-01-25,-0.1814887672662735,0.0003413532322156243,0.1415719836950302,-0.01319181011300922,-0.0004600830156147364
JPM,2011-01-26,0.748454250395298,0.0021396222020939604,0.872838594019413,0.541144155538935,0.05626039165893233
JPM,2011-01-28,0.5397108669082323,0.007487849215673729,0.6627090374628702,0.4033025845289255,0.04728520948717485
JPM,2011-01-31,0.8585156321525573,0.0009126464748987928,0.999163293838501,0.619530524155319,0.06302368549821506
JPM,2011-02-01,0.561466919524329,0.00022269047180348674,0.7137831108910697,0.42515757362906736,0.042982584081698035
JPM,2011-02-02,-0.08182563384373982,0.0010998740484258935,0.00045470396677652997,-0.026757018609512465,-0.0015456082192328766
JPM,2011-02-03,-0.23622994290457833,0.0016749650795746776,-0.21589784489737618,-0.15015094090745995,-0.01347506479555785
JPM,2011-02-04,0.31895483202404445,0.0004781767030282127,0.44605903493033516,0.25516401455246923,0.026167632320782192
JPM,2011-02-07,0.9134129583835602,0.001554676204250427,0.964836984872818,0.6266015398202095,0.06415623232034313
JPM,2011-02-08,0.269069148434533,0.0005554441518648269,0.24612121449576485,0.17191526902738755,0.017654676406239505
JPM,2011-02-09,0.34157590866088866,0.00032404890371253716,0.23850988149642943,0.19346994635367687,0.019465289760303258
JPM,2011-02-10,0.42576559715800816,0.0008326568681190514,0.5553717282083299,0.32732332741148573,0.03370790350535425
JPM,2011-02-11,0.6876696944236755,0.0007656754163084164,0.6662314236164093,0.4515555978187978,0.04581451738936446
JPM,2011-02-14,-0.045861124992370605,4.824197640118655e-05,0.0008950531482696533,-0.014972609955899921,-0.0013741582541793344
JPM,2011-02-15,0.2978977958361308,0.0006640255584594948,0.33393412828445435,0.21083198322634822,0.021745427181364903
JPM,2011-02-16,0.2616871935980661,0.0020479297927522566,0.6871935895511082,0.31697623764730887,0.034272434242003096
JPM,2011-02-17,-0.1124555692076683,0.00037115604089876797,0.01993858814239502,-0.030715275008124838,-0.002511687523659112
JPM,2011-02-18,0.696939080953598,0.0016457560160233697,0.7994433283805847,0.49934272178340205,0.05159778244683103
JPM,2011-02-21,0.0,0.0009524782581138425,0.0,0.00031749275270461413,0.0008889705775536855
JPM,2011-02-22,0.5981418987115225,0.0011792272249901241,0.7172672351201376,0.4388627870188834,0.04515745260250893
JPM,2011-02-23,0.8686864674091339,0.0003331927734961937,0.9991395026445389,0.6227197209423897,0.06280372935611464
JPM,2011-02-24,0.16090734799702963,4.603833084123229e-05,0.19117605686187744,0.11737648106324944,0.011832496564419053
JPM,2011-02-25,0.0,2.932753795903409e-05,0.0,9.775845986344697e-06,2.7372086583504873e-05
JPM,2011-02-28,0.046878546476364136,2.9113632990629412e-05,0.0013847649097442627,0.01609747500636634,0.0015584371770090025
JPM,2011-03-01,0.42924824357032776,0.00014655017275799764,0.499721497297287,0.30970543034679093,0.031227323366386388
JPM,2011-03-02,0.30018221139907836,0.0005825389725941932,0.37957335710525514,0.2267793691589759,0.023341147296801812
JPM,2011-03-03,0.0,0.0014383979732883745,0.0,0.0004794659910961248,0.0013424910304691286
JPM,2011-03-04,0.4287380874156952,0.0001748349459376186,0.1375894546508789,0.18883412567083724,0.01854593808181504
JPM,2011-03-07,0.4423280954360962,4.617510921889334e-05,0.4996145963668823,0.31399628897073245,0.031543600167882255
JPM,2011-03-08,0.21374723315238953,0.00046290783999817603,0.1591834326585134,0.12446452455030037,0.012771610137275168
JPM,2011-03-09,0.28571969270706177,0.0005555996855643267,0.3330375552177429,0.20643761587012302,0.021227624698100214
JPM,2011-03-10,0.4183011054992676,0.0002947481916635297,0.4984842836856842,0.30569337912553846,0.03097602978720487
JPM,2011-03-11,0.0,0.0014991974212534842,0.0,0.0004997324737511614,0.0013992365681154543
JPM,2011-03-14,0.3655089537302653,0.0005236942524788901,0.33356906970342,0.23320057256205473,0.023740148418747373
JPM,2011-03-15,0.8713293075561523,0.0002910878974944353,0.9971576929092407,0.6229260294542959,0.0627785678341523
JPM,2011-03-16,0.8623171448707581,0.00010792781176860444,0.999174952507019,0.6205333417298485,0.062393271248168805
JPM,2011-03-17,0.0,0.00031205289451463614,0.4852459728717804,0.16185267525543168,0.01729767081718096
JPM,2011-03-18,0.27713696161905926,0.0005387630053519388,0.0020035207271575928,0.0932264151171896,0.009338689209347658
JPM,2011-03-21,-0.5454919189214706,0.0014255826608859934,0.37086746096611023,-0.057732958431491475,-0.0029251671071501063
JPM,2011-03-22,-0.44478726387023926,0.00039098786874092184,-0.18405193090438843,-0.2094827356352956,-0.02015383673513882
JPM,2011-03-23,0.44399108631270273,0.0002943306753227911,0.7120695625032697,0.3854516598304318,0.0392737224201368
JPM,2011-03-24,0.0,0.00012387252445478225,0.0,4.129084148492742e-05,0.00011561316704063663
JPM,2011-03-25,0.4059511572122574,0.00025041872807681403,0.3332845667997996,0.24649538091337794,0.02475427824570194
JPM,2011-03-28,0.0,2.6561816412140615e-05,-0.4988691210746765,-0.16628085308608812,-0.01745908438629824
JPM,2011-03-29,0.0,0.0002751011670625303,0.0,9.170038902084343e-05,0.0002567584469081086
JPM,2011-03-30,0.0,0.0004913877173748915,0.0,0.0001637959057916305,0.00045862383862432755
JPM,2011-03-31,0.33056433995564777,0.0008768257090802459,0.4099913239479065,0.2471441632042115,0.02564283517720053
JPM,2011-04-01,0.0,0.0001298789475185913,0.0,4.32929825061971e-05,0.00012121910088714261
JPM,2011-04-04,0.2584010362625122,-8.117080687952694e-05,0.16656226913134256,0.1416273781956584,0.013934781096010908
JPM,2011-04-05,0.0,0.0010743661960077588,0.0,0.0003581220653359196,0.0010027314387013096
JPM,2011-04-06,0.42934222519397736,0.0736061163438535,0.4996775686740875,0.3342086367373061,0.09979031505231062
JPM,2011-04-07,0.0,0.0003601030330173671,0.0,0.00012003434433912237,0.00033609270979981237
JPM,2011-04-08,-0.060886040329933167,0.0012253343520569615,-0.4531809389591217,-0.1709472149789993,-0.016664786214877707
JPM,2011-04-11,0.3162058506693159,0.00039237860489395516,0.42716463123049053,0.24792095350156682,0.025338414682338994
JPM,2011-04-12,0.31906840701897937,0.0002747492804170785,0.34167711933453876,0.2203400918779784,0.022323086010987384
JPM,2011-04-13,0.008657507598400116,0.00011875830182361824,0.12555307894945145,0.04477644828322506,0.0047849311204604195
JPM,2011-04-14,0.8519604802131653,9.863019477052148e-05,0.999001145362854,0.61702008525693,0.06205092869370519
JPM,2011-04-15,0.0,0.00037228343171591405,0.0,0.000124094477238638,0.0003474609565873753
JPM,2011-04-16,0.0,0.000613625479672919,0.0,0.00020454182655763967,0.0005727112025887839
JPM,2011-04-18,0.05896936357021332,0.0002602807268203833,0.427690252661705,0.16230663231957956,0.01709735099757171
JPM,2011-04-19,0.0,0.0173060882370919,0.0,0.005768696079030633,0.01615218235776512
JPM,2011-04-20,0.2207703391710917,0.0003331749486884898,0.4255979160467784,0.21556714338885286,0.022209696097364694
JPM,2011-04-21,0.8398353904485703,0.0004187128042758559,0.9989766776561737,0.6130769269696733,0.061965305986921744
JPM,2011-04-22,0.9177690148353577,3.263662074459717e-05,0.8766329884529114,0.5981448799696713,0.059782170312863044
JPM,2011-04-25,0.28518472115198773,0.0005020912357293936,0.4147144953409831,0.2334671025762334,0.024023295800107248
JPM,2011-04-26,-0.002657949924468994,0.0008126661481355768,-0.23064881563186646,-0.07749803313606662,-0.007409141572776037
JPM,2011-04-27,0.2560642578385093,0.0016124259029972811,0.36329123648730194,0.20698930674293617,0.02233630826662701
JPM,2011-04-28,0.1664391985306373,0.003296886401760555,0.37541988721260655,0.18171865738166815,0.021498755589077986
JPM,2011-04-29,0.2934596538543701,0.001307699145263541,0.333415025472641,0.2093941261574249,0.02218761547458804
JPM,2011-05-02,0.4598052129149437,0.000855950388228166,0.549723893404007,0.33679501890239294,0.03460835127725583
JPM,2011-05-03,0.14139192104339598,0.02063068789211684,0.3934039771556854,0.18514219536373275,0.03751486582257938
JPM,2011-05-04,0.6489969988663992,0.0006454048079073497,0.749437595407168,0.4663599996938248,0.04739520668339704
JPM,2011-05-05,0.4714912573496501,0.001120947190732598,0.4346606234709422,0.30242427600377497,0.0311926754121786
JPM,2011-05-06,0.3672117511431376,0.003469737678400027,0.5999739567438761,0.32355181518847126,0.0358803167326704
JPM,2011-05-10,0.469566353729793,0.0009326363004739895,0.323312589100429,0.264603859710232,0.02705362068066623
JPM,2011-05-11,0.5204557105898857,0.00064554868686173,0.5661981254816055,0.36243312825278434,0.036907680808536326
JPM,2011-05-13,0.9003073374430338,0.00017073208315802427,0.999380886554718,0.6332863186936366,0.06366070692148809
JPM,2011-05-16,0.5856329202651978,0.0004709105269284919,0.6662442286809286,0.417449353157685,0.04231250972484463
JPM,2011-05-17,0.0866442322731018,0.0005238232921935074,0.004577080408732097,0.030581711991342474,0.003389801065895011
JPM,2011-05-19,0.6238023809024266,0.00010520757223275723,0.8562821745872498,0.493396587687303,0.04983872507074633
JPM,2011-05-20,0.8015763998031616,9.60537072387524e-05,0.999165415763855,0.6002792897580851,0.06046067019933497
JPM,2011-05-23,0.46270042657852173,0.00010909873957132277,0.7492629662156105,0.40402416384456785,0.04099612140670358
JPM,2011-05-24,0.6912498831748962,-0.000143617286994413,0.9989018917083741,0.563336052532092,0.05673820176206182
JPM,2011-05-25,0.052357758794512065,0.00020985247725288251,0.14753177336284093,0.06669979487820195,0.007022445382655116
JPM,2011-05-27,0.29365997314453124,0.0003925663604604779,0.5088693022727966,0.26764061392592947,0.027488985250061798
JPM,2011-05-31,0.32822773191663956,0.0032825899955544933,0.3336849874920315,0.22173176980140852,0.025139976817367207
JPM,2011-06-01,-0.775694727897644,-2.9206860745034646e-05,-0.9949740171432495,-0.5902326506338795,-0.0594327675397488
JPM,2011-06-02,0.0,0.0011524976389409858,0.0,0.0003841658796469953,0.0010756533709808424
JPM,2011-06-03,0.28637929757436115,3.224482982962703e-05,0.3329889376958211,0.20646682670000396,0.020758324745397256
JPM,2011-06-06,-0.2546139558156331,0.0004828034230336521,-0.041878051227993436,-0.09866973454019763,-0.009070335485858625
JPM,2011-06-07,0.8407067457834879,0.00022691113857338982,0.0007402499516805013,0.28055796895791396,0.02682864213526088
JPM,2011-06-08,0.14120995998382568,0.0002520562657082337,0.000891566276550293,0.0474511941753614,0.004732860703812348
JPM,2011-06-09,-0.10649363696575165,7.369949480562354e-05,-0.6737401038408279,-0.26005334710392464,-0.02691210859075739
JPM,2011-06-10,0.5728746771812439,0.001985867283292464,0.6207015037536621,0.39852068273939945,0.04172678448286174
JPM,2011-06-13,0.9290377497673035,0.00021036912949057296,0.9994902610778809,0.6429127933248916,0.06461025487888881
JPM,2011-06-14,0.9122657179832458,0.0012836162713938393,0.9990384578704834,0.6375292640417077,0.06506562095011661
JPM,2011-06-15,-0.6830798089504242,0.0002479773393133655,0.0,-0.22761061053703693,-0.021373853819108446
JPM,2011-06-16,0.9306057691574097,0.00037306702142814174,0.9994012117385864,0.6434600159724747,0.06480857903359089
JPM,2011-06-17,0.8993149399757385,8.327967952936888e-05,0.9990434348583221,0.6328138848378634,0.06353587048417894
JPM,2011-06-20,0.5005204677581787,0.0006730867958140152,0.7495104819536209,0.4169013455025379,0.04272739742643462
JPM,2011-06-21,0.5515628258387247,2.4796951038297266e-05,0.8720100323359171,0.47453255170856007,0.04803000999885155
JPM,2011-06-22,0.9174810846646627,-0.00011382746500506376,0.9987593094507853,0.6387088555501476,0.06391652835066476
JPM,2011-06-23,0.006950944662094116,8.50875221658498e-05,0.0008789300918579102,0.0026383207587059587,0.0003300711883135039
JPM,2011-06-24,0.11355981975793839,0.0005375371847549104,0.35861676186323166,0.15757137293530832,0.016661955603178256
JPM,2011-06-25,0.0,4.162875120528042e-05,0.0,1.387625040176014e-05,3.8853101794036086e-05
JPM,2011-06-27,-0.10519689747265407,0.0010834411563597054,0.07550483090536934,-0.009536208470308338,0.0003301224691553632
JPM,2011-06-28,-0.17864705622196198,0.0020250846549743073,0.008596345782279968,-0.0560085419282359,-0.0034591350286118376
JPM,2011-06-29,0.14802809953689575,3.0182015734681045e-05,0.5651085257530213,0.2377222691018839,0.02451555543648847
JPM,2011-06-30,0.30749623477458954,0.0005695496242879017,0.37427811324596405,0.22744796588161384,0.023374779581758702
JPM,2011-07-01,0.05435720086097717,0.0008789713301666779,0.07129383087158203,0.042176667687575296,0.005038277985827413
JPM,2011-07-05,0.021221256256103514,0.005917337090977526,0.3969816923141479,0.141373428553743,0.02010702794593652
JPM,2011-07-06,-0.6954430937767029,0.0001620450202608481,0.07818353176116943,-0.20569917233175752,-0.01910499719381858
JPM,2011-07-07,0.9115059971809387,0.000246025547918786,0.9993047912915548,0.6370189380068041,0.06408251696545281
JPM,2011-07-08,0.0,9.849183697951958e-06,0.0,3.2830612326506525e-06,9.192476971448233e-06
JPM,2011-07-11,-0.007145845890045166,0.0001581637374329148,0.0008074402809143067,-0.0020600806238993147,-5.010133920039251e-05
JPM,2011-07-12,0.17261316378911337,0.0008590685307960181,-0.20672641197840372,-0.011084726552831445,-0.0009837322132662148
JPM,2011-07-13,0.04649000366528829,0.00033940589037229074,0.27682462334632874,0.10788467763399644,0.011489096693414563
JPM,2011-07-14,0.14281992117563883,0.0022642108514850812,0.3339230484432644,0.15966906015679613,0.01833353464262915
JPM,2011-07-15,-0.09979652033911811,0.0009108636239842679,0.09216250313652886,-0.0022410511928683263,0.0009236634765397671
JPM,2011-07-18,-0.1061559518178304,0.00022814163518584488,-0.16560113430023193,-0.09050964816095881,-0.008948528236655168
JPM,2011-07-19,0.44983219504356386,0.013474771788423823,0.5995785892009735,0.35429518534432036,0.04781761830471639
JPM,2011-07-20,0.5521452575922012,0.008329428847218878,0.7493636310100555,0.43661277248315855,0.051500950462608
JPM,2011-07-21,0.395086253231222,0.0029964322764664594,0.5298778956586664,0.3093201937221183,0.033863560446992416
JPM,2011-07-22,0.37637905597686766,0.04032911044725552,0.5263318610191345,0.3143466758144193,0.06799106083626863
JPM,2011-07-25,0.16512538194656373,0.017923209708169453,-0.19903044700622557,-0.005327285117164127,0.014975524258003076
JPM,2011-07-26,0.4776035398244858,0.006633673800706674,0.7494628727436066,0.411233362122933,0.04756404113440406
JPM,2011-07-27,0.2955406935591447,0.0191111547902964,0.36843643376701757,0.22769609403881955,0.040097220187863415
JPM,2011-07-28,0.4647730886936188,0.0004000973581241851,0.6675404061873754,0.3775711974130395,0.038469142104585484
JPM,2011-07-29,0.17432197402505314,0.00110279452169112,0.5961644404074725,0.25719640298473895,0.027436723095729098
JPM,2011-08-01,0.6405172149340311,0.0010547779705423939,0.6995154817899069,0.44702915823149353,0.04575945454191224
JPM,2011-08-02,0.1420305073261261,0.0012743985307679395,0.3414544127881527,0.16158643954834892,0.01764870271412251
JPM,2011-08-03,0.009858640034993489,0.0008672044784664953,0.3095779657363892,0.10676793674994972,0.011970988604879867
JPM,2011-08-04,0.2421384028026036,0.00045785188922309317,0.1743034209523882,0.13896655854807163,0.014194793289013588
JPM,2011-08-05,-0.14090427330562047,0.022156552490384587,0.20606318754809244,0.029105155577618853,0.02344444193058609
JPM,2011-08-08,0.3559863521502568,0.0006761418103101627,0.3908186348584982,0.24916037627302176,0.02558766501743933
JPM,2011-08-09,-0.16621758256639754,0.000649371332006662,-0.15530328239713395,-0.10695716454384162,-0.01009417926642298
JPM,2011-08-10,0.0687366247177124,0.0006467113764301758,0.34969075918197634,0.13969136509203964,0.0150332970688909
JPM,2011-08-11,0.46724680066108704,0.002098229837429244,0.49931275844573975,0.3228859296480853,0.03423641288354844
JPM,2011-08-12,-0.6970689177513123,0.00019798697176156565,-0.09798612594604492,-0.26495235224186525,-0.025297096819923842
JPM,2011-08-15,0.12749518666948592,0.06289852043768665,0.02829704965863909,0.07289691892193721,0.06372898896085331
JPM,2011-08-16,0.09298004706700642,0.00035087374029293034,0.1619178056716919,0.0850829088263304,0.008943103483740682
JPM,2011-08-17,0.22226130962371826,0.02949824574316153,0.39979645013809206,0.21718533516832395,0.04857304312440487
JPM,2011-08-18,-0.7022958199183146,0.0002368346152555508,-0.15120673179626465,-0.28442190569977455,-0.02729138618230309
JPM,2011-08-19,-0.3692818532387416,0.1328290893764764,0.6097838282585144,0.12444368813208306,0.1336635384492879
JPM,2011-08-22,-0.5433826297521591,0.014819978788182198,-0.20460180938243866,-0.24438815344880518,-0.010525626047690726
JPM,2011-08-23,0.14269322156906128,0.0009629140622564591,2.358357111612956e-05,0.04789323973414462,0.0054128154239551935
JPM,2011-08-24,-0.5923500895500183,9.22514455851342e-05,-0.9647254228591919,-0.5189944203212083,-0.0524602324691228
JPM,2011-08-25,-0.23910778760910034,0.0005260577878895371,0.0,-0.07952724327373693,-0.00707181565119569
JPM,2011-08-26,-0.21709363162517548,0.1568748695440263,-0.6834916770458221,-0.24790347970899043,0.11559418298345892
JPM,2011-08-31,-0.14388245344161987,0.0020505729380602133,0.24981997907161713,0.035996032856019156,0.0061184010022585335
JPM,2011-09-01,0.8451151251792908,0.0010122793464688584,0.9993785917758942,0.6151686654338846,0.06270037303688751
JPM,2011-09-02,-0.13178763389587403,0.0026551036601631496,0.3234014272689819,0.06475629901109034,0.009643984026221897
JPM,2011-09-06,0.0,0.0009021689656947274,0.0,0.00030072298856490914,0.000842015723958387
JPM,2011-09-07,-0.29639060497283937,0.0005390929405621137,-0.006440675258636475,-0.10076406243030457,-0.00909718777877431
JPM,2011-09-08,0.08791124820709229,0.03472248946309264,0.2895748496055603,0.1374028624252484,0.045336624242032456
JPM,2011-09-09,0.07110323011875153,0.00017690021013549995,0.007942676544189453,0.026407602291025494,0.0026924135087068894
JPM,2011-09-12,-0.4985992908477783,0.00044797729742640513,-0.09456673264503479,-0.1975726820651289,-0.01866649135148476
JPM,2011-09-13,-0.42422863841056824,0.0007977028435561806,0.0013357102870941162,-0.1406984084266393,-0.01262670226885523
JPM,2011-09-14,-0.31577931344509125,0.001298886436416069,-0.4458259046077728,-0.25343544387214934,-0.024400447515290496
JPM,2011-09-15,-0.6126031875610352,0.0005938260947004892,0.9053265452384949,0.09777239459072007,0.012907053962600602
JPM,2011-09-16,0.028659284114837646,0.00016527876505278982,-0.27966683357954025,-0.0836140902332166,-0.008740758864134114
JPM,2011-09-20,-0.5574727455774943,0.004825028830661419,-0.3321067889531453,-0.29491816856665937,-0.024768479385292287
JPM,2011-09-21,0.06692791730165482,-0.00011670527783280704,0.12579260021448135,0.06420127074610112,0.006416610717740161
JPM,2011-09-22,-0.4457634389400482,0.003989755303033841,-0.4697363277276357,-0.30383667045488333,-0.026838284050117373
JPM,2011-09-23,-0.39991621176401776,0.0009522605396341532,0.0,-0.1329879837414612,-0.011760278590691259
JPM,2011-09-26,-0.14461423953374228,0.0037134817612241022,0.07181833187739055,-0.023027475298375875,0.0014088605473576788
JPM,2011-09-27,0.2823077042897542,0.013599973482390245,0.6643505493799845,0.3200860757173763,0.04490586308917361
JPM,2011-09-28,0.1684158444404602,0.002282965111226076,0.0015882492065429688,0.057429019586076414,0.007513274187444868
JPM,2011-09-29,-0.03302105665206909,0.0009699204012576957,0.0005501270294189453,-0.01050033640713082,-0.00011990084739999158
JPM,2011-09-30,-0.3348047584295273,0.002197073257775628,-0.1051710695028305,-0.14592625155819405,-0.012224972621788241
JPM,2011-10-03,-0.6515690684318542,0.005007497547012463,-0.16885598003864288,-0.2718058503078282,-0.021852917495267167
JPM,2011-10-04,-0.25520509481430054,0.009057997558556963,0.350779139995575,0.0348773475799438,0.012675863942883728
JPM,2011-10-05,-0.5204475075006485,0.001860254371422343,-0.49793916940689087,-0.33884214084537234,-0.032176422847818485
JPM,2011-10-06,0.0546151876449585,0.0003441034474235494,0.20028185844421387,0.08508038317886531,0.00906787880491519
JPM,2011-10-07,-0.2879693031311035,0.0021267407981213184,0.1007193684577942,-0.061707731291729344,-0.0035933989253660154
JPM,2011-10-10,0.0010857880115509033,0.004382565814770108,-0.16532814502716064,-0.053286597066946544,-0.0016695633191566631
JPM,2011-10-11,-0.18007866541544595,0.038615295339695876,0.4169507324695587,0.09182912079793622,0.04495769867050064
JPM,2011-10-12,-0.4641921877861023,0.006403353405653433,-0.4947320818901062,-0.317506972090185,-0.026044528860462126
JPM,2011-10-13,0.05262863139311472,0.003954273998412343,0.17087902625401816,0.0758206438818484,0.011344021787939442
JPM,2011-10-14,0.19625360586426474,0.0006596907033698782,0.26173432848670264,0.15288254168477908,0.015996065892033156
JPM,2011-10-17,0.38217003856386456,0.004182671149465023,0.2850791130747114,0.22381060759601365,0.025982708200305488
JPM,2011-10-18,0.5074705481529236,0.0038327804165874113,0.5900514721870422,0.3671182669188511,0.04030767807635332
JPM,2011-10-19,-0.2494426965713501,0.016829889891778294,0.10791833400726318,-0.04156482422410287,0.011600267923026845
JPM,2011-10-21,0.3348497717004073,0.024138394739183194,0.5857462286949158,0.3149114650448354,0.05364863988322454
JPM,2011-10-24,-0.08258083760738373,0.01762001887182123,0.4916442811489105,0.14222782080444932,0.031063879966345426
JPM,2011-10-26,-0.028182777491482822,0.004281207832636111,0.2723368135365573,0.08281174795923686,0.012648946313452656
JPM,2011-10-27,0.5008589178323746,0.01771605810483834,0.5620494559407234,0.3602081439593121,0.05207476141405832
JPM,2011-10-28,0.1160550832748413,-0.032233720602198444,0.3714407849311829,0.15175404920127525,-0.013395868274931904
JPM,2011-10-31,0.12807888218334743,0.003303673159734899,0.32009635865688324,0.15049297133332185,0.01835285769493788
JPM,2011-11-01,-0.25715844120298115,0.0016069365389869614,-0.1413989237376622,-0.1323168094672188,-0.011589544476374598
JPM,2011-11-02,0.003179681301116943,0.0007903414785687346,0.5991952896118165,0.20105510413050073,0.021838223990290118
JPM,2011-11-03,-0.20217379265361363,0.017180495623809595,0.016061001353793673,-0.05631076522533678,0.010203250152738154
JPM,2011-11-04,0.3506238119942801,0.007269150301388956,0.5711120026452201,0.30966832164696306,0.037890207459669215
JPM,2011-11-07,-0.03924053907394409,0.0023283451337761107,0.4989577531814575,0.1540151864137632,0.018418932723666806
JPM,2011-11-08,0.24088487029075623,0.05188193740711237,0.49970410267512005,0.26415697012432954,0.07355478962028138
JPM,2011-11-09,0.2606169515185886,0.004141131142306322,0.4441186189651489,0.23629223387534792,0.027673165762370194
JPM,2011-11-10,0.14018457586115057,0.004393414079210991,0.3751797459342263,0.17325257862486262,0.021683340730310197
JPM,2011-11-11,0.3018623615304629,0.008010810525130788,0.33363214135169983,0.21450177113576452,0.028717168454189878
JPM,2011-11-14,0.2784396585296182,0.003539638208113662,0.4105154836879057,0.23083159347521254,0.026497807537852212
JPM,2011-11-15,-0.29537026990543713,0.0033550676376679885,0.3174056519161571,0.008463483216129311,0.004913147764129033
JPM,2011-11-16,-0.03339387973149618,0.015641205175092585,0.3141744136810303,0.09880724637487555,0.0245529613261355
JPM,2011-11-17,0.05449815094470978,0.0024842655611791997,-0.16956570744514465,-0.037527763646418556,-0.001900413322155829
JPM,2011-11-18,0.13708957036336264,0.0008946500891852338,0.39776362578074137,0.1785826154110964,0.019111466578641222
JPM,2011-11-21,0.0517737939953804,0.019555273165678955,0.5849210098385811,0.2187500256665468,0.04038870293673619
JPM,2011-11-22,0.10611681504683061,0.0046234790185983666,0.20179870453747836,0.10417966620096912,0.014744040250218462
JPM,2011-11-23,-0.13750824332237244,0.010192048804583465,-0.12433037534356117,-0.08388218995378338,0.0008057908677713339
JPM,2011-11-25,0.0,-9.532437616144307e-06,0.0,-3.177479205381436e-06,-8.896850333535211e-06
JPM,2011-11-28,-0.4249118447303772,0.002695295585817803,0.0,-0.14073884971485312,-0.010924056308098895
JPM,2011-11-29,0.35550112277269363,0.0005548368017116445,0.30666976422071457,0.2209085745983733,0.022509933947799377
JPM,2011-11-30,0.3473561257123947,0.0020312684173404705,0.4997057765722275,0.2830310569006542,0.03039564004452888
JPM,2011-12-01,-0.20925934612751007,4.72450263941937e-05,-0.1444038599729538,-0.11787198702468989,-0.011635544123344777
JPM,2011-12-02,0.19275906682014465,0.002612797163616657,0.6442869504292806,0.27988627147101397,0.03111574432437072
JPM,2011-12-05,0.0,1.6317891095241066e-05,0.9664825201034546,0.3221662793315166,0.03388756033725955
JPM,2011-12-06,-0.4666038155555725,0.004509051656532393,0.5958863615989685,0.04459719923330944,0.010334120221848531
JPM,2011-12-07,-0.11360914598811757,0.000798223118098659,0.4618497003208507,0.11634625915027726,0.013338084099971422
JPM,2011-12-08,0.14788475361737338,0.003967893786879854,0.6309884786605835,0.26094704202161223,0.030495076769726875
JPM,2011-12-09,-0.49844974279403687,0.0095685173338487,-0.5242732167243958,-0.33771814739486133,-0.025209275908646186
JPM,2011-12-12,-0.16394974291324615,0.005549381727178115,0.2498554289340973,0.030485022582676418,0.008750451730118002
JPM,2011-12-13,-0.2173197070757548,0.0005402074251226926,-0.5589038928349813,-0.2585611308285378,-0.025957383359748225
JPM,2011-12-14,0.21925878524780273,0.0021187216819384957,0.37461211532354355,0.19866320741776158,0.02204148004630095
JPM,2011-12-15,-0.3961626172065735,0.0027187399740796537,0.4557947516441345,0.02078362480388024,0.00598138812336518
JPM,2011-12-16,0.3600784589846929,0.0003345915204893875,0.3525493045647939,0.23765411835665873,0.02405709269880292
JPM,2011-12-19,-0.056001598184758965,0.000892943895451026,-0.05669482187791304,-0.03726782538907366,-0.0029248667935982916
JPM,2011-12-20,0.0,-4.459687200627135e-05,0.0,-1.486562400209045e-05,-4.162331996865819e-05
JPM,2011-12-21,-0.432511568069458,0.006550528276420664,0.011167991161346435,-0.13826434954389696,-0.007174844504985182
JPM,2011-12-22,0.2180219292640686,0.0033980937247785428,0.6660901109377543,0.29583671130886713,0.03341186256185871
JPM,2011-12-23,-0.3174382150173187,0.001016509977489477,0.9892322421073914,0.2242701790225207,0.025578043400490972
JPM,2011-12-27,-0.11432608962059021,0.003271297366950421,-0.09101603428522746,-0.06735694217962242,-0.003752708529721984
JPM,2011-12-28,-0.4318007230758667,0.00914714730849179,0.3277812600135803,-0.031624105251264856,0.006367476642737078
JPM,2011-12-29,0.2738497058550517,0.011193028056974677,0.0004019935925801595,0.09514824250153552,0.019122465248602373
JPM,2011-12-30,0.07420465350151062,0.0031361195142380893,0.4994140565395355,0.1922516098517614,0.022777025253746093
JPM,2012-01-03,0.12456166081958348,0.0026704860295770536,0.11158660385343763,0.07960625023419939,0.010342996375966335
JPM,2012-01-04,0.04896638339216059,0.0015452134466613643,0.18224832686510953,0.07758664123464383,0.009378214173110175
JPM,2012-01-05,-0.15287497639656067,0.0008620646112831309,0.0005092471837997437,-0.050501221533825934,-0.004012886544560464
JPM,2012-01-06,-0.2973807719018724,0.0035541043580451515,-0.33157836066352,-0.2084683427357824,-0.017709631575948466
JPM,2012-01-10,0.21083691120147705,0.0027684860311183003,0.00105513334274292,0.07155351019177943,0.009289484718260408
JPM,2012-01-11,-0.1775960624217987,0.00015101351664270624,0.24965322017669678,0.024069390423846926,0.0032733167654708313
JPM,2012-01-12,0.3975379864374797,0.0016707967907526229,0.6677473485469818,0.3556520439250714,0.037535773333420216
JPM,2012-01-13,-0.6221224218606949,0.03195204810594987,-0.4988657832145691,-0.3630120523231047,-0.007339411372758118
JPM,2012-01-17,-0.458696648478508,-2.9754414754279424e-05,-0.49786168336868286,-0.3188626954206484,-0.031984565353332994
JPM,2012-01-18,-0.4892939329147339,0.0006194094639795367,-0.6647443970044454,-0.38447297348506665,-0.0381951944912876
JPM,2012-01-19,0.0,-8.295231964439154e-05,0.0,-2.765077321479718e-05,-7.742136926716519e-05
JPM,2012-01-20,-0.6972742478052775,0.002360324712450771,-0.6648427049318949,-0.45325220934157384,-0.043152064035064754
JPM,2012-01-23,-0.2852336049079895,0.00239157649120898,0.37481706142425536,0.030658344335824945,0.006346613093651404
JPM,2012-01-24,0.19359499216079712,0.0007602184720478059,0.653986394405365,0.28278053501273664,0.02975306570555985
JPM,2012-01-25,0.3238292783498764,0.016116659955969226,0.3752537965774536,0.23839991162776641,0.03843606292180451
JPM,2012-01-26,-0.41733816266059875,0.001958590029971674,-0.49891239404678345,-0.3047639888924702,-0.028857482589938147
JPM,2012-01-27,-0.08908345699310302,0.002105190555812442,0.1837621212005615,0.03226128492109031,0.005587496616916447
JPM,2012-01-30,0.657715231180191,-9.165914707409684e-05,-0.04466360807418823,0.20431998798630957,0.01915215877041471
JPM,2012-01-31,0.05334290862083435,0.10107954945288782,0.20011932849884034,0.11818059552418751,0.10304072146861419
JPM,2012-02-01,-0.28455525636672974,0.0003180393759976141,-0.9789379835128784,-0.42105840016787016,-0.04301229043067977
JPM,2012-02-02,-0.059432923793792725,0.006475595695519587,0.04791015386581421,-0.001682391410819643,0.005843117010427053
JPM,2012-02-03,0.5263535305857658,0.006737125207109784,0.4357510606447856,0.32294723881255377,0.03820785678926483
JPM,2012-02-06,0.8346283435821533,0.0024067760386969894,0.9992696642875671,0.6121015946361391,0.06366638438208735
JPM,2012-02-07,-0.1562782327334086,0.0012155105420485295,0.49840261538823444,0.11444663106562479,0.013659028648834897
JPM,2012-02-08,0.9182625770568847,0.03547664875804912,0.9967407345771789,0.650159986797371,0.09708793791161804
JPM,2012-02-09,0.44689128032097447,0.040280360227580574,0.4576844068673941,0.31495201580531634,0.06776992236105868
JPM,2012-02-10,0.9231035113334656,-0.012285584583878517,0.9980741739273071,0.6362973668922981,0.052710159532189466
JPM,2012-02-13,0.0,6.746623512299266e-05,0.0,2.2488745040997554e-05,6.296784063113788e-05
JPM,2012-02-14,-0.7390686273574829,0.09111951687373221,0.0,-0.2159830368279169,0.0616678317557454
JPM,2012-02-15,0.45737457275390625,-0.003261608438606345,0.49311840534210205,0.31574378988580065,0.028704603697409525
JPM,2012-02-16,0.9174579381942749,0.0050146214380220044,0.9918986260890961,0.6381237285737976,0.06846185404394811
JPM,2012-02-17,0.08125047385692596,0.012203370004499448,-0.24986357986927032,-0.05213657866928164,0.005202612545949029
JPM,2012-02-21,-0.0347679927945137,0.10673500891607546,-0.24939271807670593,-0.05914190065171473,0.08977815868110854
JPM,2012-02-22,-0.27613160014152527,0.042626276885909774,-0.2845845477921622,-0.17269662368259256,0.02107644299681762
JPM,2012-02-23,0.6560181578000387,0.012329085051230019,0.1586673160394033,0.275671519630224,0.037817199562698314
JPM,2012-02-27,0.2944551308949788,-0.0023345841818809276,0.31675199667612713,0.202957514463075,0.018235682392996267
JPM,2012-02-28,0.21040025353431702,0.047814417266636156,0.4997599720954895,0.25265821429881424,0.06879622830923489
JPM,2012-02-29,0.9011107087135315,0.007773201912641525,-0.9975054860115051,-0.029540525128444035,0.0007967688815476807
JPM,2012-03-01,0.0,0.0004541071748462855,0.0,0.00015136905828209515,0.00042382901472905795
JPM,2012-03-02,0.8334813266992569,0.0041504368473397335,0.9984476119279861,0.6120264584915276,0.06522869362705822
JPM,2012-03-05,0.4440462052822113,0.06649584564529505,0.39514867067337034,0.3018969072002922,0.08995577590234193
JPM,2012-03-06,-0.17777717113494873,0.0009774451070825307,0.2440604791045189,0.022420251025550897,0.0038429080689108028
JPM,2012-03-07,0.9211547374725342,0.046779826283454895,0.9956159591674805,0.6545168409744898,0.10768951841088753
JPM,2012-03-08,0.43198615312576294,0.1963321552349953,0.5976462364196777,0.4086548482601453,0.21785057559284315
JPM,2012-03-12,0.03692510724067688,-9.573069746693363e-05,0.28075872361660004,0.10586270005326999,0.010918322003342857
JPM,2012-03-13,-0.2259269803762436,0.01368804949652258,0.0,-0.07074631029324034,0.005629482411368969
JPM,2012-03-14,0.46038774649302167,0.13533997218231283,0.16682937741279602,0.2541856986960435,0.14672459902742815
JPM,2012-03-16,-0.08236891031265259,0.22609323486540234,-0.4991024136543274,-0.11845936303385922,0.19092086412152712
JPM,2012-03-19,0.474226176738739,0.03893277279271388,0.2983357012271881,0.270498216919547,0.06179207331579518
JPM,2012-03-20,0.6930074691772461,-5.616424459731206e-06,0.0,0.23100061758426213,0.02191405841789619
JPM,2012-03-21,0.3729579210281372,0.020559248246718197,0.17859646081924438,0.1907045433646999,0.03724408331305355
JPM,2012-03-22,-0.37086348235607147,0.03331463153972436,-0.24866293370723724,-0.19540392817452812,0.010648310105283778
JPM,2012-03-23,0.38984712958335876,0.03292297998996219,0.16353182991345724,0.19543397982892607,0.04878967004460355
JPM,2012-03-26,0.5935171047846476,0.040919874884518016,0.9967662493387858,0.5437344096693172,0.09189767156990043
JPM,2012-03-27,-0.612231656908989,0.0002353790650886367,-0.47126246988773346,-0.36108624924387794,-0.035661082150984104
JPM,2012-03-28,0.0,0.0019513123334036209,0.0,0.0006504374444678737,0.0018212060922597317
JPM,2012-03-29,0.46377719938755035,0.0030952027032071783,0.9698505848646164,0.478907662318458,0.05154811809909684
JPM,2012-03-30,0.0,-1.2983582564629614e-06,0.0,-4.327860854876538e-07,-1.2117885846425269e-06
JPM,2012-04-02,0.3837067037820816,0.14585856022949883,0.25027547776699066,0.25994691392619035,0.15704101426023012
JPM,2012-04-03,0.9104975163936615,0.505625315497491,0.8588241040706635,0.7583156453206054,0.5308096749201052
JPM,2012-04-04,0.24043627083301544,0.062456165433104616,0.49962928891181946,0.26750724172597984,0.0834071546541911
JPM,2012-04-05,-0.3520575165748596,0.0108264024189945,-0.33247055610020954,-0.22456722341869154,-0.01268287573142921
JPM,2012-04-08,0.0,0.0003582141362130642,0.0,0.0001194047120710214,0.0003343297575686942
JPM,2012-04-09,0.43892452120780945,0.004898684506770223,0.0628216303884983,0.16888161203435934,0.02065661882201519
JPM,2012-04-10,0.4010977546374003,0.012177662745246683,0.5205012639363606,0.31125889377300253,0.042294136189915586
JPM,2012-04-11,0.10691499710083008,0.016329044140320548,0.00030547380447387695,0.04118317168187483,0.018632631043585837
JPM,2012-04-12,0.8673048615455627,0.02070623845793307,0.9978926479816437,0.6286345826617131,0.08173097907006079
JPM,2012-04-13,0.31274783114592236,0.025216607972348964,0.3624604642391205,0.23347496778579727,0.04613039353381413
JPM,2012-04-16,0.899269719918569,0.05485780801003178,0.9954637686411539,0.6498637655232516,0.11453135129305052
JPM,2012-04-17,0.8885705769062042,0.04221371460062073,0.9956927001476288,0.6421589972181513,0.10239993629177103
JPM,2012-04-18,0.22427924474080405,0.015945293564679257,0.1599085032939911,0.13337768053315813,0.027580218900243092
JPM,2012-04-19,0.6323361814022064,0.026105108701267456,0.8890514433383941,0.5158309111472893,0.07552343457488517
JPM,2012-04-20,0.348119729757309,0.02498832265737292,0.4627327601114909,0.27861360417539094,0.050550362114659096
JPM,2012-04-23,0.6379909744629493,0.04358708302452914,0.6781767835983863,0.4532516136952882,0.08462810400896195
JPM,2012-04-24,0.3522181808948517,0.08409854387950459,0.7226876399733804,0.38633478824924555,0.11495960557009204
JPM,2012-04-25,0.4677392284075419,0.01264134597343703,0.720046877861023,0.4001424840806673,0.05182820116169819
JPM,2012-04-26,0.7093671838442485,0.03907362399622798,0.8571332295735677,0.5351913458046814,0.08894504868016055
JPM,2012-04-27,0.5400631015117352,0.045329453957842464,0.763686464383052,0.44969300661754324,0.08615377615279103
JPM,2012-04-30,0.7076868042349815,0.06833254493540153,0.7436708211898804,0.5065633901200878,0.1122234276154583
JPM,2012-05-01,0.9215027093887329,-0.013264670502394438,0.9902128577232361,0.6328169655365249,0.05147020712294426
JPM,2012-05-02,0.4887326657772064,0.07784462068229914,0.7305094748735428,0.4323622537776828,0.11371465337014582
JPM,2012-05-03,0.06874427199363708,0.030983297682723787,0.49853016436100006,0.1994192446791203,0.048563771170378627
JPM,2012-05-04,0.6547888772828239,0.042198991448718255,0.8527443579265049,0.5165774088860157,0.08998194316555136
JPM,2012-05-07,0.9176832040150961,0.015457683087637028,0.9805749257405599,0.6379052709477643,0.07781887203694972
JPM,2012-05-08,0.17962822318077087,0.10362599113189692,0.44241103198793197,0.24188841543353323,0.11790328902614544
JPM,2012-05-09,0.22142711511025062,0.048546459435643695,0.29706647304388195,0.1890133491965921,0.0627244290737611
JPM,2012-05-10,-0.32530961036682127,0.0037418062865981483,-0.7703401923179627,-0.3639693321327286,-0.033795106354291976
JPM,2012-05-11,0.1112821102142334,0.0012030681987198477,0.052601538598537445,0.0550289056704969,0.006486147876128299
JPM,2012-05-14,0.49517127871513367,0.14583555156423245,0.7391619235277176,0.4600562512690279,0.17767909241797147
JPM,2012-05-15,0.1151061753431956,0.03235462829070457,0.32984741528828937,0.15910273964072985,0.045398230927356585
JPM,2012-05-16,0.03535256060686978,0.028947207427088208,-0.0007727579637007279,0.021175670023419083,0.02810820835772025
JPM,2012-05-17,0.45653773844242096,0.03641585982882134,0.7180105745792389,0.40365472428349375,0.07359185710149344
JPM,2012-05-18,0.4137887954711914,0.000901876094758336,-0.2411356419324875,0.05785167654448742,0.00547848272018882
JPM,2012-05-21,-0.8130749861399332,0.00015168081154115498,-0.3325626850128174,-0.3818286634470698,-0.03723070860484606
JPM,2012-05-22,0.6802298724651337,0.0422449288930693,0.9979190528392792,0.5734646180658274,0.09591743977934834
JPM,2012-05-23,0.3836963027715683,0.026813624555264443,0.3327476680278778,0.2477525317849035,0.048823629183728845
JPM,2012-05-24,-0.4157663881778717,0.019854598507663468,0.4996517300605774,0.034579980130123054,0.02289169535736839
JPM,2012-05-25,0.8345889747142792,0.10458343005575443,0.9856015592813492,0.6415913213504609,0.15855000772471353
JPM,2012-05-29,-0.1522385080655416,0.01991834899308742,-0.33167871832847595,-0.15466629246697672,0.002150729260036516
JPM,2012-05-30,0.9292407035827637,-0.0038566512521356344,0.9811592102050781,0.6355144208452354,0.060178378811559796
JPM,2012-05-31,0.6614463031291962,0.06897001859094114,0.8322828610738119,0.5208997275979831,0.11446143183109071
JPM,2012-06-01,-0.270138818025589,0.021464050039048742,0.09592748880386352,-0.05091575972755891,0.014850593617633497
JPM,2012-06-04,0.20324474573135376,0.003690568057265864,0.24986229836940765,0.15226587071934242,0.01862990035107578
JPM,2012-06-05,-0.5285002713402113,0.04139927519887957,-0.0927307556072871,-0.19327725058287293,0.018672926762572855
JPM,2012-06-06,-0.7753448155191209,0.019538641241322492,-0.22240432103474936,-0.3260701651041826,-0.014082297932606702
JPM,2012-06-07,-0.21761977672576904,0.08368299716130423,0.0,-0.04464559318815494,0.07122018127373166
JPM,2012-06-08,-0.7107751369476318,0.11208143830299377,0.0,-0.19956456621487936,0.08212698904708975
JPM,2012-06-11,0.4481900930404663,0.00452877811039798,0.0008766055107116699,0.1511984922205253,0.018433451096127533
JPM,2012-06-12,-0.746173620223999,-0.0007319191063288599,0.0,-0.24896851311010929,-0.02428402282358511
JPM,2012-06-13,0.14549267590045928,0.01481100576515928,0.15326821506023408,0.1045239655752842,0.02379687986589018
JPM,2012-06-14,0.8253302425146103,0.00171630748309326,0.9522532969713211,0.5930999489896749,0.06108007835400821
JPM,2012-06-15,-0.2132950872182846,0.0016364505881938385,0.4628762900829315,0.08373921781761358,0.011003410245352093
JPM,2012-06-18,0.531941682100296,0.0005899496109122992,0.16161373257637024,0.23138178809585952,0.023039604192547886
JPM,2012-06-19,0.14528110197612218,0.17172551367132524,0.3966632740838187,0.23788996324375536,0.1787724930821568
JPM,2012-06-20,0.2870851755142212,0.0002272509059366712,0.0,0.09577080880671929,0.009292384907371267
JPM,2012-06-21,0.3808693364262581,0.014248540742016758,0.6432576030492783,0.3461251600725177,0.0478893705236673
JPM,2012-06-22,0.35623642589364735,0.007728719084947703,0.20346313289233617,0.1891427592903104,0.02561166122612975
JPM,2012-06-25,-0.15283630788326263,0.21759063413242075,-0.8724641129374504,-0.2692365955627641,0.16767113844103265
JPM,2012-06-26,-0.21998496566499984,0.0024400917354796547,-0.3960386599813189,-0.20452784463694637,-0.018560535780133326
JPM,2012-06-27,-0.5106219251950582,0.0005102447084937012,-0.6464876731236776,-0.3855331178700807,-0.03833182444037805
JPM,2012-06-28,0.32604674859480426,0.045262063004966796,0.26474256948991254,0.2120171270298945,0.06183520854653718
JPM,2012-06-29,-0.18236635128657022,0.09042995097115636,0.33099456628163654,0.07968605532207422,0.09023268662440306
JPM,2012-07-02,0.39370032399892807,0.017467926921938215,0.0,0.13705608364028876,0.028755673868016408
JPM,2012-07-05,0.9442072510719299,1.0583630228211405e-05,0.99944669008255,0.647888174928236,0.06490206311715113
JPM,2012-07-06,-0.30337228377660114,0.001500862878553259,0.0,-0.10062380696601596,-0.00819464447492915
JPM,2012-07-07,0.7943338751792908,0.0002420025339233689,0.9984070658683777,0.5976609811938639,0.06034123500466109
JPM,2012-07-09,-0.1571488247977363,0.005938808167431691,0.3137242529127333,0.05417141209414291,0.011567431926543829
JPM,2012-07-10,-0.11066657304763794,0.07805670530938692,0.22034311294555664,0.0625777484024352,0.0770742480352947
JPM,2012-07-11,-0.426233246922493,0.07558325480435583,-0.18456580151211133,-0.17840526454341613,0.05059373340919421
JPM,2012-07-12,0.024660730361938478,0.0021834444515661743,-0.39931970834732056,-0.12415851117793864,-0.011177104233226738
JPM,2012-07-13,0.8728992144266764,0.0013999688089825213,0.9957351088523865,0.6233447640293485,0.06381331092217445
JPM,2012-07-16,0.2791534960269928,0.021655436855022952,0.5219915409882864,0.27426682462343405,0.04733519372089016
JPM,2012-07-17,-0.07848259806632996,0.0362102994668021,-0.6229409426450729,-0.2217377470815336,0.00948136319232282
JPM,2012-07-18,0.3779229617544583,0.04672758781238632,0.13700267459665025,0.18721774138783162,0.060366917352359495
JPM,2012-07-19,-0.5994534662791661,0.0027466914283909966,-0.1657300250870841,-0.2541455999792864,-0.022205048706925076
JPM,2012-07-20,-0.060964105305848296,0.11822826392603424,0.4035262597931756,0.15359680613778717,0.1225593891136819
JPM,2012-07-23,0.34288353390163845,0.01643853685972216,0.43875094917085433,0.266024339977405,0.041564534615529475
JPM,2012-07-24,-0.3782976418733597,0.007659647021682758,-0.24935731291770935,-0.20666510258979542,-0.01355556662225488
JPM,2012-07-25,-0.06833299994468689,0.06449672580783954,-0.003364121913909912,-0.0024001320169190887,0.05791710200316509
JPM,2012-07-26,-0.2733488402196339,0.06816307929096053,0.2801955257143293,0.025003254928551988,0.06479242433768116
JPM,2012-07-27,-0.6107496619224548,0.04464496761223321,-0.6622257828712463,-0.4094434923938226,-0.000858380053279844
JPM,2012-07-30,-0.06414857506752014,4.499188344198046e-05,-0.9979766309261322,-0.3540267380367368,-0.036963084936908176
JPM,2012-07-31,0.014089316129684448,0.04318736478105096,0.49475826208408064,0.1840116476649387,0.05809322869707034
JPM,2012-08-01,-0.10915161669254303,0.04242936796890717,-0.0017463713884353638,-0.022822873370690406,0.03608674941991266
JPM,2012-08-02,-0.24891839708600724,0.12747026607524145,0.27792962959834505,0.052160499529193084,0.120838533890272
JPM,2012-08-03,-0.5583847686648369,0.03480449644462169,-0.5406132638454437,-0.354731178688553,-0.004124307421091139
JPM,2012-08-06,0.4119259715080261,0.07653406262397766,0.6592664817969004,0.3825755053096347,0.10756528753507545
JPM,2012-08-07,0.13309921158684623,0.0844173079001646,0.28107617298762005,0.1661975641582103,0.09284938421817952
JPM,2012-08-08,0.3842691860415719,0.06066758842668853,0.5044746832414106,0.3164704859032237,0.0864569778520264
JPM,2012-08-09,0.39467062387201524,0.02640551078901707,0.088221894370185,0.16976600967707245,0.040219937678106436
JPM,2012-08-10,-0.432354673743248,0.025635006135416916,-0.25062429904937744,-0.21911465555240284,0.0014670745282316946
JPM,2012-08-13,0.27719246099392575,0.03526503149328164,-0.12886592000722885,0.06119719082665951,0.03716471285186624
JPM,2012-08-14,-0.09638695915540059,0.016799436334319278,0.32702330748240155,0.08247859488710675,0.024091858275984014
JPM,2012-08-15,0.31159751613934833,0.09079170909495184,0.5511791374948289,0.3178561209097097,0.11391083576011224
JPM,2012-08-16,0.43099191453721786,0.0804416972500298,0.5524500211079916,0.3546278776317464,0.10807181943027232
JPM,2012-08-17,0.9082374334335327,0.05969706928153755,0.9975125789642334,0.6551490272264345,0.1194033950128356
JPM,2012-08-20,0.2501666694879532,0.0503710385719387,0.6139337718486786,0.3048238266361902,0.07644161771380584
JPM,2012-08-21,0.03651858866214752,0.012616634560799866,0.6760160773992538,0.24171710020740042,0.036622807913740646
JPM,2012-08-22,0.362340768178304,0.01063884125869663,0.33180032173792523,0.2349266437249753,0.03301865868940147
JPM,2012-08-23,0.03261325756708781,0.05889674325771921,0.4945053656895955,0.19533845550480086,0.07333219978813743
JPM,2012-08-24,-0.292428861061732,0.024183506294017814,-0.4988146324952443,-0.25568666242098614,-0.004160228078517414
JPM,2012-08-27,-0.4426038861274719,0.0006227003032108769,0.158208966255188,-0.09459073985635769,-0.00787329153963353
JPM,2012-08-29,-0.14240533113479614,0.12040220727431006,0.4994989335536957,0.15916526989773652,0.1253760161682595
JPM,2012-08-30,0.08002352714538574,0.03339822113048285,0.49901440739631653,0.2041453852240617,0.05119140410499354
JPM,2012-08-31,0.44319203070231844,0.004364227935314245,0.7055575166429792,0.38437125842687064,0.04281875265262368
JPM,2012-09-04,0.3632176419099172,0.054661988147321004,0.49802013238271076,0.3052999208133163,0.0799597519291279
JPM,2012-09-05,0.3368551582098007,0.033031320304985456,0.37454596906900406,0.24814414919459674,0.0546101096977345
JPM,2012-09-06,0.4213988355227879,0.044212240760056636,0.42378364290509907,0.2964649063959812,0.0694452122829848
JPM,2012-09-07,-0.22527287403742471,0.09999024336654354,-0.002300133307774862,-0.042527587992885356,0.08611744294877167
JPM,2012-09-10,0.8312179525693257,0.05164286547924348,0.7911148309707642,0.5579918830064444,0.10221651973887667
JPM,2012-09-11,0.2993221197809492,0.011898392329645244,0.7015768800462995,0.3375991307189647,0.04516056136856736
JPM,2012-09-12,-0.026656832013811384,0.03681759608610134,0.42822218792779104,0.14612765066669367,0.04852751095198857
JPM,2012-09-13,-0.8968925774097443,8.149414497893304e-05,-0.6591910123825073,-0.5186673652157575,-0.0513946496530412
JPM,2012-09-14,-0.26408305764198303,0.05121840839183278,-0.33226287364959717,-0.18170917429991582,0.02780578747422118
JPM,2012-09-17,0.1696544181216847,0.046241341487488666,0.08371501619165594,0.09987025860027643,0.05145814524003964
JPM,2012-09-18,0.4784153938293457,0.0819124171648582,0.5979858875274658,0.38610456617388994,0.11254034437546426
JPM,2012-09-19,0.15080918507142502,0.02844114441144153,0.07465759190646085,0.08463597379644246,0.03393130097573749
JPM,2012-09-20,0.19312081734339395,0.0008427282688595975,-0.3369532624880473,-0.04766323895859792,-0.004914403433810056
JPM,2012-09-21,0.9260680973529816,-0.01762951398268342,0.9893246293067932,0.6325877375590304,0.04750966500450352
JPM,2012-09-24,-0.32689687609672546,0.040345660629100166,-0.748347818851471,-0.34496634477303206,0.0010887038198165806
JPM,2012-09-25,0.45554661750793457,-0.02623635038617067,0.4999356269836426,0.3097486313684688,0.007442838772586329
JPM,2012-09-26,0.7001305550336838,0.03881809881804656,0.6975752532482147,0.4788413023666484,0.08282238521931563
JPM,2012-09-27,0.6499255696932474,0.0034176185145042837,0.8278717497984568,0.4937383126687362,0.05276083367618056
JPM,2012-09-28,0.7678146454004141,0.011038958433765891,0.9072409272193909,0.5620315103511903,0.06638440522669982
JPM,2012-10-01,0.6380204898970467,0.003961557666635989,0.8034097637448993,0.48179727043619397,0.05203463673077773
JPM,2012-10-02,0.3320448398590088,0.049486563270875195,0.37152149528265,0.251017632804178,0.06971003090319054
JPM,2012-10-03,0.2764804810285568,0.001682570922753257,0.4979425022999446,0.2587018514170849,0.02776665175651625
JPM,2012-10-04,0.8661961214882987,0.026979339949321002,0.9399349008287702,0.61103678742213,0.0855194998181496
JPM,2012-10-05,-0.19453330834706625,0.05934987093011538,0.3321390549341838,0.0656518725057443,0.06088018709067744
JPM,2012-10-08,0.045198665724860296,0.05304305304737985,0.153648532099194,0.08396341695714471,0.056320862338483726
JPM,2012-10-09,-0.1474995187350682,0.07558261915164621,-0.14360890643937246,-0.07184193534093149,0.06084468796342016
JPM,2012-10-10,-0.01619255542755127,0.049039742850027324,-0.251095250248909,-0.07274935427547764,0.03645765964175879
JPM,2012-10-11,0.6400731830369859,0.0633965698943939,0.7861031520934332,0.49652430167493766,0.10696512636281501
JPM,2012-10-12,0.5863536596298218,0.0013302772232337804,0.7253458632363213,0.43767660002979225,0.045208709773956565
JPM,2012-10-15,-0.2183208465576172,0.011457620417136891,0.4190230965614319,0.07071995680698386,0.018473856316769524
JPM,2012-10-16,0.15343941748142242,0.028922207496123065,0.5735808089375496,0.2519808113050317,0.051949252155067405
JPM,2012-10-17,-0.18942031860351563,0.0028561441700730938,-0.036376702785491946,-0.07431362573964483,-0.004600408533791652
JPM,2012-10-18,-0.8154623746871948,0.07861895131209166,-0.39918971061706543,-0.3786777113307229,0.0335940691756479
JPM,2012-10-19,0.5767253424440112,0.08412157537012328,0.4283445732934134,0.36306383036918266,0.1117662511346573
JPM,2012-10-22,0.09330825010935466,0.016279004126166303,0.49465395013491315,0.2014137347901447,0.03548099609215494
JPM,2012-10-23,0.30276679075681245,0.0365195847922363,0.38383878194368803,0.24104171916424558,0.05711328268424869
JPM,2012-10-24,0.03170302968758803,0.04293095053253637,0.20818029917203462,0.09427142646405301,0.04836731563297368
JPM,2012-10-25,-0.2995991309483846,0.043635664605972124,0.6604728301366171,0.1348364545980682,0.05439771248303992
JPM,2012-10-26,0.5231090635061264,0.014194000159250209,0.7348252236843109,0.42404276244989586,0.05554657486553751
JPM,2012-10-29,-0.14245467565276407,0.046019166432994425,0.26969317956404254,0.0577525567814243,0.04789698903422014
JPM,2012-10-30,-0.8843262195587158,-1.2019803762086667e-05,-0.9791293144226074,-0.6211558512616951,-0.06229734851218653
JPM,2012-10-31,0.3026731141975948,0.039043825076597774,0.2854407514844622,0.20905256358621824,0.056017696335304366
JPM,2012-11-01,0.3391244212786357,0.01967230796193083,0.657300611337026,0.3386991135258642,0.05212330576980181
JPM,2012-11-02,0.7122262120246887,0.019032528495396644,0.8320232232411703,0.5210939879204185,0.0694506177639807
JPM,2012-11-05,0.26184686101399934,0.04924928958710622,0.07567066871202908,0.12892227310437823,0.056899581936523266
JPM,2012-11-06,0.46292056639989215,0.026271754573523747,0.6355615854263306,0.3749179687999155,0.06143641752037894
JPM,2012-11-07,-0.08012073636054992,0.03768081248096375,0.13098863363265992,0.029516236584357914,0.037224999347453304
JPM,2012-11-08,0.1900445752673679,0.013076668101045167,-0.34368791182835895,-0.0468555561533153,0.006170493453035791
JPM,2012-11-09,0.8789291381835938,0.10021406318992376,0.9993945360183716,0.6595125791306297,0.15635782533820383
JPM,2012-11-12,0.42506949305534364,0.05078341025018744,0.2986364722251892,0.25816312517690676,0.0713083055972371
JPM,2012-11-13,0.4935726076364517,0.03610355654382147,0.4921845346689224,0.34062023294973187,0.06655723398911424
JPM,2012-11-14,0.845579206943512,0.0003195172976120375,0.9993496537208557,0.6150827926539932,0.062067467223569296
JPM,2012-11-15,0.8847902417182922,0.008476813709421549,0.9994278252124786,0.6308982935467308,0.07092381916540286
JPM,2012-11-16,0.0,9.783481618796941e-05,0.0,3.2611605395989805e-05,9.131155830932545e-05
JPM,2012-11-19,0.9131358166535696,0.019850026214044192,0.9960510432720184,0.6430122953798775,0.08231691461562679
JPM,2012-11-20,0.8619566261768341,0.00020075433985766722,0.4992373287677765,0.4537982364281561,0.04494718157685155
JPM,2012-11-21,0.4425935000181198,0.05469861427809519,0.48777541518211365,0.3283558431594429,0.08214548452780727
JPM,2012-11-23,0.2190712889035543,0.0009129340918055581,0.3337393601735433,0.1845745277229677,0.019477691289617214
JPM,2012-11-26,0.6907129138708115,0.0007359030707903003,0.9992759972810745,0.5635749380742254,0.0575552050987796
JPM,2012-11-29,0.24137374758720398,0.0003481293056211143,0.2501349151134491,0.1639522640020914,0.016725868738524732
JPM,2012-11-30,-0.8924356698989868,0.00030906575193512253,0.8992297053337097,0.0023677003955526743,0.0035767152197070428
JPM,2012-12-03,0.0,0.00025693471980048344,-0.9887291193008423,-0.3294907281936806,-0.03441220414738329
JPM,2012-12-04,-0.7019830942153931,0.0005257654156594072,0.0,-0.23381910959991123,-0.021712483227911396
JPM,2012-12-05,-0.12994098994466993,0.0004968137341671132,0.4431781901253594,0.10457800463828552,0.011885826879590115
JPM,2012-12-06,0.0,0.00137822880060412,0.0,0.0004594096002013733,0.0012863336325058356
JPM,2012-12-07,0.1443993349870046,0.001999649796440887,0.3331133226553599,0.15983743581293514,0.01810819008464217
JPM,2012-12-10,-0.5189880927403768,0.000170057508815565,0.02876177430152893,-0.16335208697667744,-0.01524846577290516
JPM,2012-12-11,-0.7698276042938232,0.0006101951075834222,-0.992714136838913,-0.5873105153417176,-0.058571224819862974
JPM,2012-12-12,0.03656916692852974,0.0008189119669168576,0.0006016567349433899,0.012663245210129995,0.0019420512288910485
JPM,2012-12-13,-0.03822186920377943,0.00181574530466201,0.11660514937506782,0.026733008491983467,0.004572412157830522
JPM,2012-12-14,0.20444247871637344,0.00019781826381404244,0.12637938559055328,0.11033989419024692,0.011080209337790364
JPM,2012-12-18,0.19157583896930402,0.0005032010121095271,-0.0030307357127849874,0.06301610142287618,0.006422829668429316
JPM,2012-12-19,0.3591211438179016,0.002842477306633858,0.49953444798787433,0.2871660230374699,0.031518874029025264
JPM,2012-12-20,0.0046351999044418335,0.00024936637487371627,0.07962861359119415,0.028171059956836567,0.00317009297584829
JPM,2012-12-21,0.4111537890774863,-0.0005278985887084023,0.7129604390689305,0.37452877651923616,0.037498919055554226
JPM,2012-12-24,0.9042113423347473,-0.0004054548335261643,0.9988202452659607,0.634208710922394,0.06322676927704952
JPM,2012-12-27,-0.41576895117759705,6.913134939168231e-06,-0.46807968616485596,-0.29461390806917126,-0.029548801500866688
JPM,2012-12-31,0.0,1.730815893097315e-05,0.0,5.769386310324383e-06,1.615411563744324e-05
JPM,2013-01-02,0.15678561925888063,0.0017909337585479078,0.20034437179565429,0.1196403082710276,0.013652004003991273
JPM,2013-01-03,-0.5781049529711405,0.005375499797689069,-0.5531961454285516,-0.3753085328673344,-0.03265581488568545
JPM,2013-01-04,0.3246253728866577,0.0029892799187412797,0.33344852924346924,0.2203543940162894,0.02474399668058336
JPM,2013-01-07,0.2953170878546579,0.0007908009587741357,0.246124301637922,0.1807440634837847,0.018704651287065034
JPM,2013-01-08,0.07930586404270595,0.0005140613265616088,-0.05930290619532267,0.006839006391314964,0.0009097798704760923
JPM,2013-01-09,0.18699388754995247,0.001394389021458521,0.36846408091093363,0.18561745249411488,0.020129458313716698
JPM,2013-01-10,0.11451910138130188,0.00418915119862504,0.25150438249111173,0.12340421169034621,0.016346465747156046
JPM,2013-01-11,0.17893866802516736,0.002097508181529855,-0.2503797788369028,-0.023114534210068538,-0.001157715809631447
JPM,2013-01-14,-0.07487742994960986,0.0007692172042592766,0.0060939349626239975,-0.022671425927575525,-0.0014368134638934667
JPM,2013-01-15,0.20926372430942677,0.0009432375557446869,0.37440335088306004,0.1948701042494105,0.020620920181316418
JPM,2013-01-16,0.22050256431102752,0.0018246409556923026,0.20125283896923066,0.14119334807865017,0.01573062133974621
JPM,2013-01-17,0.23075075281990898,0.001048531067984489,0.11223259899351332,0.11467729429380226,0.012210507987595282
JPM,2013-01-18,0.2294340282678604,0.005347974728465488,0.24984627962112427,0.1615427608724834,0.021004582971160115
JPM,2013-01-22,-0.08743636948721749,0.0018236255122506659,-0.2413436004093715,-0.10898544812811277,-0.009521886678491083
JPM,2013-01-23,-0.037060171365737915,0.00107343392301118,0.24950316548347473,0.07117214268024934,0.008574018225752888
JPM,2013-01-24,0.38673876013074604,0.0004474083408630187,0.1436514002936227,0.17694585625507728,0.01768438303022846
JPM,2013-01-25,0.6020287076632181,-0.001157493733141261,0.6654895345369974,0.42212024948902477,0.04128481998800487
JPM,2013-01-28,0.22217804193496704,-0.0001955433477373195,0.28575555767331806,0.16924601875351594,0.016859697390842327
JPM,2013-01-29,0.8420743346214294,3.48937946910155e-05,0.9994681477546692,0.6138591253902632,0.061695117754191967
JPM,2013-01-30,-0.5656873328345162,-0.00035054196944526794,-0.27714591366904123,-0.28106126282433425,-0.027932569180950998
JPM,2013-01-31,0.41632091502348584,0.0028229545556920734,0.8300356268882751,0.41639316548915106,0.044892918884514396
JPM,2013-02-01,0.24450059235095978,0.003301773082512227,0.0010180547833442688,0.08294014007227209,0.010850671096365597
JPM,2013-02-04,0.09395434097810225,0.004036860580526991,0.18258348378268155,0.09352489511377027,0.013138408827241054
JPM,2013-02-05,0.0,-1.8918288333225064e-05,0.0,-6.306096111075021e-06,-1.7656887634104258e-05
JPM,2013-02-06,0.43533948063850403,0.0023720372137177037,0.00015842914581298828,0.1459566489993449,0.015988888472921296
JPM,2013-02-07,0.44908647537231444,0.005955930178242852,0.5997010231018066,0.35158114288412134,0.04078080948120695
JPM,2013-02-08,0.9231910407543182,0.000691646127961576,0.9993638396263123,0.6410821755028641,0.0648700854126042
JPM,2013-02-11,0.4541296362876892,0.0006125806567069958,0.3243575841188431,0.2596999336877464,0.02630327750138399
JPM,2013-02-12,-0.23808573186397552,0.00037548022464761743,-0.4980308711528778,-0.24524704093073524,-0.024634523426817212
JPM,2013-02-13,0.5986368775367736,-0.00024811059920466506,0.623730194568634,0.4073729871687343,0.040562745333927376
JPM,2013-02-14,-0.389297878742218,0.001011836980615044,-0.597935700416565,-0.328740580726056,-0.03232468740600138
JPM,2013-02-15,0.12131906217998928,5.4489961055676555e-05,0.1681238810221354,0.09649914438772678,0.009780327562773054
JPM,2013-02-19,0.518884236162359,0.0013468280044848639,0.725644588470459,0.41529188421243424,0.04310062039640012
JPM,2013-02-20,0.489514034986496,-0.0002749991253040207,0.39560672640800476,0.29494858742306557,0.029091130004669626
JPM,2013-02-21,-0.17026276141405106,0.0015757380920149444,-0.10468350350856781,-0.09112350894353465,-0.007583452600579606
JPM,2013-02-22,0.0913628339767456,0.000998761208961696,0.5620654746890068,0.2181423566249047,0.02352062378151667
JPM,2013-02-25,0.681343253169741,0.002883203238265456,0.8222193419933319,0.5021485994671128,0.053057669587327154
JPM,2013-02-26,-0.029385424322552152,0.0006589609262543187,0.2367396056652069,0.06933771408963636,0.007982602470677936
JPM,2013-02-27,0.018417642397039077,0.00044234315796262203,0.0020743608474731445,0.006978115467491615,0.001068085553439262
JPM,2013-02-28,0.7944884300231934,0.00035108528390992433,0.9470327496528625,0.5806240883199886,0.05864741636213233
JPM,2013-03-01,0.8402949869632721,-6.031853445165325e-06,0.5019031763076782,0.4473973771391684,0.044162471912813576
JPM,2013-03-04,0.8417719721794128,0.0010922817098617088,0.9907565116882324,0.611206921859169,0.06236712221182723
JPM,2013-03-05,0.2976439365973839,0.001490084207297024,0.3931839076372293,0.2307726428139701,0.02458490649293114
JPM,2013-03-06,0.29702824354171753,-0.00044496466348804955,0.03037812493064187,0.10898713460295711,0.010044144590794307
JPM,2013-03-07,0.24344191700220108,0.00406007082801807,0.24953912198543549,0.16568036993855154,0.020234845627203627
JPM,2013-03-08,0.7199781040350596,0.0022953340458116145,0.9982521335283915,0.5735085238697543,0.05990041196850393
JPM,2013-03-11,0.6979170952524457,0.004401754415864291,0.8561100534030369,0.5194763010237823,0.0561869544504432
JPM,2013-03-12,0.22535497546195984,-0.00012905864541608026,0.4999702751636505,0.24173206399339808,0.024529820916268083
JPM,2013-03-13,0.20986663699150085,0.0008275087972833717,0.244120454788208,0.1516048668589974,0.015965950081552792
JPM,2013-03-14,0.17395279804865518,0.00039763098256015737,0.33018355899386936,0.16817799600836159,0.01744506303369932
JPM,2013-03-15,0.21873266994953156,0.003193957398252678,0.7469547390937805,0.3229604554805216,0.03607788105192868
JPM,2013-03-18,-0.06302439048886299,0.00016092306827886205,0.3624785728752613,0.09987170181822573,0.010860573320541493
JPM,2013-03-19,0.5411929289499918,4.6464421150934264e-05,0.9968014558156332,0.5126802830622587,0.05209580669015737
JPM,2013-03-20,0.6138919393221537,0.0003440549601994765,0.2602310578028361,0.2914890173617298,0.028858373735319288
JPM,2013-03-21,0.24676167964935303,-0.00047281431034207344,0.49957701563835144,0.24862196032578746,0.02487228060482193
JPM,2013-03-22,0.3926330804824829,0.009495822504854564,0.5374625050104581,0.3131971359992652,0.04011782231339821
JPM,2013-03-25,0.5656237385489724,-0.00039591419441752475,0.18220770359039307,0.24914517598164931,0.023906570899981938
JPM,2013-03-26,-0.7316344976425171,-0.0008624836191302165,-0.49904587864875793,-0.41051428663680173,-0.04143609039566588
JPM,2013-03-27,0.586721156324659,-0.00021025559492825,0.8556159564426967,0.4807089523908092,0.0483480978010691
JPM,2013-04-01,0.2202470302581787,0.00032726974632169004,0.4998958259820938,0.24015670866219807,0.02479155264337042
JPM,2013-04-02,0.03976625204086304,0.0004258801563992165,0.00040856003761291504,0.013533564078291723,0.0016695792538695196
JPM,2013-04-03,0.7102098975862775,-0.0011902866031700146,0.8798185459205082,0.529612718967872,0.05218749467771664
JPM,2013-04-04,0.3803616166114807,1.7756297893356532e-05,0.9986288547515869,0.45966940922032035,0.04704608530610428
JPM,2013-04-05,0.9434494376182556,0.0014841844968032092,0.9992867112159729,0.6480734444436772,0.06624783397105621
JPM,2013-04-08,0.5786804442222302,0.001744026732362377,0.5345282096129197,0.3716508935225041,0.03866458468506145
JPM,2013-04-09,0.20961229801177977,0.00034099677577614784,0.3999014735221863,0.20328492276991406,0.020963492638692655
JPM,2013-04-11,0.05822865664958954,-0.0022015036302036606,0.2511168569326401,0.10238133665067532,0.00858791021474133
JPM,2013-04-12,-0.029394567012786865,-0.0006599710810405668,0.3951920986175537,0.12171252017457544,0.012304609715127531
JPM,2013-04-15,-0.002954150949205671,0.003822979326287168,-0.02337848288672311,-0.007503218169880538,0.002655293684393844
JPM,2013-04-17,-0.11571974754333496,0.0008271031263575423,0.39452060461044314,0.09320932006448857,0.01093859812990655
JPM,2013-04-19,-0.5323240756988525,0.04008765493199462,-0.2662269671758016,-0.2528211293142198,0.011247292024755107
JPM,2013-04-22,0.684788778424263,-0.0005015870981424086,0.7489509582519531,0.4777460498593579,0.047439703632170385
JPM,2013-04-23,0.877786922454834,-2.505496522644535e-05,0.9993024706840515,0.625688112724553,0.06276292126061621
JPM,2013-04-24,0.0,-0.00021894828387303278,0.9983858168125153,0.3327222895095474,0.03478609519871066
JPM,2013-04-25,-0.7579274922609329,-0.0012792368688678835,-0.24925528466701508,-0.3361540045989386,-0.033902267585974574
JPM,2013-04-26,-0.69499671459198,0.006264575233217329,-0.9951656858126322,-0.5612992750571316,-0.05101293242634942
JPM,2013-04-29,0.00840921700000763,-8.734361108508892e-05,0.25011853873729706,0.0861468040420732,0.00895036678866752
JPM,2013-04-30,0.3887177109718323,0.002178626372672928,-0.059145728747049965,0.11058353619915173,0.012255328455357291
JPM,2013-05-01,0.833511620759964,0.0007834812495275401,0.9989714622497559,0.6110888547530825,0.0621055517480718
JPM,2013-05-02,-0.6154678463935852,0.00023621663422090933,-0.9977124929428101,-0.5376480409007248,-0.05421316222055216
JPM,2013-05-03,0.8977304697036743,0.0013908984619774856,0.9993643164634705,0.6328285615430408,0.06471743146458904
JPM,2013-05-06,0.44419562816619873,0.21806008116982412,0.49966269731521606,0.387306135550413,0.23508190432386736
JPM,2013-05-07,0.3185185704912458,-0.0007209933942898975,0.28521850279399324,0.20100535996364974,0.019397638908945396
JPM,2013-05-08,0.3629523515701294,0.0028128637750342023,0.4995473623275757,0.2884375258909131,0.03161286550429982
JPM,2013-05-10,-0.490661084651947,0.11706906611652812,-0.9948183596134186,-0.45613679271627916,0.05887868432645734
JPM,2013-05-14,0.01822531223297119,-5.338175833458081e-05,0.999305933713913,0.33915928806284984,0.03554932461280955
JPM,2013-05-15,0.0,0.00012350039764896792,0.49470216035842896,0.16494188691869263,0.01745310146927548
JPM,2013-05-16,0.40576043725013733,0.0011506966766319238,0.002109438180923462,0.13634019070256423,0.013981796742750359
JPM,2013-05-17,0.1602638840675354,-5.8222476400260345e-05,0.5950285911560058,0.25174475091571363,0.025868661963663216
JPM,2013-05-20,0.5676525150026593,0.00016586678482001713,0.6791772246360779,0.41566520214118574,0.04191236251271009
JPM,2013-05-21,0.022920936346054077,0.0018846489620045759,7.349252700805664e-05,0.008293025945022237,0.002486535102065413
JPM,2013-05-22,0.9011323650677999,-0.0003936330776923569,0.3337860902150472,0.4115082740683849,0.03983295266755558
JPM,2013-05-23,0.8760696649551392,0.0016952437727013603,-0.9971677660942078,-0.03980095245545575,-0.005656126894350373
JPM,2013-05-24,0.0,4.5001826947554946e-05,-0.9975595474243164,-0.33250484853245627,-0.03491948632955968
JPM,2013-05-29,0.8786648313204447,0.00015052766320877708,0.9983837604522705,0.6257330398119746,0.06292236731709272
JPM,2013-05-30,0.24457664787769318,-3.1627285352442414e-05,0.0030264556407928467,0.08252382541104453,0.00781232352458549
JPM,2013-05-31,0.33368656039237976,0.001960668939318566,0.43546293179194134,0.25703672037454656,0.027645868504099964
JPM,2013-06-03,0.0,0.00017856776624588142,0.0,5.952258874862714e-05,0.0001666615293294962
JPM,2013-06-04,0.1771958569685618,4.676937472443873e-05,0.4994583527247111,0.2255669930226658,0.023152747240321292
JPM,2013-06-05,0.09665501117706299,-6.989935627643717e-05,0.33307150999705,0.14321887393927885,0.014665048851475434
JPM,2013-06-06,0.0,2.3369575501419604e-06,0.0,7.789858500473201e-07,2.18113796246882e-06
JPM,2013-06-07,-0.05901765823364258,9.94532474578591e-05,0.0011025667190551758,-0.019271879422376514,-0.0017352199931821356
JPM,2013-06-10,-0.5520031026431492,0.011420693779915123,-0.7117864404405866,-0.4174562831012736,-0.03174622631968923
JPM,2013-06-11,-0.1170261303583781,0.0008274136131755464,-0.011281430721282959,-0.0424933824888285,-0.0033245833385596867
JPM,2013-06-13,-0.7090988755226135,-2.0068351659574546e-05,-0.996145486831665,-0.5684214769019794,-0.05735891859664717
JPM,2013-06-14,0.09893178194761276,0.0015018419962871121,0.748847246170044,0.2830936233713146,0.030775705088118787
JPM,2013-06-17,0.892820676167806,6.177377751252304e-06,0.9993796348571777,0.630735496134245,0.06327028157384228
JPM,2013-06-18,0.004561305046081543,0.0009477151535975282,0.20029928684234619,0.06860276901400843,0.008048688607868911
JPM,2013-06-19,0.6198753118515015,4.357326542958617e-05,0.0,0.20663962837231034,0.019646853683514143
JPM,2013-06-20,-0.06772381067276001,0.0018850193800972193,0.2507607340812683,0.06164064759620184,0.008405696588671062
JPM,2013-06-21,-0.28670234233140945,0.00196759338314223,0.0,-0.09491158298275575,-0.0072317757217761295
JPM,2013-06-24,-0.016326288382212322,-0.00018223352647813348,0.0009208917617797852,-0.0051958767156368895,-0.0006541964646004445
JPM,2013-06-25,0.2848578095436096,0.0016012532050808659,0.0058021346728007,0.09742039914049706,0.01070767146386187
JPM,2013-06-26,0.5745081603527069,0.000395186259993352,0.446223184466362,0.34037551035968744,0.0341788873774547
JPM,2013-06-27,0.0,0.0005348402773961425,0.0,0.00017828009246538082,0.0004991791283565322
JPM,2013-06-28,0.3262784481048584,-0.00289029921987094,0.6654596130053202,0.32961592063010253,0.030944730612840005
JPM,2013-07-01,-0.11177452206611634,0.00103021865043047,-0.5893843710422516,-0.2333762248193125,-0.023229980655641223
JPM,2013-07-02,-0.3160344958305359,0.009290734450769379,-0.3978039503097534,-0.23484923722983997,-0.015266511083734427
JPM,2013-07-03,0.8891683220863342,-0.00038616437814198434,0.998895525932312,0.6292258945468348,0.0627716125648748
JPM,2013-07-08,0.0,0.000958083663135767,0.0,0.00031936122104525566,0.0008942022283458546
JPM,2013-07-09,0.6975160661865684,-0.0001172650602658156,0.8216392012203441,0.5063460007822155,0.05074846144566284
JPM,2013-07-10,0.4982666022637311,0.0002220434993004721,0.6439007029813879,0.38079644958147313,0.03853383243424861
JPM,2013-07-11,0.7637694478034973,-0.00011278055808361387,0.9973996877670288,0.5870187850041475,0.059008072271795754
JPM,2013-07-12,0.20626167058944703,0.003271061825216748,0.0007088422775268554,0.07008052489739687,0.009601702492932265
JPM,2013-07-15,-0.2601099411646525,7.856863643003938e-05,-0.33235812187194824,-0.1974631648000569,-0.019801910909891703
JPM,2013-07-16,0.3767229574067252,0.00039398730153888684,0.2574225522222973,0.21151316564352043,0.021305072480781753
JPM,2013-07-17,-0.37488632731967503,-0.000659743160213111,-0.2103549771838718,-0.1953003492212533,-0.01984543914703007
JPM,2013-07-18,0.27134058872858685,0.0005997207287388543,0.3341929117838542,0.20204440708039328,0.02085449492172572
JPM,2013-07-19,0.43359094858169556,-7.560533322248375e-05,0.49964335560798645,0.3110528996188198,0.031154598191067813
JPM,2013-07-22,0.3708847016096115,0.07664767514779669,0.24989666044712067,0.23247634573484297,0.09202603111052149
JPM,2013-07-23,0.18767611682415009,0.0006486453985417029,-0.0011164993047714233,0.06240275430597345,0.006502319330003516
JPM,2013-07-24,0.9123393297195435,0.0025183014513459057,0.9993340373039246,0.6380638894916046,0.06623066930008688
JPM,2013-07-26,-0.3221428394317627,-0.00014824304283441356,-0.9945112466812134,-0.43893410971860347,-0.0451821460507589
JPM,2013-07-29,-0.6218132972717285,-3.129827382508665e-05,-0.9959712624549866,-0.5392719526668467,-0.05460251710144536
JPM,2013-07-30,0.0,0.00032583653592155315,0.0,0.00010861217864051771,0.00030411097115552206
JPM,2013-07-31,0.8705700933933258,0.003953040071792202,0.9992470443248749,0.624590059263331,0.06624556704403096
JPM,2013-08-01,0.8820743560791016,0.0012702286476269364,0.9993698000907898,0.6275714616058394,0.06410980863321138
JPM,2013-08-05,0.0,5.311402856023051e-05,0.0,1.77046761867435e-05,4.95725838175086e-05
JPM,2013-08-06,0.0,0.00022479565025908718,-0.33241498470306396,-0.11073006301760163,-0.011440346904168962
JPM,2013-08-07,0.4344811737537384,0.00010126667439180892,0.4997130036354065,0.3114318146878456,0.03135027513970613
JPM,2013-08-08,0.8994521697362264,0.002682832108500103,0.999391237894694,0.6338420799131401,0.06597862340096906
JPM,2013-08-09,0.8860900004704794,0.0016002988365168374,0.9992358287175497,0.628975376008182,0.0645401861032974
JPM,2013-08-12,-0.2651970684528351,0.0009803823286347324,-0.4979987144470215,-0.25407180019040726,-0.024926337939404776
JPM,2013-08-13,0.1871691107749939,0.002387266650839592,0.3867090106010437,0.19208846267562574,0.02170110686987195
JPM,2013-08-14,0.5582617455058627,0.007865315150007114,0.6654969851175944,0.4105413485911547,0.04832196672058193
JPM,2013-08-19,0.22648806869983673,0.0003588696644101219,0.24976633489131927,0.1588710910851887,0.016252152607660223
JPM,2013-08-20,-0.3364934176206589,0.0019168228036505752,-0.24927937984466553,-0.19461865822055793,-0.01759051459880076
JPM,2013-08-21,-0.4051866829395294,0.002150437699583563,-0.49855875968933105,-0.30053166830975897,-0.02828169057726585
JPM,2013-08-22,-0.8927181363105774,0.0002764038026725757,-0.9963124990463257,-0.6295847438514102,-0.06289580526496147
JPM,2013-08-26,0.45872487624486286,0.0007328075735131279,0.6638412475585938,0.37443297712565654,0.03845872301548104
JPM,2013-08-27,0.8918864727020264,0.00016328803030773997,0.9993841648101807,0.6304779751808383,0.06338752791898689
JPM,2013-08-28,0.22934970259666443,2.110316199832596e-05,0.0020156800746917725,0.07712882861111818,0.007344496709058095
JPM,2013-08-30,0.16252014935016632,0.0014701641082865535,-0.49851284027099607,-0.11150750893751442,-0.010958860071632595
JPM,2013-09-03,0.3722279369831085,0.00022009046051607584,0.2498350292444229,0.2074276855626825,0.02073467564318388
JPM,2013-09-04,0.44219154119491577,4.067467671120539e-05,0.0005935728549957275,0.14760859624220757,0.014044948490257423
JPM,2013-09-05,0.8931601047515869,-0.0004197827583993785,0.9991494417190552,0.6306299212374142,0.06287539177339443
JPM,2013-09-06,0.02783806622028351,0.005115110609949625,0.25017036497592926,0.09437451393538747,0.014422275716723673
JPM,2013-09-09,0.0,0.00026165906820097007,0.0,8.721968940032336e-05,0.0002442126169162772
JPM,2013-09-10,-0.2227726380030314,0.010024361773200022,-0.33124615748723346,-0.18133147790568827,-0.009299345702506838
JPM,2013-09-11,-0.13661457101504007,0.005741795819631079,-0.3301723698774974,-0.15368171502430214,-0.010533617560411499
JPM,2013-09-12,-0.19606101512908936,0.0004212510305348717,0.13817555563790457,-0.019154736153549973,-0.0009654561095464578
JPM,2013-09-13,-0.12524230480194093,0.0008734630420804024,-0.19915003776550294,-0.10783962650845448,-0.010125710450504156
JPM,2013-09-16,0.0,1.818985037971288e-05,0.0,6.0632834599042935e-06,1.6977019198491464e-05
JPM,2013-09-17,0.20677354335784912,0.0018571667256765067,0.20105122327804564,0.1365606444538571,0.015319674057182705
JPM,2013-09-18,-0.9250710606575012,0.0015682754328736337,0.9530091881752014,0.009835467650191276,0.005604543346204645
JPM,2013-09-19,0.0,0.0008390755283471663,0.7751849293708801,0.25867466829974245,0.027951049440371568
JPM,2013-09-20,0.0,0.00041553463461241336,0.0,0.00013851154487080444,0.0003878283306384781
JPM,2013-09-23,0.8458033204078674,0.0001482548686908558,-0.9947579503059387,-0.049602125009793475,-0.00797281300402383
JPM,2013-09-24,-0.5548038482666016,0.0022158120991662145,-0.9966760873794556,-0.5164213745156303,-0.050410479741245726
JPM,2013-09-25,-0.4266251027584076,5.640014205710031e-05,0.0803011953830719,-0.11542250241109286,-0.01062687120833099
JPM,2013-09-26,0.0,0.0007881749667528007,0.0,0.00026272498891760025,0.0007356224178868874
JPM,2013-09-27,0.8932714760303497,-0.0006148555839899927,0.9987203180789948,0.6304589795084515,0.06268180680597381
JPM,2013-09-30,0.6746511459350586,0.0035896048648282886,0.9984810948371887,0.5589072818790252,0.05968275242631894
JPM,2013-10-01,0.05336710810661316,0.0005197499440328102,-0.24667049944400787,-0.0642612137977873,-0.006472009389543349
JPM,2013-10-04,0.0,0.0008292112482498245,0.0,0.0002764037494166082,0.0007739225564660939
JPM,2013-10-07,0.0,0.010776087219710462,0.9819819331169128,0.33091934011220775,0.04447311709853011
JPM,2013-10-08,0.32378721237182617,-0.0002480603992201698,0.33384903271993,0.21912939489751201,0.021710036642672948
JPM,2013-10-09,0.6441613932450613,0.0007049412730945429,0.8305071294307709,0.49179115464964224,0.05013907430905528
JPM,2013-10-10,0.0,0.00011973360233241692,0.9959883093833923,0.33203601432857494,0.03501817060843571
JPM,2013-10-11,0.4682054320971171,0.0012642934258716803,0.3332362373669942,0.26756865429666105,0.02766791411251544
JPM,2013-10-14,0.04584887027740479,0.0008749674419959774,0.597672438621521,0.21479875878030727,0.02321343046556422
JPM,2013-10-15,0.0,6.374171789502725e-06,0.0,2.1247239298342415e-06,5.949165858206393e-06
JPM,2013-10-16,-0.8197750747203827,0.0008867816359270364,-0.9970599114894867,-0.6053160681913141,-0.06004518803970226
JPM,2013-10-17,0.4576141834259033,0.0004987685151718324,0.49972274899482727,0.31927856697863416,0.032453294138649946
JPM,2013-10-18,0.8786541819572449,0.0005189840267121326,-0.33167298634847003,0.18250005987849569,0.016651395603762775
JPM,2013-10-21,-0.049426352977752684,0.005594022877630778,-0.1995027780532837,-0.08111170271780187,-0.0033342611732477823
JPM,2013-10-22,0.4601333439350128,0.0009415085078217089,0.49965739250183105,0.3202440816482219,0.032943902461277555
JPM,2013-10-23,0.26138825714588165,0.0004898967945337063,0.002019524574279785,0.08796589283823171,0.00879552237907829
JPM,2013-10-24,-0.7094930484890938,0.0006061626545488252,-0.49657420814037323,-0.40182036465830606,-0.03927842632483989
JPM,2013-10-25,-0.18091541528701782,0.0054658851549902465,-0.3316914637883504,-0.16904699797345932,-0.01224557402790536
JPM,2013-10-28,0.0,9.924980986397713e-06,-0.4975842237472534,-0.16585809958875566,-0.017429580119765607
JPM,2013-10-29,0.36670490105946857,0.00290487832777823,0.33488420645395917,0.23483132861373535,0.02604648240317449
JPM,2013-10-30,-0.42154940962791443,0.0002312109136255458,-0.4988259971141815,-0.30671473194282345,-0.030599857092181864
JPM,2013-11-01,0.8347277442614237,0.0009032613549303884,0.3333965539932251,0.38967585320319303,0.038929396107841435
JPM,2013-11-04,0.5735784769058228,-5.3826770454179496e-06,0.0,0.19119103140959245,0.01813682818325565
JPM,2013-11-05,-0.49921921888987225,0.0037947382103690566,-0.3329973816871643,-0.2761406207888892,-0.023918770671022768
JPM,2013-11-06,0.05462262034416199,0.001310169569478603,0.0011677443981170654,0.019033511437252553,0.002991410363853064
JPM,2013-11-07,0.45336392521858215,0.0027960480692854617,0.4996888339519501,0.31861626907993923,0.034461778610653145
JPM,2013-11-08,0.3925129969914754,0.005672923570576434,0.33341890573501587,0.2438682754323559,0.029394901423109392
JPM,2013-11-11,0.3132074773311615,0.0001256902251043357,0.49937206506729126,0.27090174420785235,0.027525326341635136
JPM,2013-11-13,0.8833063840866089,-0.001437295926734805,0.9986171722412109,0.6268287534670284,0.061595402418548745
JPM,2013-11-14,0.054461816946665444,0.0006201199377452818,0.00027575095494588214,0.01845256261311887,0.0023110228676748103
JPM,2013-11-15,0.7919545769691467,0.0006135337753221393,0.9995900988578796,0.5973860698674495,0.06065420030771438
JPM,2013-11-20,0.4974757879972458,0.0013831032001689891,0.7490988820791245,0.4159859244255131,0.04327934785297924
JPM,2013-11-21,-0.7047892808914185,-0.0002645992329538179,-0.6647100249926249,-0.4565879683723324,-0.04583501189114968
JPM,2013-11-22,-0.3873864412307739,0.001101999107049778,-0.9953866004943848,-0.4605570142060363,-0.04610954955808177
JPM,2013-11-25,0.0,0.000161108966494794,0.0,5.3702988831598e-05,0.00015036682496095537
JPM,2013-11-26,0.0,5.5295204219873995e-05,0.0,1.8431734739958e-05,5.160832684320985e-05
JPM,2013-11-27,0.8997254371643066,0.00019373276882106438,0.9989890456199646,0.6329694051843641,0.063650035457313
JPM,2013-11-29,0.0,0.006662042302195914,0.0,0.002220680767398638,0.0062178422826846816
JPM,2013-12-02,0.2953706383705139,6.681948737726391e-05,0.3330946167310079,0.209510691529633,0.02107868679956222
JPM,2013-12-03,-0.9195846319198608,-0.00015929211804177612,-0.9973863959312439,-0.6390434399897155,-0.06418985435423125
JPM,2013-12-04,0.0,9.184369537251769e-05,0.0,3.0614565124172564e-05,8.57198987748199e-05
JPM,2013-12-06,0.0,0.0007880441175984743,0.4994022250175476,0.16673008971171535,0.01823805915544164
JPM,2013-12-09,0.3998579114675522,0.0019182635745892186,0.3996224105358124,0.2671328618593179,0.028443137077884394
JPM,2013-12-10,0.45114362239837646,0.003162747609167127,0.49950850009918213,0.3179382900355752,0.034727481441636655
JPM,2013-12-11,0.0,7.154237027862109e-05,0.9960902333259583,0.33205392523207894,0.034976764714341683
JPM,2013-12-12,0.0,0.00029710995841014665,0.497623473405838,0.16597352778808272,0.017717518689531767
JPM,2013-12-13,-0.5085272789001465,0.0003438928979448974,-0.9964625239372253,-0.5015486366464756,-0.050686408729842994
JPM,2013-12-16,0.8905776143074036,0.0008014830345928203,0.9994469285011292,0.6302753419477085,0.06394397196706142
JPM,2013-12-17,0.9096440374851227,0.002116839850714314,0.9992456138134003,0.6370021637164124,0.06576762682815147
JPM,2013-12-18,0.25928762555122375,0.0007592047791149525,-0.22108763456344604,0.01298639858896422,0.001161192341291752
JPM,2013-12-19,0.0,0.000337068483834931,0.0005348920822143555,0.0002906535220164288,0.00033334039299041506
JPM,2013-12-20,0.8945112824440002,0.0005684459538315423,0.9988096952438354,0.6312964745472224,0.06382855871589517
JPM,2013-12-21,0.0,0.009021845318784472,0.0,0.0030072817729281573,0.008420302726196762
JPM,2013-12-23,0.2762565612792969,0.0007451446902753863,0.333210825920105,0.20340417729655905,0.021111292485493142
JPM,2013-12-30,0.0,-1.620507100597024e-05,0.0,-5.401690335323413e-06,-1.5124577488999486e-05
JPM,2014-01-02,0.0,-4.696539690485224e-07,0.0,-1.5655132301617414e-07,-4.383391992095285e-07
JPM,2014-01-05,0.0,-2.6130893729714444e-05,0.0,-8.710297909904815e-06,-2.4388583907107396e-05
JPM,2014-01-06,0.07686333358287811,0.0022516941926369327,-0.12290681153535843,-0.014597261253281127,0.00022517131847090083
JPM,2014-01-07,0.26198291778564453,0.0006415501496424744,0.005465308825174968,0.089363258920154,0.009076637660469403
JPM,2014-01-08,0.5438153743743896,0.0007465279548341641,0.40114598274230956,0.31523596169051116,0.03195619087228805
JPM,2014-01-09,0.41666847467422485,-0.00011257582809776068,-0.9963080585002899,-0.19325071988472095,-0.02184378972104398
JPM,2014-01-10,0.0,-8.420288259003428e-05,-0.49739372730255127,-0.16582597672838043,-0.017510755556712557
JPM,2014-01-13,0.21693274608025184,0.0013777880803200577,0.3825882352315463,0.20029958979737272,0.02155591725711674
JPM,2014-01-14,0.18040130734443666,0.002938075028123421,0.06214737892150879,0.0818289204313563,0.010626212008227089
JPM,2014-01-15,0.08738800883293152,0.0005260135009166333,0.13465633243322372,0.07419011825569062,0.007974260478989359
JPM,2014-01-16,-0.2482029547293981,0.0016662989276786295,-0.16608582437038422,-0.13754082672403456,-0.012116087489338505
JPM,2014-01-17,-0.8546481132507324,0.0011975108791375533,-0.9964601099491119,-0.6166369041069023,-0.0608371605046794
JPM,2014-01-21,0.12271781265735626,0.0020938844957072433,-0.12153518944978714,0.0010921692344254552,0.001576297310965345
JPM,2014-01-22,-0.7003485560417175,0.03642984275938943,-0.995834231376648,-0.553250981552992,-0.023051678246545835
JPM,2014-01-23,-0.6711655259132385,0.0025712137576192617,-0.996650755405426,-0.5550816891870151,-0.053758318579839336
JPM,2014-01-27,0.28171115262167795,0.001461922389613132,0.2857985666819981,0.18965721389776305,0.020291145167486636
JPM,2014-01-28,0.4681006371974945,0.013230380680397502,0.4998387098312378,0.32705657590304327,0.04467175260455238
JPM,2014-01-30,0.08425849676132202,0.000657022605688932,0.3313093384106954,0.13874161925923545,0.014889651843833299
JPM,2014-01-31,0.6895162612199783,0.003130810408038087,0.9965041279792786,0.5630503998690983,0.05965543354245442
JPM,2014-02-03,-0.8834487199783325,-0.00022912331678526243,-0.9973822236061096,-0.6270200223004091,-0.06311193176344822
JPM,2014-02-04,-0.761785089969635,0.0017207438359037042,-0.9962551593780518,-0.5854398351705944,-0.05740444593162317
JPM,2014-02-07,0.0242706760764122,0.0026392937688797247,0.6142840087413788,0.2137313261955569,0.024759802379806347
JPM,2014-02-10,0.9439010620117188,0.0006969571550143883,0.9995325803756714,0.6480435331808015,0.06553599750784547
JPM,2014-02-11,0.0,1.267115385417128e-05,-0.2648455500602722,-0.08827762630213935,-0.009270220521479886
JPM,2014-02-12,-0.7656393647193909,0.003316337737487629,-0.9975016713142395,-0.5866082327653809,-0.05608083460199331
JPM,2014-02-13,-0.7969686388969421,-5.9636004152707756e-05,-0.997236967086792,-0.5980884139959622,-0.06021335508984644
JPM,2014-02-14,0.8813591599464417,0.0006821429415140301,0.9991323351860046,0.6270578793579867,0.06352999070720297
JPM,2014-02-20,-0.5166213750839234,-7.51552917790832e-05,-0.5949164986610412,-0.3705376763455812,-0.03726053570622374
JPM,2014-02-24,0.37311187386512756,-0.0001399065677105682,0.4993610680103302,0.29077767843591573,0.029171783747706626
JPM,2014-02-25,-0.2496270877974374,0.0009473721689313866,-0.2849688104220799,-0.17788284201686197,-0.016998617811914682
JPM,2014-02-26,-0.399163156747818,6.138800199551042e-05,-0.49866750836372375,-0.29925642570318206,-0.030044742096745486
JPM,2014-02-27,-0.4066462814807892,0.0004207395832054317,0.948759913444519,0.1808447905156451,0.020781978885950483
JPM,2014-02-28,-0.008603990077972412,0.0002975666011479916,-0.006828635931015015,-0.005045019802613145,-0.00023373501952926815
JPM,2014-03-03,0.47844435771306354,0.00015127106235013343,0.6647835771242777,0.38112640196656383,0.0385726999661639
JPM,2014-03-04,0.6492145955562592,0.002456071974847873,0.7473468333482742,0.46633916695979377,0.049018753806449336
JPM,2014-03-05,0.025104641914367676,0.0022576860937988386,-0.26436305046081543,-0.07900024081754964,-0.006363943821015473
JPM,2014-03-06,-0.1870246926943461,0.004294161015423015,-0.3317302664120992,-0.17148693269700743,-0.01353376367984627
JPM,2014-03-07,-0.13350699345270792,0.00016435973354115654,0.3329395651817322,0.0665323104875218,0.007599214791580485
JPM,2014-03-10,0.0,2.259666143800132e-05,0.0,7.532220479333773e-06,2.1090000579807713e-05
JPM,2014-03-11,0.8050922751426697,0.00022159194850246422,0.9993115663528442,0.6015418111480054,0.06069416538907403
JPM,2014-03-12,0.5675956010818481,0.006731657804266433,-0.9937785267829895,-0.1398170892989583,-0.010593539945225754
JPM,2014-03-13,-0.6241342027982076,-6.498113816633122e-05,-0.522830088933309,-0.382343090956561,-0.03812517396247676
JPM,2014-03-14,0.0,0.0001895453897304833,0.9988711476325989,0.3330202310074431,0.03518436249154784
JPM,2014-03-17,0.0,0.00038033014698157785,0.0,0.00012677671566052595,0.0003549711461303206
JPM,2014-03-18,0.0,0.00014789911801926792,0.0,4.929970600642264e-05,0.00013803775807048172
JPM,2014-03-20,0.9478172063827515,0.00010110635344062757,0.9991311430931091,0.6490164852764337,0.06508967128744259
JPM,2014-03-24,-0.26143670082092285,5.005041712138336e-05,-0.5246176719665527,-0.26200144079011806,-0.02660861630400711
JPM,2014-03-25,-0.3698742985725403,0.0010080376796395285,-0.49763280153274536,-0.2888330208085487,-0.02819856370403647
JPM,2014-03-31,0.45314741134643555,-2.261083500343375e-05,0.0,0.15104160017047738,0.014311605520100633
JPM,2014-04-01,0.050835222005844116,0.0017000152220134623,0.9985003471374512,0.35034519478843623,0.03818900393706085
JPM,2014-04-02,0.0,-4.4868818804388866e-05,0.0,-1.4956272934796289e-05,-4.1877133805636526e-05
JPM,2014-04-03,0.04816904664039612,0.0004585061324178241,0.0006766319274902344,0.016434728233434726,0.001975198988958716
JPM,2014-04-04,0.4502924680709839,0.0011133800944662653,0.99789097905159,0.48309894240568,0.05025465536286582
JPM,2014-04-07,0.9117706418037415,0.014451455441303551,0.9993088245391846,0.6418436405947432,0.07734929439328539
JPM,2014-04-08,0.938520610332489,0.011969815153861418,0.9995477795600891,0.6500127350154798,0.07588757643633615
JPM,2014-04-09,0.5195800065994263,5.602280180028174e-05,0.9967101812362671,0.5054487368791646,0.05141792858459242
JPM,2014-04-10,0.0,0.00016736279940232635,0.0,5.5787599800775446e-05,0.00015620367398598797
JPM,2014-04-14,0.0,4.2247525925631635e-05,0.0,1.4082508641877212e-05,3.943062062836789e-05
JPM,2014-04-15,0.3211398522059123,0.007151898753363639,0.33409565687179565,0.22079580261035722,0.028541503137049628
JPM,2014-04-16,0.0,8.415496228053598e-05,0.4993864744901657,0.16649020981748208,0.017580551201517178
JPM,2014-04-17,0.8943004608154297,0.0013143817923264578,0.999186098575592,0.6316003137277827,0.06453128207679458
JPM,2014-04-21,-0.010016977787017822,0.0010302571854481357,-0.49040694534778595,-0.16646455531645188,-0.01654256650930174
JPM,2014-04-22,0.0,0.0002639920712681487,0.0,8.79973570893829e-05,0.0002463900538796783
JPM,2014-04-23,0.21653859317302704,9.362373566546012e-05,0.2498266100883484,0.1554862756656803,0.01569201038269289
JPM,2014-04-28,0.012181580066680908,0.005459293336267971,0.0008573333422342936,0.006166068915061058,0.0055106291158298045
JPM,2014-04-29,0.2074601650238037,0.0003070909392590693,0.4980900138616562,0.23528575660823967,0.024304993141170874
JPM,2014-04-30,0.42516136169433594,9.247720367966394e-05,0.4997398555278778,0.3083312314752978,0.031048234211368427
JPM,2014-05-01,0.3031846483548482,0.00023096656392832907,0.6657822728157043,0.3230659625781603,0.03313875066641566
JPM,2014-05-02,-0.6967545747756958,0.0005045924481237307,-0.9968060255050659,-0.5643520026108794,-0.05650194927576557
JPM,2014-05-05,0.3405164877573649,0.003613204559466491,0.33383675416310626,0.2259888154933126,0.025842550440135427
JPM,2014-05-06,-0.47141867876052856,4.569755583361257e-05,0.0,-0.15712432706823165,-0.01486796446027895
JPM,2014-05-08,0.04255175590515137,0.0017774417797227215,0.0007678568363189697,0.015032351507064353,0.003031719492298426
JPM,2014-05-09,-0.571263313293457,-0.00016507881719007855,-0.24921387434005737,-0.2735474221502348,-0.026956900262255352
JPM,2014-05-12,0.0,0.0011878832949930387,0.0,0.0003959610983310129,0.0011086797013326283
JPM,2014-05-13,0.0,0.0016568606661166996,0.0,0.0005522868887055665,0.0015463874218205006
JPM,2014-05-14,-0.4463876187801361,-6.338966431940207e-05,-0.4983009099960327,-0.3149173061468294,-0.03164202577392915
JPM,2014-05-15,0.6033310890197754,0.000526207600463143,0.001983185609181722,0.20194682740980677,0.019643531306448442
JPM,2014-05-19,0.0,6.049099738447694e-05,-0.5237619876861572,-0.17456716556292426,-0.018299838224251394
JPM,2014-05-20,0.9200760722160339,0.0006785920704714954,0.9994819760322571,0.6400788801062541,0.06476351704591302
JPM,2014-05-21,-0.36120787262916565,0.0009074014069483383,-0.49886325001716614,-0.2863879070797945,-0.028061501055194588
JPM,2014-05-23,0.9019519686698914,0.003440160086029209,0.9986189007759094,0.6346703431772767,0.06673745416684132
JPM,2014-05-28,0.0,8.275821164716035e-05,0.0,2.758607054905345e-05,7.72402036650968e-05
JPM,2014-05-29,0.014927935600280762,0.004978485472383909,0.002149486541748047,0.00735196920480424,0.005194030992945805
JPM,2014-05-30,0.9050707221031189,0.006285459501668811,0.999202311038971,0.6368528308812529,0.06951213048616268
JPM,2014-06-02,0.8289662003517151,0.00044382801570463926,-0.9969025254249573,-0.055830832352512516,-0.008304653876097605
JPM,2014-06-04,0.0,0.00061252088562469,0.0,0.00020417362854156332,0.0005716803011824266
JPM,2014-06-06,0.0,-8.144726962200366e-05,0.0,-2.714908987400122e-05,-7.601667374579739e-05
JPM,2014-06-10,0.024218544363975525,0.0006808333901062724,0.0002808570861816406,0.008393411613421145,0.0014112953726981173
JPM,2014-06-12,0.0,0.00017082487465813756,0.0,5.694162488604585e-05,0.00015943491101419804
JPM,2014-06-16,0.6992555379867553,0.0018910543043602957,0.5992237687110901,0.43345678700073526,0.044882894715573884
JPM,2014-06-17,0.4671822190284729,3.9545765503135044e-05,0.49911627173423767,0.3221126788427379,0.03230606512060051
JPM,2014-06-18,-0.39098060131073,0.003199605971440178,-0.5988435745239258,-0.32887485662107185,-0.03036783315947172
JPM,2014-06-23,0.23085129261016846,0.002644804924784694,0.4995640218257904,0.24435337312024785,0.02727833986320164
JPM,2014-06-24,-0.6509801745414734,0.016716095022275113,-0.9953398704528809,-0.5432013166573597,-0.03987217544408046
JPM,2014-06-30,0.8050362467765808,0.0007759712061670143,0.9544184803962708,0.5867435661263395,0.05963643978359924
JPM,2014-07-02,0.0,0.0016270012356471852,0.0,0.0005423337452157284,0.00151851885809601
JPM,2014-07-03,0.0,1.1510659533087164e-05,0.0,3.8368865110290544e-06,1.0743171812917582e-05
JPM,2014-07-09,-0.4533645510673523,-0.00012671951299125794,-0.9889675378799438,-0.4808196028200958,-0.04911821033701718
JPM,2014-07-10,0.10883476336797078,0.002754143048756911,-0.331751545270284,-0.07338754628451877,-0.005614034712570947
JPM,2014-07-11,-0.02684807777404785,0.0004097772325621918,-0.3325222333272298,-0.11965351128957182,-0.012120642628103279
JPM,2014-07-14,-0.343333151191473,0.0022101845220277028,0.12393267452716827,-0.07239676404742568,-0.004453078819276023
JPM,2014-07-15,-0.05240318179130554,0.005518043166375719,0.18141648173332214,0.04484378103613077,0.009850754346702326
JPM,2014-07-17,0.0,0.0003393680708541069,0.0,0.0001131226902847023,0.00031674027395568337
JPM,2014-07-18,0.0,5.9305515605956316e-05,0.0,1.9768505201985438e-05,5.535124566729108e-05
JPM,2014-07-21,0.0,7.977185123309027e-05,0.0,2.659061707769676e-05,7.445296429017542e-05
JPM,2014-07-22,0.002888813614845276,0.0008702201939740917,-0.05586247146129608,-0.017367812550825572,-0.0010542449093735654
JPM,2014-07-23,-0.281829297542572,0.000619758732500486,-0.3977885603904724,-0.22633269973351466,-0.022276913975806292
JPM,2014-07-25,0.836251825094223,0.0029804224468534812,0.9990893006324768,0.6127738493911844,0.06424681151120668
JPM,2014-07-28,0.45583049952983856,0.007339362839047681,0.7485259473323822,0.40389860323375615,0.04750117851568241
JPM,2014-07-30,-0.701906144618988,0.003192680574102269,-0.9959962069988251,-0.5649032236812369,-0.054127652287096754
JPM,2014-07-31,-0.793790340423584,0.004020395419502165,-0.7478705495595932,-0.512546831521225,-0.04756528906547761
JPM,2014-08-01,-0.20011808474858603,0.005235751402021076,0.32930199305216473,0.04480655323519992,0.010098120880378715
JPM,2014-08-04,0.8471629023551941,0.002380030924541643,0.999141534169515,0.616228155816417,0.06403338992420521
JPM,2014-08-06,0.0,6.905695227032993e-05,0.0,2.3018984090109978e-05,6.445249131401528e-05
JPM,2014-08-07,0.5001360774040222,0.00026577134849503636,0.8684568405151367,0.4562862297558847,0.04650379799406599
JPM,2014-08-08,-0.7443783283233643,0.01587753856438212,-0.9969581365585327,-0.5751529754391717,-0.04366564723307069
JPM,2014-08-11,-0.850441594918569,0.0004268447458647036,-0.9675130049387614,-0.6058425850371552,-0.06040888389760026
JPM,2014-08-12,0.2024366855621338,0.00014040759288036497,0.0,0.06752569771833805,0.006533964480468171
JPM,2014-08-14,-0.34576141834259033,0.0032106005091918632,-0.49810272455215454,-0.280217847461851,-0.025396656891555004
JPM,2014-08-15,0.6502205580472946,0.0017464671363995876,0.5027419775724411,0.38490300091871177,0.039815610245644305
JPM,2014-08-18,0.0,0.00038612195203313604,0.0,0.00012870731734437868,0.00036037677783278997
JPM,2014-08-19,0.7928800582885742,0.001671139740513657,0.6659517486890157,0.48683431557270124,0.04997753130486916
JPM,2014-08-20,-0.7326565980911255,0.015079865799634717,-0.9970704317092896,-0.5715490546669267,-0.04404332067923109
JPM,2014-08-22,0.9010674357414246,-0.0012725153210340068,0.9977147579193115,0.6325032261132341,0.062279337765279205
JPM,2014-08-25,0.6766053557395935,0.0005924423516262322,0.3949045896530151,0.3573674625814116,0.03579368221571102
JPM,2014-08-26,0.19087862968444824,9.031374186937076e-05,0.0,0.06365631447543921,0.006121638166609969
JPM,2014-08-27,0.9130797386169434,0.007819169171852991,0.9574666023254395,0.6261218367047453,0.06973418491475628
JPM,2014-08-29,0.5936451355616251,0.0033850730396807194,0.6661317348480225,0.42105398114977605,0.045281845836800755
JPM,2014-09-02,-0.2952070434888204,0.0005990724506167074,-0.6630207498868307,-0.3192095736416781,-0.03201494614349998
JPM,2014-09-04,-0.46205124258995056,0.00021773587741336087,-0.995606929063797,-0.4858134785921114,-0.049304165212568085
JPM,2014-09-05,0.0,4.1171118937199935e-05,0.0,1.3723706312399978e-05,3.842598273374318e-05
JPM,2014-09-08,0.0,0.0002729543193709105,0.0,9.098477312363684e-05,0.0002547547463853446
JPM,2014-09-09,0.2034766205719539,0.001243108498913768,-0.031249535935265676,0.057823397711867335,0.006500830811040822
JPM,2014-09-11,0.7253103256225586,0.0006836064876551973,0.9992269277572632,0.5750736199558256,0.058598965670851454
JPM,2014-09-15,0.006369560956954956,0.0010547641759330872,0.0015905797481536865,0.0030049682936805766,0.0012416458725210179
JPM,2014-09-16,0.46098533272743225,0.00035711919372261036,0.49961715936660767,0.3203198704292542,0.03242401574649059
JPM,2014-09-18,0.2316495676835378,0.0001167534804456712,0.49618125955263775,0.24264919357220707,0.024825541955369734
JPM,2014-09-23,-0.1759371558825175,0.0014369923716609871,-0.11079108052783543,-0.09509708134623064,-0.008106476829588111
JPM,2014-09-24,-0.40476664900779724,-0.00010387244401499629,-0.9964711964130402,-0.4671139059549508,-0.04782275166911037
JPM,2014-09-26,0.9137011766433716,0.0038092385220807046,0.9995396137237549,0.6390166762964024,0.06748581064984445
JPM,2014-09-29,-0.034177571535110474,3.387419565115124e-05,-0.4989798069000244,-0.17770783474649457,-0.01853714942923533
JPM,2014-09-30,0.8700688481330872,0.0004934910393785685,-0.99688321352005,-0.04210695811586144,-0.006957579773131373
JPM,2014-10-01,0.31359849373499554,0.0003615444220486097,-0.29922235012054443,0.004912562678833239,-0.00023053108010635112
JPM,2014-10-02,0.4113343060016632,0.0021987530462865834,-0.49837926030158997,-0.028282067084546725,-0.002404366718201016
JPM,2014-10-03,-0.20899051427841187,0.00044381411862559617,0.33263609806696576,0.041363132635726496,0.005461913910589145
JPM,2014-10-06,0.7392725348472595,0.0006333661076496355,0.9992425441741943,0.5797161483763679,0.05899423653132022
JPM,2014-10-07,0.32023426294326784,0.0007884565959102475,-0.5984291434288025,-0.09246880796320812,-0.010108504909431711
JPM,2014-10-09,0.0,0.001737885264446959,0.0,0.0005792950881489863,0.0016220096030198044
JPM,2014-10-13,-0.7504502832889557,0.019402105172048323,-0.0007227063179016113,-0.24392362814493632,-0.005653055186330435
JPM,2014-10-14,-0.10753360390663147,0.017572241289599333,-0.4984104633331299,-0.19612394198338734,-0.004468417251123673
JPM,2014-10-16,-0.36107099056243896,0.0022465312072199595,0.49945855140686035,0.046878030683880446,0.008180872399400312
JPM,2014-10-20,0.29744191964467365,0.0008171978770405985,0.3331117033958435,0.21045694030585257,0.021845144645924443
JPM,2014-10-21,-0.9328327775001526,0.00031950766765476146,-0.4846225380897522,-0.47237860264075,-0.0461911636825892
JPM,2014-10-27,-0.8566797375679016,0.0018705707043409348,-0.9965906143188477,-0.6171332603941361,-0.060277811346301925
JPM,2014-10-28,-0.3661087155342102,0.0007013216054474469,-0.995879590511322,-0.4537623281466949,-0.04582779089222776
JPM,2014-10-30,-0.8301073312759399,1.8316006389795803e-05,-0.9973947107791901,-0.6091612420162468,-0.06119427972194357
JPM,2014-10-31,-0.3768197298049927,0.01148752885274007,-0.9959370493888855,-0.45375641678037937,-0.03610156274807674
JPM,2014-11-03,0.0,9.131492879532743e-05,0.0,3.0438309598442476e-05,8.522638922391219e-05
JPM,2014-11-04,0.8795099854469299,0.00010239189577987418,0.0,0.29320412578090327,0.027913798209224017
JPM,2014-11-07,0.8947253227233887,-0.0024410233017988503,0.9990437626838684,0.6304426873684861,0.06103472297137822
JPM,2014-11-10,0.0,0.0056324757024412975,0.0,0.0018774919008137658,0.005256923088070492
JPM,2014-11-11,0.0,0.0007978317662491463,0.0,0.0002659439220830488,0.000744635308122842
JPM,2014-11-12,-0.3981061577796936,0.00011126667095595622,-0.49892324209213257,-0.2989727110669567,-0.029973719780651192
JPM,2014-11-13,-0.7603179216384888,0.0018141209693567362,-0.997202605009079,-0.5852354685594037,-0.05730409565486269
JPM,2014-11-14,0.4863548278808594,0.05898053516890892,0.6645160913467407,0.4032838181321696,0.0937202758954731
JPM,2014-11-17,0.12056675553321838,0.00020231914822943509,-0.9965510666370392,-0.29192733065186377,-0.030923878064583857
JPM,2014-11-18,0.3143990933895111,0.002331920212782279,0.0,0.1055770045340978,0.012120641226510813
JPM,2014-11-19,0.0,0.0001236048155988101,0.0,4.1201605199603364e-05,0.00011536330546321313
JPM,2014-11-21,0.9080345034599304,0.0013075670576654375,0.9992977380752563,0.6362132695309507,0.0649632317150501
JPM,2014-11-24,0.0,0.0015809718170203269,0.19976764917373657,0.06711620699691896,0.008476818909949542
JPM,2014-11-25,0.5857290426890055,0.0006661840113035092,0.6661860942840576,0.41752710699478884,0.04249576727505709
JPM,2014-11-26,0.055128204822540286,0.0005881138298718724,0.0006173014640808106,0.018777873372164324,0.0023141985007612094
JPM,2014-12-01,-0.33046936243772507,0.0011551204959232564,-0.24895203113555908,-0.1927554243591203,-0.018099420319818097
JPM,2014-12-02,0.5944789052009583,0.0037989818229107186,-0.330768883228302,0.08916966793185566,0.010756133576955668
JPM,2014-12-03,0.0,0.00022729589545633644,-0.9946094751358032,-0.331460726413449,-0.03464595571048452
JPM,2014-12-05,0.10687921941280365,0.0006709508124913555,0.4529925212264061,0.1868475638172337,0.019882760308426263
JPM,2014-12-09,0.0,0.0002014127834887144,0.0,6.713759449623813e-05,0.00018798333129035959
JPM,2014-12-10,0.0,0.0003861178756778827,0.0,0.00012870595855929423,0.0003603729749713627
JPM,2014-12-12,-0.18520130217075348,0.00012245322909620882,0.0010337382555007935,-0.06134837022871883,-0.005707258695724752
JPM,2014-12-15,0.9106101989746094,0.0008022406846066588,0.9988172352313995,0.6367432249635385,0.06455622461728325
JPM,2014-12-16,0.0,0.002558841448262683,0.0,0.0008529471494208943,0.0023882273992543532
JPM,2014-12-17,0.0,4.653453652281314e-05,0.0,1.5511512174271047e-05,4.3431787697484684e-05
JPM,2014-12-22,0.6432366073131561,0.007027905980066862,0.0,0.21675483776440765,0.026904398134392632
JPM,2014-12-30,0.0,7.142433059925679e-05,0.0,2.3808110199752264e-05,6.66620217115335e-05
JPM,2015-01-02,0.9191495180130005,0.00012273875472601503,0.9995844960212708,0.6396189175963324,0.06421901276359655
JPM,2015-01-05,0.0753331014088222,-0.0003000114424399466,-0.5688708680016654,-0.16461259267842773,-0.01783450567511404
JPM,2015-01-06,-0.6158530712127686,0.0020704750835041827,-0.6641144553820292,-0.4259656838370978,-0.040821773795188684
JPM,2015-01-07,0.7017294049263001,0.0013695381669094786,0.9977803111076355,0.5669597514002817,0.05844261653100052
JPM,2015-01-08,0.04946622848510742,6.68879620207008e-06,0.0008490800857543946,0.016773999122354628,0.0016005798543230342
JPM,2015-01-09,0.0,-7.029399057500996e-05,-0.9976022839546204,-0.33255752598173177,-0.0350285924378121
JPM,2015-01-12,0.3194319648402078,0.0013400421342209614,-0.19377144745418004,0.042333519840082906,0.00456297202568738
JPM,2015-01-13,0.11254490315914153,0.0013307831417932903,0.05037075877189636,0.05474881502427706,0.006567106270237928
JPM,2015-01-14,-0.13906966237460866,0.009910355843042935,-0.1748356854214388,-0.10133166398433484,-0.0012765664143656425
JPM,2015-01-15,-0.011651452382405598,0.02139381856283459,-0.13133068482081095,-0.040529439546793986,0.01499608350170398
JPM,2015-01-16,-0.38223370909690857,0.003228766636311775,-0.9967780113220215,-0.4585943179275394,-0.044010374722104915
JPM,2015-01-20,-0.28654929002126056,-5.862894128464783e-05,-0.33086804548899335,-0.20582532148384622,-0.020713994753283563
JPM,2015-01-21,0.5221459716558456,0.002125673901900882,0.2502756416797638,0.2581824290791701,0.027270438230921734
JPM,2015-01-22,-0.33071414232254026,0.0007816377867129632,-0.9967536807060242,-0.4422287284139505,-0.04466396085841818
JPM,2015-01-23,0.4233089089393616,0.046150341937391204,0.1611280838648478,0.21019577824720018,0.06210920810405533
JPM,2015-01-26,0.8576372861862183,1.640378832235001e-05,0.9990724623203278,0.6189087174316228,0.06215623630205705
JPM,2015-01-28,0.08544725179672241,0.0006682190141873434,-0.33129920562108356,-0.08172791160339127,-0.00828475324464854
JPM,2015-02-02,0.3146629532178243,0.010470995419988563,0.33188345034917194,0.21900579966232825,0.03135690526714605
JPM,2015-02-03,-0.4438183158636093,0.0011147533614348504,-0.7478888779878616,-0.39686414683001203,-0.03920848587049204
JPM,2015-02-04,0.12522396445274353,0.000572051255403494,0.00014872848987579346,0.04198158139934094,0.004499860491286768
JPM,2015-02-05,0.22272032499313354,0.002503949021047447,-0.24878214299678802,-0.007852622994202344,0.0006623976099701497
JPM,2015-02-06,-0.07946228981018066,0.0007466402462991287,0.000687880175454276,-0.026009256462809088,-0.001792366697753994
JPM,2015-02-09,-0.483860045671463,0.0003330088929942576,-0.7588595449924469,-0.41412886059030524,-0.041589084204408544
JPM,2015-02-10,0.9567869901657104,0.0019303823210066184,0.9994059801101685,0.6527077841989618,0.06709031766479157
JPM,2015-02-11,0.4676739573478699,0.2248517918633297,-0.4985816776752472,0.06464802384531747,0.20717788227148445
JPM,2015-02-12,0.6963592171669006,0.0006397588585969061,0.9994980096817017,0.5654989952357331,0.05765184068882236
JPM,2015-02-13,-0.13648875057697296,0.0013085064474580577,-0.4969956576824188,-0.2107253006039779,-0.020513991306302666
JPM,2015-02-17,0.6473762542009354,0.004005298888159814,0.7494229227304459,0.46693482527318037,0.050479298066594125
JPM,2015-02-19,0.4309035539627075,0.003259450961195398,-0.9972771406173706,-0.18770471189782256,-0.01828031476408355
JPM,2015-02-20,0.0,0.008356781962599294,0.0,0.002785593987533098,0.007799582734131391
JPM,2015-02-23,-0.046365033496509896,0.0029015989669212354,-0.18112359805540604,-0.07486234419499822,-0.00510620164534145
JPM,2015-02-24,-0.3834347724914551,-0.0001480090437932328,-0.6652904351552328,-0.34962440556349367,-0.03558233652303567
JPM,2015-02-25,0.0,0.00045452940685208887,0.0,0.00015150980228402963,0.0004242230998261129
JPM,2015-02-26,0.003666102886199951,-3.46870074281469e-05,-0.9978386759757996,-0.3314024200323426,-0.03488768838170702
JPM,2015-02-27,0.7863382995128632,0.00434200888776104,0.9990189969539642,0.5965664351181962,0.06393642258354733
JPM,2015-03-02,-0.5596379935741425,0.0005676707660313696,-0.9974111914634705,-0.5188271714238605,-0.05212739353611789
JPM,2015-03-04,0.9113385379314423,0.49614976159864455,0.9995664358139038,0.8023515784479969,0.5269251096419906
JPM,2015-03-05,0.0,2.9745406209258363e-06,0.0,9.915135403086122e-07,2.7762093790761436e-06
JPM,2015-03-06,0.8064334094524384,0.0007698914414504543,0.9765344262123108,0.5945792423687332,0.060450055464184665
JPM,2015-03-09,0.7374177575111389,0.00020401842630235478,0.9988742470741272,0.5788320076705228,0.058521943232514737
JPM,2015-03-11,0.05933302640914917,0.0002211902469753113,0.0004715919494628906,0.020008602868529124,0.0020996286002648405
JPM,2015-03-12,-0.7916079759597778,2.294273993660075e-05,-0.9970903197924296,-0.5962251176707569,-0.059961589832122346
JPM,2015-03-13,-0.41487512985865277,0.0007704267409280874,0.0,-0.13803490103924157,-0.012403127626402288
JPM,2015-03-17,0.2226240336894989,0.002452261924645427,0.24989108741283417,0.15832246100899283,0.01808812105585958
JPM,2015-03-18,0.0,0.0002124770835507661,0.0,7.082569451692204e-05,0.0001983099064247372
JPM,2015-03-19,0.2988683581352234,0.0006695489464618731,0.0,0.09984596902722842,0.010077885281347905
JPM,2015-03-20,-0.8436536490917206,8.459828677587211e-05,-0.9959003925323486,-0.6131564811124312,-0.061508507237271276
JPM,2015-03-21,-0.7152777314186096,0.002455010690027848,0.0,-0.23760757357619391,-0.02033237201297612
JPM,2015-03-23,0.8546754866838455,0.0009281238708354067,0.9992607086896896,0.6182881064147902,0.06292008541553157
JPM,2015-03-24,0.8416025439898173,0.0006760992643345768,0.6657090783119202,0.5026625738553573,0.050581388118339385
JPM,2015-03-25,-0.4065132737159729,0.0018420491505821701,-0.49803367257118225,-0.30090163237885764,-0.028593073311336616
JPM,2015-03-26,-0.9641002416610718,0.1255901643598918,0.9982794523239136,0.053256458340911195,0.12170923746661837
JPM,2015-03-27,0.004537928104400635,0.000863626582940924,0.0006953597068786622,0.002032304798073407,0.0009739447093447664
JPM,2015-03-30,-0.6132827401161194,0.002936896271421574,-0.9930247068405151,-0.5344568502284043,-0.05145914772291325
JPM,2015-03-31,0.8931812047958374,0.0005890417451155372,0.9995273351669312,0.631099193902628,0.06383086304961633
JPM,2015-04-01,-0.7413719594478607,0.0005324159355950542,-0.9967026710510254,-0.5791807381877637,-0.0578835736439664
JPM,2015-04-02,0.3877054949601491,0.00183119921166508,0.6337888439496359,0.34110851270715004,0.03618434100318158
JPM,2015-04-06,0.009037951628367106,0.001554440903419163,0.16658061742782593,0.059057669986537394,0.0075748141228318645
JPM,2015-04-07,0.31750404834747314,0.007526064478952321,-0.0010869801044464111,0.10798104424065968,0.01702857117635515
JPM,2015-04-08,0.0,0.00013131725791026838,0.0,4.3772419303422794e-05,0.00012256151097098992
JPM,2015-04-09,-0.07863456010818481,0.00151172406222031,-0.5975633859634399,-0.22489540733646815,-0.022019038344458747
JPM,2015-04-10,0.0,0.32444115850375965,0.0,0.10814705283458655,0.30280864149266784
JPM,2015-04-13,0.0,0.033800202377278765,0.0,0.011266734125759589,0.03154653222874296
JPM,2015-04-14,0.6024807095527649,0.0005169106698303949,0.0,0.2009992067408651,0.019538452666576653
JPM,2015-04-15,0.024776908484372227,0.018590684585102612,0.0009765299883755771,0.014781374352616805,0.018169026897082097
JPM,2015-04-16,-0.22962334156036376,0.000198975381499622,-0.20059977769851683,-0.14334138129246032,-0.01410752773924124
JPM,2015-04-17,0.11332910507917404,0.09232819220778765,0.001356557011604309,0.069004618099522,0.08980414928131378
JPM,2015-04-20,0.0,-2.3376025637844577e-05,0.0,-7.792008545948192e-06,-2.1817399690144142e-05
JPM,2015-04-21,0.764933168888092,0.0006412300487378767,0.9993159373601278,0.5882967787656526,0.059815774006298054
JPM,2015-04-22,0.9072151780128479,0.000146821626003657,0.9989706873893738,0.6354442290094084,0.06384250359476182
JPM,2015-04-23,-0.8424539566040039,0.07798094948520884,-0.9971551895141602,-0.5872093988776518,0.011187976983768309
JPM,2015-04-24,0.0,0.0007015562878223136,0.0,0.0002338520959407712,0.0006547791252542275
JPM,2015-04-27,0.17318010330200195,0.0012464160499803256,0.0,0.058142173117327424,0.006640864902267338
JPM,2015-04-28,-0.4227558473745982,0.0015463210738744237,-0.6637286643187205,-0.3616460635398147,-0.035189938370257384
JPM,2015-04-29,-0.7592199742794037,0.002014728608628502,-0.9973607063293457,-0.5848553173333736,-0.05708767747309934
JPM,2015-04-30,-0.22097080200910568,0.005217822513259307,-0.4782703369855881,-0.23134110549381148,-0.01888117090842869
JPM,2015-05-01,-0.020386133875165666,0.019294967735861843,-0.14203821761267527,-0.04770979458399303,0.012385637893007484
JPM,2015-05-04,-0.8483225554227829,0.00020602676613634685,-0.9972254782915115,-0.6151140023160527,-0.06158928842414304
JPM,2015-05-05,0.36615854501724243,0.001321371111407643,0.49931172132492063,0.2889305458178569,0.030313970672141335
JPM,2015-05-06,-0.30309370160102844,0.0011168947494297754,0.0003300011157989502,-0.10054893524526658,-0.008532633820921329
JPM,2015-05-07,0.07702165842056274,0.0030314886342759045,0.0012233172144208635,0.027092154756419837,0.005308370640429973
JPM,2015-05-11,-0.820061594247818,-0.00023742855000818963,-0.9943352341651917,-0.6048780856543393,-0.06100800772213863
JPM,2015-05-12,0.19330959320068358,0.0008198998279112857,0.0011511921882629394,0.0650935617389526,0.0069198134864545385
JPM,2015-05-13,0.007161825895309448,0.0035316253811288334,0.0004399716854095459,0.0037111409872826093,0.0035380927309832996
JPM,2015-05-14,0.30827144384384153,0.002489151924237376,0.3998430848121643,0.23686789352674772,0.026086884493070506
JPM,2015-05-15,-0.19951391965150833,0.0014488093126203694,-0.12395064532756805,-0.107338585222152,-0.009302366060768945
JPM,2015-05-18,0.04583924412727356,0.0005361774636185146,0.09992982149124145,0.04876841436071117,0.005452530008435131
JPM,2015-05-19,0.007891985503110018,0.0008938124197315615,0.18222911791367966,0.06367163861217374,0.007470421004677643
JPM,2015-05-20,-0.06130701303482056,0.0024203870029201164,-0.14204611097063338,-0.06697757900084461,-0.004658382212786094
JPM,2015-05-21,-0.5843229219317436,0.0077349739094643155,-0.6016872525215149,-0.39275840018126473,-0.03234980013682207
JPM,2015-05-22,0.5901822686195374,0.0008376647456316277,0.6001972198486328,0.39707238440460063,0.04048395099425123
JPM,2015-05-26,0.17968058586120605,0.00110186162237369,0.4991914629936218,0.2266579701590672,0.024206726445345186
JPM,2015-05-27,-0.005612000823020935,0.0037259977611938666,0.07585898041725159,0.02465765911847484,0.0059586900095795715
JPM,2015-05-28,-0.24513813427516393,0.0014401510682416432,-0.42743291173662457,-0.2237102983145156,-0.021389655647960797
JPM,2015-05-29,-0.014130281365436056,0.0005008721063463979,0.0,-0.004543136419696552,2.0545739256049233e-05
JPM,2015-06-01,0.6583067178726196,0.0003569356003936264,0.9983303546905518,0.5523313360545217,0.05614338050242304
JPM,2015-06-02,0.6245728731155396,0.0018526890392725666,0.6662144660949707,0.4308800094165943,0.044832755229989814
JPM,2015-06-03,0.8240538040796915,0.012593068997375667,0.6663041114807129,0.50098366151926,0.061169579802896834
JPM,2015-06-04,0.20057756560189383,0.0017845998518168926,0.42813263620649067,0.21016493388673382,0.023014497643363087
JPM,2015-06-05,0.8703254163265228,0.00177764526597457,0.999305009841919,0.6238026904781387,0.06420951284598087
JPM,2015-06-08,0.8176881670951843,0.0008574235143896658,0.9990970194339752,0.6058808700145164,0.06167848032116378
JPM,2015-06-09,-0.7527493536472321,0.00012905296898679808,-0.9948602318763733,-0.5824935108515396,-0.05855532633706177
JPM,2015-06-10,0.02869565486907959,0.02709078465850325,0.4827622890472412,0.1795162428582747,0.04311147208335701
JPM,2015-06-12,0.0,0.0006250866013033374,0.0,0.00020836220043444578,0.0005834081628445354
JPM,2015-06-15,0.5112519689968654,0.0010926272061624331,0.7137186356953212,0.40868774396611635,0.04220399784309861
JPM,2015-06-16,0.11074784398078918,0.004460101930817473,0.0012291967868804932,0.038812380899495715,0.007708668979158029
JPM,2015-06-17,0.30895236134529114,0.061780993768479675,0.8835033178329468,0.4180788909822392,0.09839775298128023
JPM,2015-06-19,0.4982808232307434,0.000730874584405683,0.3306079904238383,0.2765398960796625,0.028029210837791182
JPM,2015-06-22,0.8271175689167447,0.0017511569498714784,0.5486139191521539,0.45916088167292335,0.04702277876666501
JPM,2015-06-23,-0.442373126745224,0.011483079927378034,-0.6644689738750458,-0.36511967356429725,-0.0265621526109875
JPM,2015-06-24,-0.5046958923339844,0.00022681596419715788,-0.9634414911270142,-0.4893035224989338,-0.04951720682953989
JPM,2015-06-25,-0.549197718501091,0.00041634460649220273,-0.7477061748504639,-0.4321625162483542,-0.04318699514544038
JPM,2015-06-26,0.0,0.0012162248749518767,0.0,0.0004054082916506256,0.0011351315361956631
JPM,2015-06-30,0.13933281898498534,0.001083775180450175,0.19978128671646117,0.11339929362729889,0.012420242637140736
JPM,2015-07-01,0.3052327533562978,0.007255127798998728,0.4994441171487172,0.27064399943467127,0.03392969096318427
JPM,2015-07-02,0.0025256872177124023,0.333559158764956,0.01185003916422526,0.11597829504896456,0.3118138728292488
JPM,2015-07-06,0.0,0.00011187899099240894,0.0,3.729299699746965e-05,0.00010441931540363663
JPM,2015-07-08,-0.721665769815445,0.004514671953529614,-0.9970503151416779,-0.5714004710011977,-0.05355572877458767
JPM,2015-07-09,0.025899797677993774,0.0002956604193968815,0.00035227835178375244,0.008849245483058136,0.0011074841501868453
JPM,2015-07-13,-0.19945811480283737,0.12708579085244576,-0.24677526205778122,-0.10638252866939095,0.10365473853670874
JPM,2015-07-14,-0.001916879957372492,0.004564820040203896,-0.050737185911698776,-0.016029748609622457,0.0024216381631093024
JPM,2015-07-15,0.918775737285614,0.0017698727897368371,0.991933286190033,0.6374929654217946,0.0654763476259675
JPM,2015-07-17,0.8320868611335754,0.0007625112339155748,0.9992569088935852,0.6107020937536921,0.062050920871991565
JPM,2015-07-20,0.32920220494270325,0.0021836639652974554,0.9986328035593033,0.4433395574891013,0.047449582786436705
JPM,2015-07-23,-0.20290727615356446,0.0004642396692361217,0.20002371072769165,-0.0008064419188788993,0.0010257172818021968
JPM,2015-07-24,0.4035535454750061,0.00036364519473863766,-0.498003751039505,-0.03136218678992009,-0.004350055414488204
JPM,2015-07-27,0.33599358797073364,0.0014407570124603808,-0.3265168269475301,0.003639172678554644,0.000528473366988347
JPM,2015-07-28,-0.8442557454109192,0.013328658798855031,-0.99800905585289,-0.6096453808216514,-0.04924045780837174
JPM,2015-07-29,0.618122378985087,0.00047622590985459584,0.666277289390564,0.42829196476183523,0.043346247649215734
JPM,2015-07-30,-0.5088816732168198,0.010990278200551984,0.49986815452575684,0.0006589198364963522,0.01168083392123219
JPM,2015-07-31,0.835111677646637,0.001485936991230119,0.9992784857749939,0.6119587001376203,0.06282254022329384
JPM,2015-08-03,-0.31564798206090927,0.000422341829562356,-0.4985015541315079,-0.2712423981209516,-0.02706051722823062
JPM,2015-08-04,0.5712485164403915,0.001843989401095314,0.9990948587656021,0.5240624548690297,0.0548044917669245
JPM,2015-08-05,-0.7631576508283615,0.001794285709365795,-0.9964328706264496,-0.5859320785818151,-0.05738545036599668
JPM,2015-08-06,0.834270179271698,0.00037300350595614873,0.9992552697658539,0.6112994841811693,0.061756384373129705
JPM,2015-08-07,0.8682324886322021,0.00045813967517460696,0.0,0.2895635427691256,0.027889127380932736
JPM,2015-08-10,-0.4490203261375427,0.002082595970477996,-0.9964723438024521,-0.48113669132317227,-0.04718182070418896
JPM,2015-08-11,0.3394701878229777,0.0020958010384977874,-0.33151596784591675,0.003350007005186247,0.0010745988465990523
JPM,2015-08-14,0.8872291247049967,0.001161902600466015,0.7766895095507304,0.555026845618731,0.056367467876510195
JPM,2015-08-17,0.0,4.3923100747633725e-06,0.0,1.4641033582544576e-06,4.099447269129341e-06
JPM,2015-08-20,0.2873283624649048,0.00021022044165874831,0.0,0.09584619430218784,0.009284181797517567
JPM,2015-08-21,0.8700669407844543,0.003552649788616691,-0.9954860806465149,-0.04062216335781462,-0.004053489225234007
JPM,2015-08-25,0.7962883114814758,0.5003812532908729,0.9993758201599121,0.7653484616440869,0.5272288201359032
JPM,2015-08-26,-0.0651007890701294,0.000485493152025031,0.2754845108304705,0.07028973830412204,0.008048944100273491
JPM,2015-08-27,0.0,1.2761964171659201e-05,0.0,4.2539880572197335e-06,1.1911044138898432e-05
JPM,2015-08-31,0.0,0.00033912585968209896,0.0,0.00011304195322736632,0.00031651422100712455
JPM,2015-09-08,-0.22307637333869934,0.001777649139512505,0.3332376579443614,0.037312977915058186,0.006282371666502278
JPM,2015-09-09,-0.880427360534668,-0.00018978246953338385,-0.9955553412437439,-0.6253908280826485,-0.06291562393685017
JPM,2015-09-10,0.0,0.0001797838604034041,0.0,5.9927953467801366e-05,0.0001677965476490745
JPM,2015-09-11,-0.030019687281714544,0.0006193159311401865,0.00011220243242051866,-0.009762722972717946,-0.0003675452951995932
JPM,2015-09-14,0.9207921624183655,0.003466874022706179,0.9750415086746216,0.6331001817052311,0.06653197077172927
JPM,2015-09-16,0.13947760105133056,0.0014211885549775616,0.08044375419616699,0.07378084793415836,0.008557313293785763
JPM,2015-09-17,0.00687865416208903,0.0008096854047228893,0.010657052199045816,0.006115130588619244,0.0013467631120855322
JPM,2015-09-18,0.09388437867164612,0.006316701146715786,0.002059459686279297,0.034086846501547065,0.008937196533698203
JPM,2015-09-19,0.0,0.0006220971299626399,0.996727705001831,0.33244993404393125,0.035512952009927254
JPM,2015-09-21,0.9544806480407715,0.06409000209532678,0.9996482133865356,0.6727396211742113,0.1250409049403669
JPM,2015-09-23,0.5714771747589111,0.0012734536148855113,0.6884200274944305,0.4203902186227424,0.04339100410422986
JPM,2015-09-24,-0.404354453086853,0.0018694472764764214,-0.4979308545589447,-0.3001386201231071,-0.02849561667885439
JPM,2015-09-28,-0.45834219455718994,0.03742497793427901,-0.44902223348617554,-0.2899798167030288,0.0046957141544574504
JPM,2015-09-29,0.04682853817939758,0.006937483067304129,0.499663770198822,0.18447659714850792,0.02546779382278025
JPM,2015-10-06,0.0,0.0439025693340227,-0.9873518943786621,-0.31448310834821314,0.006371569673901879
JPM,2015-10-08,0.8957363665103912,0.011372501045116223,0.9994506239891052,0.6355198305148709,0.07397344999936104
JPM,2015-10-09,-0.03045610586802165,0.005229823042706509,0.9961472153663635,0.3236403108470161,0.03882980388103018
JPM,2015-10-12,0.6654354184865952,0.003566721900938319,0.7493739426136017,0.47279202766704503,0.05063944518798752
JPM,2015-10-13,-0.12617477545371422,0.002572940351053778,-0.15440426881496722,-0.09266870130587589,-0.007000835263262386
JPM,2015-10-14,0.9425533413887024,0.0010047420219052583,0.999561607837677,0.6477065637494283,0.0657816503357895
JPM,2015-10-15,0.17504635784361097,0.00034729556091406266,0.0007128053241305881,0.05870215290955188,0.005885704262976723
JPM,2015-10-16,0.0,4.745851765619591e-05,0.0,1.5819505885398637e-05,4.4294161225195405e-05
JPM,2015-10-19,-0.020463883876800537,0.001470110521040624,0.001675724983215332,-0.005772682790848194,0.0007835610729136246
JPM,2015-10-20,0.622860332330068,0.0008487065742883715,0.3934904138247172,0.3390664842430245,0.034283382365732445
JPM,2015-10-21,-0.7426689267158508,0.007119471265468746,-0.996894121170044,-0.5774811922068087,-0.051783449474730556
JPM,2015-10-22,-0.6380869895219803,8.969504960987251e-05,-0.0004960000514984131,-0.21283109817462295,-0.020115875595780812
JPM,2015-10-26,-0.31230716705322265,0.002212842626249767,-0.5970674753189087,-0.3023872665819605,-0.028738175123336585
JPM,2015-10-27,-0.9490077495574951,0.00046123483480187133,0.8773900866508484,-0.023718809357281618,0.0011639927777415385
JPM,2015-10-28,-0.5990438461303711,0.0003607016187743284,-0.7476931065320969,-0.4487920836812312,-0.04481506531689345
JPM,2015-10-29,-0.7730064392089844,0.00026800367049872875,-0.9976781010627747,-0.5901388455337534,-0.05916511544121697
JPM,2015-10-30,-0.7684319615364075,0.002024888453888707,-0.9952501058578491,-0.5872190596467893,-0.057295591845818644
JPM,2015-11-02,-0.48097097873687744,1.363750925520435e-06,-0.499127060174942,-0.326698891720298,-0.03270438940717818
JPM,2015-11-03,0.9493542313575745,0.0012336922009126283,0.9994122982025146,0.6500000739203339,0.0662052090978445
JPM,2015-11-04,-0.7257288694381714,0.013987401267513633,-0.9964838027954102,-0.5694084236553559,-0.04482326549073756
JPM,2015-11-05,-0.5646938681602478,0.0008982398940133862,-0.9978310465812683,-0.5205422249491676,-0.05199349274523932
JPM,2015-11-06,0.16869404315948486,0.004285182176317903,0.7698371291160584,0.3142721181506204,0.03631562345357892
JPM,2015-11-09,-0.60793736577034,0.0017756013094185619,-0.997462123632431,-0.5345412960311174,-0.05252945999234004
JPM,2015-11-10,-0.8930206298828125,9.286124986829236e-05,-0.997329831123352,-0.6300858665854321,-0.06311233197552785
JPM,2015-11-11,-0.11825114488601685,0.00071678071799397,0.0009060949087142944,-0.03887608975310286,-0.0030394495902653423
JPM,2015-11-12,-0.9098188281059265,0.00037858751602470875,-0.9973938465118408,-0.6356113623672476,-0.0633792146789337
JPM,2015-11-13,0.3132683277130127,0.025740876250347357,0.3998992443084717,0.24630281609061058,0.04794828717605321
JPM,2015-11-16,0.0078012943267822266,-0.0004281117053324124,0.000811159610748291,0.0027281140773993684,-0.00012438906798666513
JPM,2015-11-17,0.0,0.0022943357932187305,0.0,0.0007647785977395768,0.002141358021855056
JPM,2015-11-18,0.3992786407470703,0.0004493031874517328,0.0,0.133242647978174,0.013048225746008677
JPM,2015-11-19,0.10193079710006714,0.0034089097753167152,0.0011188685894012451,0.035486191821595035,0.0064448231928012035
JPM,2015-11-20,0.13116562366485596,0.002700465134694241,0.0010540187358856201,0.044973369178478606,0.006706017481042149
JPM,2015-11-23,-0.33204370737075806,0.00021293770168995252,-0.498688280582428,-0.27683968341716536,-0.027781087926008433
JPM,2015-11-24,-0.024335920810699463,0.0009522790787741542,0.001356959342956543,-0.007342227462989588,0.00016661534284297198
JPM,2015-11-25,0.8706647753715515,0.0008144472813000903,-0.9978339076042175,-0.042118228317121975,-0.006672493972941329
JPM,2015-11-27,0.6492793560028076,3.5886187106370926e-05,0.6005777716636658,0.4166310046178599,0.041618166841320435
JPM,2015-11-30,0.0,9.354940448247362e-05,0.0,3.118313482749121e-05,8.73118784306597e-05
JPM,2015-12-01,0.0,0.00026419790810905397,0.0,8.806596936968465e-05,0.0002465821798716462
JPM,2015-12-02,0.07380408048629761,0.001343170675681904,0.001105666160583496,0.025417639107521,0.0036267304136834043
JPM,2015-12-04,-0.3693923552831014,0.0032441495720073967,-0.6642651955286661,-0.3434711337465867,-0.03193627353867828
JPM,2015-12-07,0.0,0.0010773822941700928,0.0,0.00035912743139003095,0.0010055464253830027
JPM,2015-12-09,0.08301331996917724,0.0003522375651300536,0.027345878737313405,0.036903812090540236,0.003912791480780826
JPM,2015-12-10,0.11071068048477173,0.0009424604049854679,-0.3309508164723714,-0.07309922519420474,-0.007217524176789221
JPM,2015-12-11,0.42632560431957245,0.013472940990368443,0.25066274404525757,0.2301537631183995,0.0348439530476214
JPM,2015-12-12,0.8819689750671387,0.020048702106578276,0.9908258318901062,0.6309478363546077,0.08133343002264748
JPM,2015-12-13,0.0,0.00156236496695783,0.0,0.0005207883223192766,0.0014581923288233436
JPM,2015-12-14,0.0,0.0006653337568423012,0.0,0.00022177791894743373,0.0006209717958184518
JPM,2015-12-15,0.26594998836517336,0.0007621938990268973,0.3995566129684448,0.2220895984108817,0.023126437812167326
JPM,2015-12-16,0.08777282834053039,0.006849433252136805,0.20021610260009765,0.0982794547309216,0.016185904037898463
JPM,2015-12-17,0.06170707941055298,0.0025408087364363987,0.19954340855280558,0.08793043223326498,0.011316546341641797
JPM,2015-12-18,0.15689101815223694,0.00393835534396203,0.16684348384539285,0.1092242857805306,0.014485471305798584
JPM,2015-12-21,0.0,7.523023668909445e-05,0.0,2.5076745563031484e-05,7.021416591761836e-05
JPM,2015-12-22,-0.39485836029052734,0.0005010111581214005,-0.49879880746205646,-0.29771871886482076,-0.029502875923180575
JPM,2015-12-29,-0.9167619347572327,-0.04014491359703243,-0.9983970522880554,-0.6517679668807735,-0.10145552423628755
JPM,2015-12-30,-0.2074202001094818,0.0022982759082879056,-0.6546522229909897,-0.2865913823973945,-0.02735911691954933
JPM,2016-01-04,-0.21681555112202963,0.05298264651598098,-0.3313337365786235,-0.16505554706155737,0.030979991923751463
JPM,2016-01-05,0.6294479469458262,0.0035514883112834164,0.6661158502101898,0.4330384284890998,0.046569024275923264
JPM,2016-01-06,-0.01203840308719211,0.0005007841480417281,0.1112776067521837,0.03324666260434444,0.003986576592363893
JPM,2016-01-07,0.5297985672950745,4.2956318793585524e-05,0.9126058220863342,0.4808157819000674,0.04878133164303648
JPM,2016-01-08,-0.3201708396275838,0.0013226299027640682,0.001220424969991048,-0.10587592825160957,-0.008849546902083321
JPM,2016-01-11,0.04416136741638184,0.10055068451938495,0.004975908994674682,0.04989598697681383,0.09541751937901828
JPM,2016-01-12,0.019406229257583618,0.0014044902950445248,0.12628909945487976,0.04903327300250263,0.006350704831550555
JPM,2016-01-13,0.00795849519116538,0.07207037543360327,-0.06635741250855583,0.004557152705404276,0.06519108381871577
JPM,2016-01-14,-0.5672232075171038,0.0036620746615302446,-0.35725743662227283,-0.30693952315928213,-0.02704374535895487
JPM,2016-01-15,0.8845447897911072,0.0009301172685809433,0.9991903901100159,0.6282217657232346,0.06386422476743664
JPM,2016-01-19,-0.015753746032714844,-0.00017368930275551975,0.0011913776397705078,-0.004912019231899952,-0.0006186331482079572
JPM,2016-01-20,0.612429698308309,0.0012001748773400323,0.6657125949859619,0.426447489390537,0.043822079149840654
JPM,2016-01-21,0.3061116337776184,0.0001837326435634168,0.6660898725191752,0.324128412980119,0.03319802529342602
JPM,2016-01-22,-0.3304201662540436,0.001058834854120505,0.9985775947570801,0.223072087785719,0.02553446369921268
JPM,2016-01-25,-0.28691012660662335,0.001984677110916285,-0.3305412530899048,-0.20515556752853728,-0.01880688837398033
JPM,2016-01-26,0.11697208219104344,-0.006049097991409427,0.11132058832380506,0.07408119084114635,0.0019554259812310667
JPM,2016-01-27,0.886777251958847,0.006643849752435926,0.9993297755718231,0.6309169590943687,0.06927248518762126
JPM,2016-01-28,0.0,0.01870783240883611,0.0,0.006235944136278704,0.01746046404201901
JPM,2016-02-01,0.16816587448120118,0.0006701890284602996,0.20000460147857665,0.12294688832941271,0.012954027545731734
JPM,2016-02-02,-0.3318174183368683,0.14450011723874923,-0.7431585788726807,-0.3101586266569332,0.09832476852787897
JPM,2016-02-04,-0.5368037356270684,-0.001666838181740281,-0.29307321045133805,-0.2771812614200489,-0.02880573605738512
JPM,2016-02-05,-0.5687022124017987,0.012631697545917373,-0.4275188446044922,-0.3278631198201245,-0.02118141717338182
JPM,2016-02-09,-0.4642961555057102,0.003526505933324289,-0.5530393587218391,-0.337936336098075,-0.030776344420057285
JPM,2016-02-10,-0.19915788372357687,0.0020618973424764895,-0.15778074661890665,-0.11829224433333567,-0.009904539628647303
JPM,2016-02-11,-0.6990061004956564,0.002851479654358021,-0.1717824637889862,-0.28931236154342815,-0.025468141333525027
JPM,2016-02-12,0.008588922023773194,0.0028875884505396242,0.5993931531906128,0.2036232212216419,0.023973657861312638
JPM,2016-02-16,0.12151950597763062,0.0034076974661729764,0.0005418658256530762,0.04182302308981889,0.007043045449063063
JPM,2016-02-17,0.20322087407112122,0.4870332045373402,-0.22959548234939575,0.15355286541968857,0.4529407499729019
JPM,2016-02-18,-0.2446956992149353,0.00011575292119232472,-0.39867969751358034,-0.2144198812691078,-0.021604038962046684
JPM,2016-02-19,-0.016220920615726046,0.005692577512592025,0.10358111063639323,0.03101758917775307,0.008430171282328272
JPM,2016-02-22,0.8821128308773041,0.0028003345969409565,0.9994126260280609,0.6281085971674353,0.06554061278472262
JPM,2016-02-23,-0.2798452153801918,0.0071244100997773785,-0.24858490377664566,-0.17376856968568669,-0.010914069947445974
JPM,2016-02-24,-0.21898101270198822,0.0007414868373416539,-0.47401970624923706,-0.23075307737129455,-0.022847133248537304
JPM,2016-02-25,0.8955824375152588,0.03444498796670814,0.9875146448612213,0.639180690114396,0.09508436039628014
JPM,2016-02-26,-0.42525269587834674,0.0013602037834061775,-0.6630801955858866,-0.3623242292269424,-0.035419894218661284
JPM,2016-02-29,-0.09632141722573175,0.10870217623293381,-0.22152902682622275,-0.06971608927300689,0.09064381584310202
JPM,2016-03-01,-0.13843615849812826,0.001185243206236919,0.16773483157157898,0.010161305426562545,0.002606190873746068
JPM,2016-03-02,0.2203361988067627,0.0009444921761314617,0.250054270029068,0.15711165367065405,0.016614240284819445
JPM,2016-03-03,0.9367746114730835,0.007034633552393643,0.9945190250873566,0.6461094233709446,0.07104998611321595
JPM,2016-03-04,0.174857035279274,0.013313931893662811,0.25030000507831573,0.14615699075041752,0.026729072782259302
JPM,2016-03-07,-0.3573432117700577,0.0010738290502558812,-0.49884800612926483,-0.2850391296163555,-0.02778339970007593
JPM,2016-03-08,-0.7198042869567871,0.0033500547979201656,-0.0013428032398223877,-0.2392656784662298,-0.01968723890174762
JPM,2016-03-09,-0.9035364985466003,8.433637412963435e-05,-0.9975702166557312,-0.6336741262760673,-0.06346132218641738
JPM,2016-03-11,0.0,6.471319920819951e-05,0.0,2.157106640273317e-05,6.039836260869895e-05
JPM,2016-03-14,0.2477460035255977,0.00199932339429714,0.12124391538756234,0.12366308076915239,0.013951271979229213
JPM,2016-03-15,0.3101555307706197,0.0006144835703404775,-0.05174451271692912,0.08634183387467702,0.008570005579866915
JPM,2016-03-16,-0.04645932912826538,-9.714687403175048e-05,-0.19804776906967164,-0.08153474835732293,-0.00850112665621355
JPM,2016-03-17,-0.6453312933444977,-0.0003230764159525279,-0.49819038808345795,-0.3812815859479694,-0.03817296115567921
JPM,2016-03-18,0.012769162654876709,0.0016278796319966204,-0.9944988191127777,-0.32670059227530146,-0.03293100156680726
JPM,2016-03-21,0.4217320382595062,7.202506276371423e-05,0.024203747510910034,0.14866927027772667,0.014254556216630321
JPM,2016-03-22,-0.6460910638173422,0.0023201186589479525,-0.8306658665339152,-0.49147893723076974,-0.04738230998535522
JPM,2016-03-23,-0.8361884951591492,0.17252431355882436,0.9989032745361328,0.111746364311936,0.16958161559621576
JPM,2016-03-24,0.16024621725082397,7.5437747000250965e-06,0.3990106225013733,0.18642146117563244,0.01905963997431565
JPM,2016-03-28,0.6016487081845602,0.0008926366099331062,0.6703085203965505,0.4242832883970146,0.04335512563359468
JPM,2016-03-29,-0.15089668333530426,0.00019119587705063168,-0.7427673488855362,-0.2978242787812633,-0.030626080193650724
JPM,2016-03-30,-0.42122270663579303,0.0020966838871269524,-0.7490965723991394,-0.3894075317159351,-0.037619671169373356
JPM,2016-03-31,0.2789805332819621,0.17376806797275549,0.6659807364145914,0.37290977922310303,0.1943464501266689
JPM,2016-04-01,0.47023677825927734,0.0012509005706912528,0.6651870012283325,0.37889156001943375,0.03935354857816807
JPM,2016-04-04,0.9107088645299276,0.1683335184825978,0.999189962943395,0.6927441153186402,0.22093332520583062
JPM,2016-04-05,0.09342039227485657,0.00831330754008377,0.00228344202041626,0.034672380611785535,0.010793851287450017
JPM,2016-04-06,-0.027428150177001953,0.0006421897014661226,0.000479966402053833,-0.008768664691160666,-0.00025133929398532995
JPM,2016-04-07,-0.07767561674118043,0.0709669806023945,0.059837067127227785,0.017709476996147284,0.06587545836578668
JPM,2016-04-08,-0.19143763681252798,0.0039510198612333625,-0.5969423353672028,-0.2614763174394991,-0.02328849402921383
JPM,2016-04-11,0.7753210862477621,0.10512758786020034,0.33397363622983295,0.4048074367792651,0.13434567102677053
JPM,2016-04-12,-0.19256827235221863,0.0004275895480532199,-0.24309712648391724,-0.14507926976269422,-0.014211538260817627
JPM,2016-04-13,0.2908292876349555,0.007878992575772119,0.22199725442462498,0.17356851154511754,0.024332703081858087
JPM,2016-04-14,0.9014700452486674,0.012077578666018477,0.9993826945622762,0.6376434394923206,0.0748104874528229
JPM,2016-04-15,-0.1013400008281072,0.0010211092527849057,-0.12915205458799997,-0.07649031538777408,-0.006778676442241663
JPM,2016-04-18,0.2410741001367569,0.012811784363293555,-0.23232968151569366,0.007185400994785596,0.011440071031725138
JPM,2016-04-19,0.42664454132318497,0.0017796124307096761,0.5092944800853729,0.3125728779464225,0.033004651287558875
JPM,2016-04-20,0.54571732878685,0.0076790949797214125,0.3747306615114212,0.3093756950926642,0.03756089941596481
JPM,2016-04-21,0.18455719947814941,0.00048229737367364576,-0.05576267242431641,0.043092274809168885,0.004333228425914394
JPM,2016-04-22,0.19275631507237753,0.001142261665033099,0.1674994726975759,0.12046601647832884,0.013033192638505888
JPM,2016-04-25,0.0777643695473671,0.0007670341474295128,7.141381502151489e-05,0.026200939169939375,0.0031780220011514014
JPM,2016-04-26,-0.28795192639033,0.00087225440650703,0.1664308706919352,-0.04021626709729593,-0.0024606989110279296
JPM,2016-04-27,-0.1244315356016159,0.00402038968695706,-0.49960750341415405,-0.2066728831096043,-0.01769310321226138
JPM,2016-04-28,-0.28603196144104004,-0.0006557314181918628,-0.49830448627471924,-0.26166405971131707,-0.027123069979533204
JPM,2016-04-29,0.4864845077196757,0.0015909256724424064,0.222444925043318,0.23684011947847872,0.024668015362301596
JPM,2016-05-02,-0.8980840146541595,-0.0002199363589170389,-0.9924736618995667,-0.6302592043042144,-0.06339423112609097
JPM,2016-05-03,-0.5500466028849283,0.00045842016940393176,-0.664433757464091,-0.40467398005987176,-0.04025612552826858
JPM,2016-05-04,0.7991161346435547,0.011687717473250814,0.996113657951355,0.6023058366893869,0.07109467454054261
JPM,2016-05-05,-0.2739652991294861,0.005530422746232944,-0.3312669595082601,-0.1999006119638377,-0.015113559350835028
JPM,2016-05-06,0.0,0.00403446274867747,0.0,0.0013448209162258233,0.0037654599592321773
JPM,2016-05-09,0.9098105132579803,0.0029985060573380906,0.0009100437164306641,0.30457302101058303,0.03160708817577306
JPM,2016-05-11,0.47312572598457336,0.00013443985153571703,0.4992443919181824,0.32416818591809715,0.03258711086659485
JPM,2016-05-12,0.175947152905994,-0.0866919147980904,-0.05034750699996948,0.012969243702644706,-0.07711107817150877
JPM,2016-05-13,0.37007592405591694,0.008017840405955212,0.4284120798110962,0.2688352814243228,0.03420302735765139
JPM,2016-05-16,0.0,0.005058729613665491,-0.9729097485542297,-0.3226170063135214,-0.02937615326197036
JPM,2016-05-18,-0.3739664316177368,-0.11937277769320645,-0.20058493614196776,-0.23130804848430367,-0.13027162542045384
JPM,2016-05-19,0.45674407482147217,0.3415316774855152,0.3330509662628174,0.3771089061899349,0.34487852208149977
JPM,2016-05-20,0.2299554467201233,0.0522741719163605,-0.17118408679962158,0.037015177278954085,0.050062549422552796
JPM,2016-05-23,0.0,0.0007415412837872282,-0.9970768690109253,-0.332111775909046,-0.034252473092630964
JPM,2016-05-24,0.23395468294620514,0.0004240242096784641,0.9987649321556091,0.41104787977049756,0.0427992936923607
JPM,2016-05-26,0.8826130032539368,0.025762543533346616,0.9982262849807739,0.6355339439226858,0.08694602736533974
JPM,2016-05-27,-0.7685976624488831,0.002572653174865991,-0.99518883228302,-0.5870712805190124,-0.05678744368769546
JPM,2016-05-31,0.36618793606758115,0.0025631031719967725,0.9992040157318115,0.4559850183237965,0.048993573471249593
JPM,2016-06-01,-0.01948930025100708,0.004943389918480534,-0.3974896311759949,-0.13734518050284047,-0.009933475132998356
JPM,2016-06-02,0.4367784261703491,0.002020179123064736,0.4974622428417206,0.31208694937837816,0.03313501952107486
JPM,2016-06-03,0.0,0.0012292404735489981,0.4993179142475128,0.16684905157368726,0.01864688331072818
JPM,2016-06-06,-0.7502762277921041,0.010890857699754028,0.004703323046366374,-0.24489401568199456,-0.013401133975633542
JPM,2016-06-08,-0.8507136404514313,0.03127019676321652,-0.9974258244037628,-0.6056230893639926,-0.03267900724708242
JPM,2016-06-09,0.4669162929058075,0.0017538331703690346,0.4988589882850647,0.3225097047870804,0.033888622171777884
JPM,2016-06-10,-0.20684464275836945,0.25001536926775714,-0.24878093600273132,-0.0685367364977812,0.21808391874150077
JPM,2016-06-13,0.3191823760668437,0.001500846263904047,0.3337326447168986,0.21813862234921544,0.0231926051732928
JPM,2016-06-14,-0.21045421560605368,0.13746579637093723,-0.5050746202468872,-0.19268767982733456,0.10394221887434578
JPM,2016-06-15,0.0,0.0009707644021546002,0.0,0.0003235881340515334,0.0009060374393533977
JPM,2016-06-16,0.25835952162742615,0.0038361912938853493,-0.3318103651205699,-0.023204884066419462,0.00012316043510222268
JPM,2016-06-17,-0.33735646804173786,0.0038868802212164155,-0.331959863503774,-0.22180981710809847,-0.018676815623828367
JPM,2016-06-20,-0.27300957838694256,0.0013017123565077782,0.33588818709055585,0.021393440353373688,0.004351712623669798
JPM,2016-06-21,-0.7849226593971252,0.003649806196335703,-0.9947803020477295,-0.592017718416173,-0.056284140699065385
JPM,2016-06-22,-0.22359742437090194,0.005859283419600355,-0.2844771827970232,-0.16740510791610827,-0.011573685315369904
JPM,2016-06-23,-0.19965322812398276,0.003434939358764192,-0.49230673909187317,-0.2295083426190306,-0.02036285277498707
JPM,2016-06-24,0.0,0.001561542070703581,0.0,0.0005205140235678604,0.0014574242594682068
JPM,2016-06-27,-0.021409657266404893,0.006344725450415151,-0.2210156520207723,-0.07869352794558736,-0.0025014277786570226
JPM,2016-06-28,-0.46069173514842987,8.895816216636376e-05,-0.6231052353978157,-0.3612360041280264,-0.036326283948136605
JPM,2016-06-29,-0.03757577283041818,0.0023826340288256426,0.28390239817755564,0.08290308645865437,0.010985208451321147
JPM,2016-06-30,0.36136287450790405,0.0010027988028014079,0.49966567754745483,0.2873437836193868,0.029877361505376277
JPM,2016-07-01,0.45620736479759216,0.018724859746725997,0.4997861087322235,0.32490611109218054,0.049421862558574677
JPM,2016-07-05,-0.7717841863632202,-0.001538825366878882,-0.9983158111572266,-0.5905462742957752,-0.06083516275723381
JPM,2016-07-06,-0.8856881558895111,0.00048870814316615,-0.9889980554580688,-0.6247325010681379,-0.06221895513183821
JPM,2016-07-08,-0.21857512990633646,0.010625515482085271,-0.8070934613545736,-0.33834769192627495,-0.025282538643258266
JPM,2016-07-10,0.0,0.007869904635299463,0.0,0.002623301545099821,0.007345169043393261
JPM,2016-07-11,0.07060988460268293,0.002379231521704891,-0.1427364604813712,-0.023249114785661124,-0.0005485571196671083
JPM,2016-07-12,0.005635495369250958,0.0020531132172786435,-0.09200074122502254,-0.02810404421283098,-0.0011298858096405625
JPM,2016-07-13,0.5267228654452732,0.001664809473108367,0.5710857340267727,0.3664911363150514,0.038228502848062854
JPM,2016-07-14,0.5169626275698344,0.013474621169734746,0.00143355131149292,0.17729026668368733,0.028977561501890497
JPM,2016-07-18,-0.2905217260122299,0.00020817479025936336,-0.7473850697278976,-0.34589954031662273,-0.035188306378605476
JPM,2016-07-19,0.03203941881656647,0.0005512815023394069,0.2339351326227188,0.08884194431387489,0.009726635460864443
JPM,2016-07-22,-0.41492128372192383,0.0007625056896358728,0.9990612864494324,0.19496750280571482,0.022602138400074752
JPM,2016-07-26,0.5404659509658813,0.00012963407789357007,0.9985200762748718,0.5130385537728822,0.05221066973316298
JPM,2016-07-27,0.6612941771745682,0.0006367144378600642,0.9987907409667969,0.5535738775264084,0.056515130508470006
JPM,2016-07-28,-0.35490916669368744,0.0028527952990771155,-0.4977503716945648,-0.2832689143630584,-0.02600759273470082
JPM,2016-07-29,0.44816237688064575,0.0006715890940540703,-0.9412799030542374,-0.1641486456931792,-0.018187207411593256
JPM,2016-08-01,0.04313584168752035,0.0011813347979720372,0.33314406871795654,0.1258204150678163,0.014142627986553084
JPM,2016-08-04,-0.31792964537938434,0.0010672550973443624,-0.3318667809168498,-0.21624305706629662,-0.020690720027376347
JPM,2016-08-05,-0.5197377800941467,0.0002992471054312773,-0.997407853603363,-0.5056154621973595,-0.05111578834636942
JPM,2016-08-08,-0.2627667983373006,0.0003022576808386172,-0.10857901970545451,-0.1236811867873055,-0.011834381262237003
JPM,2016-08-09,0.5920913815498352,0.0004896199534414336,0.998675525188446,0.5304188422305742,0.05418497432492307
JPM,2016-08-10,-0.7392304539680481,0.00033868006721604615,-0.9976009726524353,-0.5788309155177558,-0.05802813959283071
JPM,2016-08-12,0.8772742748260498,-0.0009650680003687739,0.9991617202758789,0.62515697570052,0.06186443769967072
JPM,2016-08-15,0.2956946939229965,0.0011138320214740816,0.4902322292327881,0.2623469183924196,0.027573342952182868
JPM,2016-08-16,0.9081633687019348,-4.325411282479763e-05,0.9990529417991638,0.6357243521294246,0.06369797472318918
JPM,2016-08-17,-0.8995460867881775,1.92594961845316e-05,-0.9959075450897217,-0.6318114574605715,-0.0633375746051676
JPM,2016-08-18,0.4123990058898926,0.0008903197071049362,0.2003934621810913,0.20456092925936295,0.020898017266430417
JPM,2016-08-19,0.025462836027145386,0.00031502809997618897,0.0003349781036376953,0.008704280743586423,0.0011111333668504557
JPM,2016-08-25,-0.16663957834243776,0.000221714487997815,-0.19925930500030517,-0.12189238961824837,-0.012047196797313229
JPM,2016-08-29,0.8091080188751221,0.00033804467238951474,0.9995172023773193,0.602987755308277,0.06093707532035919
JPM,2016-08-30,-0.8771741986274719,-1.9720568161574192e-05,-0.9976363182067871,-0.6249434124674735,-0.06272693812193472
JPM,2016-08-31,-0.05013122445061093,0.0007942536385165848,-0.047549503190176826,-0.0322954913340904,-0.0025107851369196767
JPM,2016-09-02,-0.834026038646698,0.0013057690503046615,-0.9969852864742279,-0.6099018520235404,-0.060102267930529606
JPM,2016-09-05,0.0,0.00038232741644605994,0.9990774393081665,0.33315325557487085,0.035371520441960416
JPM,2016-09-06,0.283699095249176,0.004949706468323711,0.3331720431645711,0.20727361496069027,0.025269552787376106
JPM,2016-09-08,0.14888118505477904,0.0012210921526275343,0.4007562279701233,0.1836195017258433,0.019893984364833403
JPM,2016-09-09,-0.4085884690284729,-0.00011944748803216498,-0.49858909845352173,-0.30243233832334226,-0.03050888759761199
JPM,2016-09-12,0.5085381388664245,0.0006518734608107479,0.5996290922164917,0.3696063681812423,0.03770829615828917
JPM,2016-09-13,0.20398995280265808,0.0007109611083251366,0.24970102310180664,0.1514673123375966,0.015866880597445933
JPM,2016-09-15,0.4564153850078583,0.003404433395189699,0.49557799100875854,0.3184659364706022,0.03498204163194133
JPM,2016-09-16,-0.7561817169189453,0.00022730219643563032,-0.9920245409011841,-0.5826596518745646,-0.05847280946886024
JPM,2016-09-19,-0.18264783918857574,0.001679736906226026,-0.997337281703949,-0.39276846132876625,-0.03916297208751916
JPM,2016-09-20,-0.9126392006874084,-0.9903904625098221,-0.8463445901870728,-0.9164580844614344,-0.982882886710426
JPM,2016-09-21,0.13792751729488373,0.005819080887704331,-6.152689456939697e-05,0.047895023762672885,0.00979147268972646
JPM,2016-09-22,-0.31952138741811115,0.0022343183748792703,-0.33267849683761597,-0.2166551886269493,-0.01968026635095397
JPM,2016-09-23,0.0,0.06644372314258362,-0.48123717308044434,-0.13826448331262023,0.04514757932817771
JPM,2016-09-26,-0.22019187609354654,0.0006089820147584154,0.021507124106089275,-0.06602525665756628,-0.005642364203935581
JPM,2016-09-27,0.8797389566898346,0.000498287732625613,0.9987646341323853,0.6263339595182819,0.06329426073201919
JPM,2016-09-28,-0.41290968656539917,0.005038609564508079,-0.4989009201526642,-0.3022573323845184,-0.025842355592582644
JPM,2016-09-30,-0.843875527381897,1.4241192729969043e-05,0.0,-0.281287095396389,-0.026677850911442938
JPM,2016-10-03,0.0,0.0023254158222698607,0.0,0.0007751386074232869,0.002170365814209991
JPM,2016-10-04,-0.35204190015792847,0.0038861692628415767,-0.24935303628444672,-0.19916958905984453,-0.016246844495491092
JPM,2016-10-05,0.3023732304573059,0.00042922826772458694,0.33388932545979816,0.2122305947282762,0.02166627036652954
JPM,2016-10-06,-0.061831812063852944,3.0441968798792612e-05,-0.331909437974294,-0.13123693602311606,-0.013559717579944579
JPM,2016-10-07,-0.0005238890647888183,0.002630337345908629,-0.398721969127655,-0.13220517361551173,-0.01153562979233603
JPM,2016-10-11,0.7910202741622925,0.015805888380782562,0.9994367063045502,0.6020876229492084,0.07479865984587052
JPM,2016-10-12,-0.7932618260383606,0.0010915342572843656,-0.9970991611480713,-0.5964231509763825,-0.05901686717668392
JPM,2016-10-13,0.0,5.8982936025131494e-05,0.0,1.9660978675043832e-05,5.50501744862542e-05
JPM,2016-10-14,0.4568449556827545,0.0006065639136068057,0.4990243911743164,0.31882530359022593,0.032505096702608274
JPM,2016-10-17,-0.770416796207428,-6.793867942178622e-05,-0.995862603187561,-0.5887824460248036,-0.05933312218185322
JPM,2016-10-20,-0.7483968138694763,0.00045060841148369946,-0.9945560395717621,-0.5808340816765849,-0.0581068844288812
JPM,2016-10-21,0.46719399094581604,0.0018910896687884815,0.9985142052173615,0.4891997619439887,0.05153693480137897
JPM,2016-10-24,-0.578553318977356,0.0006135607654869091,-0.6604818105697632,-0.4128071895938774,-0.04087446962577161
JPM,2016-10-25,-0.19178037345409393,0.00019012366919923807,-0.07030293345451355,-0.08729772774646942,-0.008352328933722947
JPM,2016-10-26,-0.8462865054607391,-0.023126592274820723,-0.99708491563797,-0.6221660044578433,-0.08329685223510401
JPM,2016-10-27,-0.6762087568640709,0.043454130892314424,-0.7480894178152084,-0.4602813479289883,-0.007049502627971395
JPM,2016-10-28,-0.042791622025626044,0.00030155344367293376,-0.2845830576760428,-0.10902437541933196,-0.011045807354073619
JPM,2016-10-31,0.42223066091537476,0.0008311024042389666,0.05567769209543864,0.15957981847168412,0.016081860152835057
JPM,2016-11-02,-0.2899487018585205,0.0005835493940883845,-0.542962605302984,-0.27744258592247206,-0.02765543741591955
JPM,2016-11-03,0.04385781288146973,0.002068480730182879,0.0008294979731241862,0.015585263861592263,0.0033468229244395004
JPM,2016-11-04,-0.4471314648787181,0.0005006174354396838,-0.4896051088968913,-0.31207865211338986,-0.03083438928747202
JPM,2016-11-07,0.0,0.0003646423647296615,0.6605116724967957,0.22029210495384177,0.02348929396899386
JPM,2016-11-08,0.5859684348106384,4.140209421166219e-05,0.9981945157051086,0.528068117536653,0.05355611983526939
JPM,2016-11-09,0.5459233125050863,0.0007710766052089942,0.33310580253601074,0.2932667305487687,0.02966116868176534
JPM,2016-11-10,0.38242025673389435,-0.0019128278445350588,0.016318127512931824,0.13227518546743036,0.0108822761292073
JPM,2016-11-11,-0.1529037833213806,0.0002603313483632519,-0.37730133533477783,-0.1766482624359317,-0.017816543875688966
JPM,2016-11-14,-0.5047338604927063,0.0046548222499041,-0.4964677095413208,-0.33218224926137435,-0.02901960557614494
JPM,2016-11-15,0.0,-5.685386986442609e-05,0.0,-1.8951289954808697e-05,-5.30630673418789e-05
JPM,2016-11-16,-0.7886130511760712,1.0593304978101514e-05,-0.9963285028934479,-0.5949769869215137,-0.059851688446419346
JPM,2016-11-18,0.948091983795166,0.0005652122927131131,0.9995278120040894,0.6493950026973229,0.0655454254315028
JPM,2016-11-21,-0.4556715488433838,0.0045407941288431175,0.38617032766342163,-0.021653475683706347,0.003359604095613572
JPM,2016-11-23,-0.9668794870376587,0.00019187837824574672,-0.9980587363243103,-0.6549154483279077,-0.06538156249321009
JPM,2016-11-28,0.25912153720855713,0.0009831333118199836,0.980884313583374,0.4136629947012504,0.04349046964352001
JPM,2016-11-29,0.5888242125511169,0.00020610334468074143,-0.4232826232910156,0.05524923086826069,0.003981630359862557
JPM,2016-11-30,0.09544011950492859,0.000214920291909948,0.0011217594146728516,0.032258933070503794,0.0032586030884434987
JPM,2016-12-01,-0.7940618991851807,0.00018208683468401432,-0.9608550071716309,-0.5849116065073758,-0.05862073224350904
JPM,2016-12-06,0.0,0.00818479873760225,0.4996632933616638,0.169282697366422,0.02515077574361725
JPM,2016-12-07,0.41299568116664886,0.0006616448387148921,0.4983135461807251,0.30399029072869627,0.03114467322893908
JPM,2016-12-08,0.20440067052841188,0.00853587522287853,0.19566668272018434,0.13620107615715824,0.021289306877811442
JPM,2016-12-09,-0.30633747080961865,0.0007999085228220792,-0.33722969392935437,-0.2142557520720503,-0.02076154365854712
JPM,2016-12-12,-0.2788899739583333,-0.00043633460397055995,-0.3308541576067607,-0.20339348872302154,-0.020823771334999932
JPM,2016-12-13,0.0,8.089426773949526e-05,0.0,2.696475591316509e-05,7.550054396022106e-05
JPM,2016-12-14,-0.3014352023601532,-8.202774733945262e-05,-0.9947527348995209,-0.4320899883356712,-0.04447384338961585
JPM,2016-12-15,0.0,2.8868398658232763e-05,0.0,9.622799552744254e-06,2.6943561822648645e-05
JPM,2016-12-16,-0.01568728354242113,0.0005370382544545768,0.000806079970465766,-0.004781388439166929,3.330439223708013e-05
JPM,2016-12-21,0.0,4.875692684436217e-05,0.0,1.6252308948120724e-05,4.550599734560577e-05
JPM,2016-12-22,0.0,0.0027580771575230756,0.0,0.0009193590525076919,0.0025741788481024428
JPM,2017-01-03,0.0056149959564208984,0.12228268495027805,-0.37353304773569107,-0.08187845560966404,0.10121571071270602
JPM,2017-01-04,0.0,0.009134228745097062,0.6656052470207214,0.22491315858860617,0.03185267136247077
JPM,2017-01-05,0.14553087949752808,0.030422781688685063,0.3334517180919647,0.16980179309272594,0.044683824899216296
JPM,2017-01-06,-0.6550905704498291,-2.3073775992088486e-05,-0.9972460865974426,-0.5507865769410879,-0.055692054664530255
JPM,2017-01-09,0.14850024382273355,0.06944114679234706,0.3925480008125305,0.2034964638092037,0.08326565810778538
JPM,2017-01-10,0.16173198393413,0.01473900228743982,0.1430309840611049,0.10650065676089156,0.02388453020512695
JPM,2017-01-11,0.12502255042394003,0.16266614857492337,0.12571721275647482,0.13780197058511276,0.16018055362563624
JPM,2017-01-12,0.3935279846191406,0.001463906266963022,0.49956128001213074,0.29818439029941146,0.031321423255294495
JPM,2017-01-13,0.44851745665073395,0.0019234241126468987,0.37471403926610947,0.2750516400098301,0.029114053688101528
JPM,2017-01-17,0.4258280545473099,0.0001673898159424425,0.0011245906352996826,0.14237334499951734,0.013664260197233635
JPM,2017-01-18,-0.7200674414634705,-9.027481883094879e-05,-0.740204855799675,-0.48678752402732545,-0.04880141595014924
JPM,2017-01-19,0.8938100934028625,0.0019734697525564115,0.9989149570465088,0.6315661734006426,0.0651214118150862
JPM,2017-01-20,-0.7230516672134399,0.0001823383499868214,-0.995084822177887,-0.5726513836804467,-0.0575741506963993
JPM,2017-01-24,0.9014515280723572,0.001011063766782172,0.99934321641922,0.6339352694194531,0.06447987750524363
JPM,2017-01-25,0.2154509425163269,0.001010497365541596,0.0064886510372161865,0.07431669697302823,0.0079850788386155
JPM,2017-01-26,-0.4258083403110504,0.0003218085039407015,0.0,-0.14182884393570325,-0.013167643161981716
JPM,2017-01-27,0.0,0.0007068333234201418,0.0,0.00023561110780671393,0.0006597043197419456
JPM,2017-01-30,0.04061052203178406,0.0014070831130084116,0.00084647536277771,0.014288026835856726,0.002627410516580224
JPM,2017-02-01,0.22281676530838013,0.0011551738850054487,0.3469400405883789,0.19030399326058814,0.020284890313778055
JPM,2017-02-02,0.37845560908317566,0.0009275311786041129,0.4995723366737366,0.29298515897850547,0.03034447134588047
JPM,2017-02-03,0.18914169073104858,0.0009294727436402658,-0.3317483067512512,-0.04722571442552079,-0.004776881823479405
JPM,2017-02-07,0.195277601480484,0.0003054077978958958,0.0025631487369537354,0.06604871933844454,0.006551357416004042
JPM,2017-02-09,0.6229952424764633,0.0008320039960381109,0.014845728874206543,0.212890991782236,0.021001694851741578
JPM,2017-02-10,-0.7506476640701294,0.002148986946849618,-0.9974598288536072,-0.5819861686589624,-0.05669470813817747
JPM,2017-02-13,0.4334352910518646,0.0024729810174903832,0.4992956817150116,0.31173465126145555,0.03351614616364859
JPM,2017-02-15,-0.39576300978660583,0.0018555198803369422,-0.4987914562225342,-0.2975663153762677,-0.028267036201333775
JPM,2017-02-16,-0.25499266386032104,0.0006809632674655101,0.0005074342091878256,-0.08460142212788924,-0.007411881209039611
JPM,2017-02-17,-0.3816707879304886,0.0036676538848041673,-0.40803253650665283,-0.2620118901841124,-0.022949172310872144
JPM,2017-02-21,0.8607199788093567,0.0003042982116312487,0.9994900226593018,0.6201714332267633,0.06253707352147422
JPM,2017-02-22,-0.3986409604549408,0.0002928674966824474,0.0007316768169403076,-0.13253880538043936,-0.012309727779702512
JPM,2017-02-24,0.7513976097106934,0.00042005821524071507,0.9993487000465393,0.5837221226574911,0.05918237855787286
JPM,2017-02-27,0.6272998154163361,0.0006501054249383742,0.7495848834514618,0.4591782680975787,0.04671849109888385
JPM,2017-02-28,0.0,0.00018722511413216125,0.0,6.240837137738708e-05,0.00017474164556556662
JPM,2017-03-01,0.589447021484375,9.285482701670844e-05,-0.9979186654090881,-0.13612626303256548,-0.01624364801809705
JPM,2017-03-02,0.0,0.27677981660235673,0.9984340071678162,0.4250712745900576,0.29331732151058115
JPM,2017-03-03,-0.1298253834247589,0.00638780609551759,0.002143353223800659,-0.04043140803514689,0.0019307308001848874
JPM,2017-03-06,0.35119858384132385,0.0006544393108924851,0.49977269768714905,0.28387524027978844,0.02923449128464345
JPM,2017-03-07,-0.3188123106956482,0.0008173598698704154,-0.0284976065158844,-0.11549751911388739,-0.010319686199201863
JPM,2017-03-09,-0.18555539846420288,0.0003652570903796004,-0.49863380193710327,-0.22794131443697552,-0.02300370125825077
JPM,2017-03-10,-0.8069466650485992,0.003655177544715116,-0.9976555705070496,-0.6003156860036446,-0.057076498670341105
JPM,2017-03-13,0.4641907215118408,0.001634709900827147,0.8866364061832428,0.45082061253197026,0.047281675025361826
JPM,2017-03-14,0.0,0.0018687372576096095,0.0,0.0006229124192032032,0.0017441368679607372
JPM,2017-03-15,0.0,0.0015376858233745831,-0.32978983720143634,-0.10941738379268724,-0.010122992047933968
JPM,2017-03-16,0.019391626119613647,0.003945094658774906,0.9986619651317596,0.3406662286367161,0.03929551790680018
JPM,2017-03-17,0.8224852979183197,1.4047951481188647e-05,0.20027881860733032,0.3409260548257104,0.03304687345661096
JPM,2017-03-20,-0.6486683487892151,0.0005829898291267455,-0.9725307822227478,-0.5402053803942787,-0.05405707339479611
JPM,2017-03-21,0.0,0.00034494394772495565,0.0,0.00011498131590831855,0.0003219443811658002
JPM,2017-03-24,0.0,0.00012539324234239757,0.0,4.179774744746586e-05,0.00011703248999685169
JPM,2017-03-29,0.0,0.001372108694340568,0.997119665145874,0.33283059128007153,0.03622669266679832
JPM,2017-03-30,0.0,4.0444971091346815e-05,0.0,1.3481657030448938e-05,3.7748251709977255e-05
JPM,2017-04-03,-0.9699245691299438,-3.52162605850026e-05,-0.9967300891876221,-0.6555632915260503,-0.06564326382985071
JPM,2017-04-04,-0.004595398902893066,0.0021506081702682422,0.00040448904037475585,-0.0006801005640833562,0.0018760408698947095
JPM,2017-04-05,0.0,0.0001968023534573149,0.49948328733444214,0.1665600298959665,0.01768908016832324
JPM,2017-04-06,-0.4868497848510742,0.0001086232005036436,-0.9967694282531738,-0.4945035299679148,-0.050231104918297756
JPM,2017-04-07,0.5155159831047058,7.449838449247181e-05,0.9980069994926453,0.5045324936606145,0.05135207992011134
JPM,2017-04-10,0.270095427831014,0.31024374699336477,0.3335505922635396,0.3046299223626394,0.3097907302305293
JPM,2017-04-11,0.5817695260047913,0.0003514201380312443,0.9985871315002441,0.5269026925476888,0.05372641874933354
JPM,2017-04-12,0.0017433961232503254,0.0004344301826980275,-0.0002056757609049479,0.0006573835150144683,0.0004533979671777739
JPM,2017-04-18,0.47483426332473755,0.4828943496722786,0.4997287690639496,0.48581912735365523,0.4832294220504244
JPM,2017-04-19,0.0,0.0003474011355137918,0.9976357221603394,0.3326610410986177,0.03528839502429481
JPM,2017-04-20,-0.11312836408615112,0.034157490110374056,-0.00011001030604044597,-0.026360294760605838,0.028297975092400597
JPM,2017-04-21,-0.6991241574287415,-2.996833427459933e-05,-0.9915732741355896,-0.5635757999662019,-0.05689242329995394
JPM,2017-04-24,0.0,1.5403664292534813e-05,0.9989356398582458,0.3329836811741795,0.035024092145161896
JPM,2017-04-25,0.587760349114736,0.005400071917392779,0.0011633435885111492,0.19810792154021328,0.023671200174362538
JPM,2017-04-26,-0.2804553707440694,-8.500263599368433e-06,-0.32815368970235187,-0.20287252023667354,-0.020379333044802737
JPM,2017-04-28,-0.841274082660675,0.0014557051727024373,-0.9977703094482422,-0.6125295623120716,-0.0602190908424797
JPM,2017-05-01,-0.11691466569900513,0.0009275460499338806,0.1998746871948242,0.027962522515250984,0.0041727902506842555
JPM,2017-05-03,-0.2925246238708496,0.000890291730320314,-0.39382516145706176,-0.2284864978658637,-0.02222379987897823
JPM,2017-05-04,-0.5277320146560669,0.000396886015854155,-0.3323509097099304,-0.28656201278338106,-0.027969248380926955
JPM,2017-05-05,0.2521215081214905,3.27419547829777e-06,0.0020363330841064453,0.08472037180035841,0.008048835266057056
JPM,2017-05-10,0.2787976562976837,0.0009182079538732069,0.00041416287422180176,0.09337667570859291,0.00968965878408798
JPM,2017-05-12,0.0,0.00042528234189376235,-0.9785330891609192,-0.3260359356063418,-0.033897740868022545
JPM,2017-05-15,0.2562151253223419,0.00015199671179288998,0.49953579902648926,0.25196764035354136,0.025752992351945225
JPM,2017-05-16,0.8638080954551697,0.013967391674668761,0.9990155696868896,0.6255970189389094,0.07537020998000145
JPM,2017-05-17,0.8605698943138123,0.00013929670967627317,0.9992715716362,0.6199935875532295,0.06237067058507469
JPM,2017-05-18,-0.7035078406333923,0.0001515152762294747,-0.9981179237365723,-0.567158083031245,-0.05709106337132294
JPM,2017-05-22,-0.11527062654495239,0.004593227385703358,-0.1992746353149414,-0.10331734482473015,-0.00634293580342287
JPM,2017-05-23,-0.09266906976699829,0.0005064992974439519,0.16666956742604574,0.024835665652163802,0.003382946669135099
JPM,2017-05-24,-0.4547608494758606,0.0017188551337312674,-0.49780136346817017,-0.3169477859367665,-0.030225945728376457
JPM,2017-05-25,0.8010387420654297,0.0007625112339155748,0.9992024302482605,0.6003345611825353,0.06106698311271037
JPM,2017-05-31,-0.24366150796413422,0.00018310536574972502,-0.2489718347787857,-0.1641500791257234,-0.016261652429997626
JPM,2017-06-01,0.44227269291877747,0.0006386433906300226,0.49959519505500793,0.3141688437881385,0.03209413258916874
JPM,2017-06-02,-0.12254685163497925,0.002507843397324905,0.00013359387715657553,-0.03996847145349926,-0.0015307521563573533
JPM,2017-06-07,0.5803868770599365,-0.005790054798126221,0.0,0.1915322740872701,0.012953200891008935
JPM,2017-06-08,-0.5792151093482971,2.885038520616945e-05,-0.9972825050354004,-0.5254895879994971,-0.05324498571425726
JPM,2017-06-11,0.0,0.001560765304020606,0.0,0.000520255101340202,0.001456699325426974
JPM,2017-06-12,0.0,0.0003894808251061477,0.0,0.00012982694170204923,0.00036351169381370496
JPM,2017-06-15,-0.8002626299858093,0.0008982398940133862,-0.9977899789810181,-0.5990514563576047,-0.05944291462309415
JPM,2017-06-16,-0.7384210824966431,0.000533636164618656,-0.997394323348999,-0.5784272565603411,-0.05781334015064906
JPM,2017-06-21,0.8269187808036804,0.0008972206269390881,0.9995377063751221,0.6091179026019139,0.062023027015587096
JPM,2017-06-22,0.9358645677566528,0.00022676798471366055,0.9992725253105164,0.6451212870172943,0.06483385640624516
JPM,2017-06-23,-0.538122683763504,0.00025449130953347776,-0.694904014468193,-0.41092406897405453,-0.04113720256023019
JPM,2017-06-27,0.0,7.323905174416723e-05,0.0,2.441301724805574e-05,6.83557482830263e-05
JPM,2017-06-29,0.0,3.728782758116722e-06,0.0,1.2429275860389073e-06,3.480161471924695e-06
JPM,2017-06-30,0.0,0.0003119860830338439,0.0,0.0001039953610112813,0.0002911840129587845
JPM,2017-07-05,0.0,0.0011467242084108875,0.0,0.00038224140280362917,0.0010702649336446837
JPM,2017-07-11,0.6381530910730362,0.0031388863799293176,0.7338268756866455,0.458372951046537,0.0488323384974985
JPM,2017-07-13,0.0,0.02670830585702788,0.0,0.008902768619009294,0.024927496757729702
JPM,2017-07-14,0.01660747528076172,0.015060399509820854,-0.19874053001403807,-0.055690885074485164,0.0076162474967372915
JPM,2017-07-18,-0.9700560569763184,0.00012021350266877562,-0.9982825517654419,-0.6560727984130305,-0.06555676558680373
JPM,2017-07-19,0.0,5.58603678655345e-05,0.0,1.8620122621844832e-05,5.213580749106437e-05
JPM,2017-07-20,0.06741708517074585,0.02342896897025639,-0.5983284115791321,-0.16916078581270996,0.0030295375873612973
JPM,2017-07-21,-0.7704112529754639,-2.7153837436344475e-06,-0.9976665377616882,-0.5893601687069653,-0.059335294931162894
JPM,2017-07-24,0.8324807286262512,-9.178170876111835e-05,0.9991371035575867,0.6105086834916923,0.06126184791080878
JPM,2017-07-26,0.7692824602127075,0.00036014930810779333,0.9986699819564819,0.5894375304924324,0.05966836136693699
JPM,2017-07-27,0.14170274138450623,0.010770363457898688,0.00046765804290771484,0.050980254295104215,0.014550576366306208
JPM,2017-07-28,-0.3179055005311966,0.0003775720815610839,-0.7473721355199814,-0.3549666879898723,-0.03589587762776679
JPM,2017-07-31,0.0,0.00021260012363200076,0.9372371435165405,0.3124832478800575,0.03304579195533133
JPM,2017-08-01,0.8867881596088409,0.38353790072142147,0.9991761744022369,0.7565007449108331,0.4210315969246217
JPM,2017-08-02,0.0,0.0005002643447369337,0.0,0.0001667547815789779,0.00046690858955013217
JPM,2017-08-03,0.6661289930343628,0.0007625056896358728,0.9989688396453857,0.5552867794564614,0.05679169831221584
JPM,2017-08-04,0.23088152068001883,0.001900795135692793,0.28734443868909565,0.17337558483493576,0.019147230056232332
JPM,2017-08-07,0.0,6.110663525760174e-05,-0.9903532266616821,-0.3300973733421415,-0.034651895274782483
JPM,2017-08-08,-0.6788909733295441,-4.945457476424053e-05,-0.9977412819862366,-0.5588939032968483,-0.05648681935245331
JPM,2017-08-09,0.7388366758823395,0.0005048915627412498,0.9988998472690582,0.579413804904713,0.0588485298016125
JPM,2017-08-10,-0.0930960476398468,0.000879080209415406,0.0005748867988586426,-0.03054736021052425,-0.0021039428432641947
JPM,2017-08-11,0.4010776877403259,0.000525423456565477,0.49828457832336426,0.2999625631734186,0.03063956175678792
JPM,2017-08-15,0.3917763829231262,0.0003996055747848004,0.9983794689178467,0.46351848580525257,0.04775477446805344
JPM,2017-08-17,-0.41579474210739137,8.249535530922004e-05,-0.19906080961227418,-0.2049243521214521,-0.020050764837307077
JPM,2017-08-18,-0.8281958699226379,9.764976857695729e-05,-0.9983175992965698,-0.6088052731502103,-0.06109212310130635
JPM,2017-08-21,-0.7651124000549316,0.0011060862889280543,-0.9958019852638245,-0.586602766343276,-0.058067478290650495
JPM,2017-08-24,0.03064224123954773,0.0005975946496619144,0.019353121519088745,0.016864319136099464,0.002205209318295992
JPM,2017-08-28,0.45082834362983704,0.0023151821696956176,0.49959710240364075,0.3175802094010578,0.033929561679635276
JPM,2017-08-30,-0.34088703989982605,0.0011041043544537388,-0.49875161051750183,-0.27951151535429136,-0.027231268369030386
JPM,2017-09-01,0.8196497857570648,0.0003083657065872103,0.976292222738266,0.5987501247339727,0.06042883904065961
JPM,2017-09-05,0.7815505862236023,0.001495985492510954,0.9991986751556396,0.594081748957251,0.061135024930479114
JPM,2017-09-06,-0.49370598793029785,5.7082739658653736e-05,-0.9976475834846497,-0.4970988295584296,-0.05052684207693374
JPM,2017-09-08,0.0,4.946506487613078e-05,0.0,1.648835495871026e-05,4.6166921080027684e-05
JPM,2017-09-11,0.8220245838165283,0.0003409267737879418,0.0,0.2741218368634388,0.026318208849960882
JPM,2017-09-12,-0.5860249936580658,0.0018155445891807176,-0.06373274326324463,-0.21598073077737656,-0.019074677806253108
JPM,2017-09-14,0.08521068947655815,0.004853991689742543,0.0009216240474155971,0.030328768404572094,0.007257795363917863
JPM,2017-09-15,-0.6019335389137268,0.0001716508589500639,-0.6648110349973043,-0.4221909743506937,-0.042178138977984836
JPM,2017-09-20,-0.01622825860977173,0.0011542654001459596,0.0010604411363601685,-0.0046711840244218665,0.0006011810643830954
JPM,2017-09-22,-0.653428316116333,0.0002992467416333966,-0.997117280960083,-0.5500821167782609,-0.05533413517070635
JPM,2017-09-25,0.8098359704017639,8.036474173422903e-05,0.999226450920105,0.6030475953545343,0.06070941111993891
JPM,2017-09-26,-0.21621701972825186,0.002664256172075901,-0.1354817577770778,-0.11634484044441791,-0.009100398654059667
JPM,2017-09-27,-0.8595563173294067,0.002929284772108076,-0.998394787311554,-0.6183406066229509,-0.059443903355444076
JPM,2017-09-28,-0.3466781973838806,0.0005683857898475253,-0.4987127482891083,-0.2816075199610471,-0.027913075088369876
JPM,2017-10-02,0.0,0.0005726802919525653,0.7129384875297546,0.23783705594056906,0.02552086422509946
JPM,2017-10-04,-0.7863507866859436,-0.00026397396868560463,-0.9970965385437012,-0.5945704330661101,-0.06006331233991943
JPM,2017-10-06,-0.7141459822654724,0.0005214473818341503,-0.9964807748794555,-0.5700351032543646,-0.057024894926796875
JPM,2017-10-09,-0.4714835286140442,0.000459059157219599,-0.5980263471603393,-0.3563502722057213,-0.03544325525015769
JPM,2017-10-10,-0.3732264041900635,0.0017735687815729761,-0.3319634596506755,-0.23447209835305535,-0.021783883133070062
JPM,2017-10-11,-0.41836073994636536,0.052820723547483794,0.0,-0.12184667213296052,0.03606640251436576
JPM,2017-10-12,-0.7885076403617859,0.0016979854553937912,-0.8941419720649719,-0.5603172089904547,-0.054692138125822014
JPM,2017-10-13,0.0,0.0008643099681648891,0.0,0.0002881033227216297,0.0008066810023936204
JPM,2017-10-16,-0.4857683777809143,0.0050579733433551155,-0.49862781167030334,-0.32644607203595416,-0.0281191765674982
JPM,2017-10-17,-0.4854341447353363,0.0001776574044924928,-0.9967460334300995,-0.49400084025364777,-0.050121079158192326
JPM,2017-10-19,0.0,0.0001587712622495019,0.0,5.2923754083167296e-05,0.00014818498754361689
JPM,2017-10-20,-0.467073529958725,0.00191157035442302,-0.49824970960617065,-0.3211372230701575,-0.03045123398842503
JPM,2017-10-23,-0.2336912751197815,0.001579582727572415,-0.3319971760114034,-0.1880362894678708,-0.01755272708346107
JPM,2017-10-24,0.0,0.00048121407598955557,0.0,0.00016040469199651852,0.0004491285282530203
JPM,2017-10-26,-0.7914842168490092,0.0003546100342646241,-0.9971433083216349,-0.5960909717121264,-0.05964998018449511
JPM,2017-10-27,0.11258560419082642,0.001169295410363702,-0.0005329549312591553,0.03774064822331032,0.0046336498997636795
JPM,2017-10-30,-0.8874471783638,-0.006694443291053176,-0.9973471164703369,-0.63049624604173,-0.06927140641373204
JPM,2017-10-31,-0.9743475317955017,-0.7855653017759323,-0.9983056783676147,-0.9194061706463496,-0.7989922702092509
JPM,2017-11-01,-0.634564186845507,1.255846992925009e-05,-0.743978772844587,-0.4595101337400549,-0.04613330024273502
JPM,2017-11-02,-0.2770812312761943,0.00032458447822136804,-0.3314680258433024,-0.20274155754709178,-0.020077891943915224
JPM,2017-11-03,-0.792107105255127,0.0001592530679772608,-0.9973545670509338,-0.5964341397460279,-0.05985941562363978
JPM,2017-11-06,0.03257546822230021,9.324199102896577e-06,-0.33185021082560223,-0.09975513946806637,-0.010591320151311277
JPM,2017-11-07,-0.18254886070887247,-1.757125149500401e-05,-0.33182867368062335,-0.1714650352136636,-0.01741988767077399
JPM,2017-11-08,-0.38591712713241577,0.0010916760281058184,-0.3323276440302531,-0.239051031711521,-0.02283447132492088
JPM,2017-11-09,-0.6390817165374756,0.0001856669332482852,-0.9983726143836975,-0.5457562213293082,-0.0550303655515064
JPM,2017-11-13,-0.40799984335899353,0.0005271304631833118,-0.7466065138578415,-0.38469307558455057,-0.0385790746734251
JPM,2017-11-15,0.42089882493019104,0.0029345148032007273,0.07062652707099915,0.16481995560146365,0.018526811921011584
JPM,2017-11-16,0.02775435447692871,0.0010990513765136711,0.19983400106430055,0.07622913563924764,0.008907205863100386
JPM,2017-11-17,-0.9195873141288757,-0.00012127223089919426,-0.9958094358444214,-0.6385060074013987,-0.06409918657493816
JPM,2017-11-20,-0.604657769203186,-8.124124724417925e-05,-0.9975918531417847,-0.5341102878640717,-0.054163310601187155
JPM,2017-11-21,-0.03296941518783569,0.010564349887620969,0.3330719470977783,0.10355562726585453,0.020490339283256505
JPM,2017-11-27,-0.45934297144412994,-0.004851916450206772,-0.29165226221084595,-0.2519490500350609,-0.029278619987920033
JPM,2017-11-29,-0.3231332302093506,0.0024544965061371236,-0.332062304019928,-0.21758034590771383,-0.019567412657824763
JPM,2017-11-30,0.9121397137641907,0.0017698655792628415,0.9985688924789429,0.6374928239407988,0.06549900671554656
JPM,2017-12-01,0.0,0.00019310194420540938,0.0,6.436731473513646e-05,0.00018022663483703555
JPM,2017-12-04,0.0,5.541156571098327e-05,0.0,1.847052190366109e-05,5.1716929095668006e-05
JPM,2017-12-05,-0.26112620035807294,0.00042591608598741004,-0.05341259638468424,-0.10470429355225659,-0.009733657940641523
JPM,2017-12-07,0.10071472823619843,0.0016470435693918262,0.000278472900390625,0.03421341490199362,0.004732514987524259
JPM,2017-12-08,-0.8515353202819824,0.001015941525110975,-0.9959922432899475,-0.6155038740156064,-0.060891771940666396
JPM,2017-12-12,-0.6208166748285293,0.0007401689610105677,-0.897164037823677,-0.5057468478970653,-0.05038806686646391
JPM,2017-12-13,-0.2335304856300354,0.0008018156493562855,-0.1991039276123047,-0.14394419919766127,-0.013616037414550721
JPM,2017-12-14,-0.3675658702850342,0.00045092995060258545,-0.3986756920814514,-0.2552635441386277,-0.025177359738283996
JPM,2017-12-15,-0.2686686873435974,0.0007837774550504643,-0.36536647081375123,-0.2110837935674327,-0.020571273344667955
JPM,2017-12-18,0.0,0.0005978967601549812,0.0,0.0001992989200516604,0.0005580312339272311
JPM,2017-12-19,-0.6471260488033295,4.5124857024347875e-06,-0.7473326474428177,-0.4648180612534816,-0.04665567554933333
JPM,2017-12-20,0.9256118535995483,0.003950071666622534,0.9996353387832642,0.643065754683145,0.06799733395572596
JPM,2017-12-21,0.0,0.001389802439007326,0.0,0.0004632674796691087,0.0012971356060635733
JPM,2017-12-26,0.9056040048599243,4.2997029595426284e-05,0.9987322688102722,0.634793090233264,0.06368628559554743
JPM,2017-12-28,-0.9387844800949097,0.0014008753023517784,-0.9914001226425171,-0.642927909145025,-0.06313118868424318
JPM,2017-12-29,0.7570422887802124,0.0003798760735662654,0.9965946674346924,0.5846722774294904,0.05922689189215656
JPM,2018-01-02,-0.025087401270866394,0.0004428838995712188,0.08363176385561626,0.019662415494773693,0.002550902457481979
JPM,2018-01-04,-0.47013649344444275,0.002258493328554323,-0.49850761890411377,-0.32212853967333405,-0.030233360665711678
JPM,2018-01-05,0.29658807317415875,0.0004850191472201004,0.01714616020520528,0.10473975084219471,0.010434457068991678
JPM,2018-01-08,0.03796951472759247,0.0053008363133488145,0.2729991674423218,0.10542317282775436,0.01571614996914004
JPM,2018-01-09,0.04515189925829569,0.0047962502986820255,0.41420717040697735,0.15471843998798504,0.020421300467874468
JPM,2018-01-10,-0.006941219170888265,0.00015847294889681507,0.005220929781595866,-0.0005206054801318612,0.00011133907940998498
JPM,2018-01-11,0.22457817792892457,0.004783024194148311,0.0004086494445800781,0.07658995052255098,0.011581669028469804
JPM,2018-01-12,0.25697496262463654,0.03655573857395211,0.2722510424527255,0.18859391455043806,0.05178784772883571
JPM,2018-01-16,0.5357004602750143,9.342972892530572e-05,0.6660412152608236,0.40061170175492106,0.04037375648527268
JPM,2018-01-17,-0.45065104961395264,0.00020464048557187198,-0.5979270935058594,-0.3494578342114134,-0.03501831662137415
JPM,2018-01-18,-0.4453628957271576,0.00017719641800795216,-0.4897235035896301,-0.31163640096625994,-0.03108445734327544
JPM,2018-01-19,-0.31520386040210724,0.00040308047459802765,-0.4982737600803375,-0.2710248466692822,-0.027056463386885492
JPM,2018-01-21,0.0,0.007343899123952724,0.0,0.002447966374650908,0.006854235279183464
JPM,2018-01-22,-0.4746766984462738,-0.4979650314689934,-0.9962624609470367,-0.6563013969541013,-0.5146922831278455
JPM,2018-01-23,0.0,-0.007727300417172955,0.0,-0.0025757668057243186,-0.007212072804951338
JPM,2018-01-24,0.0,0.000672918016789481,0.0,0.0002243060055964937,0.0006280503877526912
JPM,2018-01-25,0.40145304799079895,0.047933388752426254,0.5007677525281906,0.31671806309047196,0.07498544177687778
JPM,2018-01-26,-0.870994508266449,8.731920388527215e-06,-0.9974583983421326,-0.6228147248960644,-0.06249868826150664
JPM,2018-01-29,-0.5661834478378296,0.0028389725157467183,0.0007105469703674316,-0.18754464278390515,-0.015233369828977803
JPM,2018-01-30,0.15472970604896547,0.1007745471820499,0.19964020252227782,0.15171481858443106,0.10594605597184743
JPM,2018-01-31,-0.924511730670929,-0.00022367887140717357,-0.9972234964370728,-0.6406529686598029,-0.06440007929275525
JPM,2018-02-01,0.04413864016532898,-0.0024399763860856183,0.0010997951030731201,0.01426615296077216,-0.0008426717025975132
JPM,2018-02-02,0.2893439332644145,0.002623905996188114,-0.6642855207125345,-0.12410589381731064,-0.0116805450339117
JPM,2018-02-05,-0.021938224633534748,0.0007505986674611146,0.33327049016952515,0.1040276214011505,0.011686799074413166
JPM,2018-02-06,-0.5345379531383514,0.0016350668382074218,-0.20023046731948851,-0.2443777845398775,-0.022398464437346163
JPM,2018-02-07,0.046168386936187744,0.0018432523493174813,0.2502537965774536,0.09942181195431961,0.011951271569224924
JPM,2018-02-08,-0.31247225403785706,-2.8559863835653232e-05,-0.49881401658058167,-0.2704382768274248,-0.02739185978569068
JPM,2018-02-09,0.2831529676914215,0.001412911343019611,0.49994619687398273,0.261504025302808,0.027796240998038697
JPM,2018-02-12,0.0998261950232766,0.35128749476900173,0.17123359441757202,0.20744909473661677,0.33702360244464125
JPM,2018-02-13,0.264302521944046,0.5025669568713056,0.6213854551315308,0.4627516446489608,0.49919504598173126
JPM,2018-02-14,0.0652524599662194,0.3126085854174352,0.2712730123446538,0.21637801924276948,0.30333622376903757
JPM,2018-02-15,0.4076902649619363,0.5742523220896643,0.47130500186573376,0.4844158629724447,0.5653760804407622
JPM,2018-02-16,-0.4548923373222351,-5.755488996328495e-05,-0.4985257387161255,-0.3178252103094413,-0.031913457412320045
JPM,2018-02-20,0.10530209812251004,0.4243501106307535,0.3659512834115462,0.2985344973882699,0.41221216069448385
JPM,2018-02-21,0.4316942351205008,0.34362159189082114,-0.20087954827717372,0.1914787595780494,0.3273241122579726
JPM,2018-02-22,-0.7249715526898702,0.0002819837657928777,-0.9976605375607809,-0.5741167021616195,-0.057632143615343745
JPM,2018-02-23,-0.6303485631942749,0.00017212428429047577,-0.9976239204406738,-0.5426001197835527,-0.05474054271378773
JPM,2018-02-26,0.14497445027033487,0.0009086425561690703,0.0006471474965413412,0.048843413441015095,0.005456170250316862
JPM,2018-02-28,0.2319682091474533,0.08288751381769544,0.011802822351455688,0.10888618177220148,0.08511151810684428
JPM,2018-03-01,0.7012717127799988,0.0014093048957874998,0.99857497215271,0.5670853299428321,0.05849310505660284
JPM,2018-03-02,-0.5708022713661194,-8.156205149134621e-05,-0.997779905796051,-0.5228879130712206,-0.05309937699491725
JPM,2018-03-06,0.08650410771369935,0.021146910698894315,-0.20132261514663696,-0.03122386557801443,0.015417215367533137
JPM,2018-03-07,0.22643462816874185,0.0005610270285008786,0.333420733610789,0.1868054629360106,0.019370977630126747
JPM,2018-03-09,0.36808336632592337,0.02405078557265889,0.4285275765827724,0.2735539094937849,0.04910797944560296
JPM,2018-03-13,0.22157812118530273,0.07759611972142011,-0.09407516320546468,0.06836635923375273,0.07613359526502995
JPM,2018-03-14,-0.43904122710227966,-0.0007593409391120076,-0.9533853530883789,-0.4643953070432569,-0.048008565582449654
JPM,2018-03-15,0.4632618725299835,0.002293139912580955,0.4997846782207489,0.32177989688777114,0.03430882612551999
JPM,2018-03-16,-0.1555799896066839,0.0018443092449574165,-0.16002138636328958,-0.10458568890833869,-0.008807811411655772
JPM,2018-03-19,-0.537180225054423,-0.00025990006179199554,-0.6637738645076752,-0.40040466320796336,-0.04049647014839158
JPM,2018-03-22,-0.4072834849357605,5.289521777740447e-05,-0.9967120289802551,-0.46798087289941276,-0.047764483806084904
JPM,2018-03-23,0.005255748828252156,-0.0008768899727632137,0.0006044904390970866,0.0016611164315286765,-0.000631001288290103
JPM,2018-03-26,0.3052463134129842,0.0006048147697583772,0.33233755826950073,0.21272956215074776,0.021866638023972672
JPM,2018-03-27,-0.179568088054657,0.001189515830651544,-0.10182457566261291,-0.09340104929553945,-0.008138046529262222
JPM,2018-03-28,0.8550763726234436,-0.0005675114371115342,0.9989700317382812,0.6178262976415377,0.06152666577858024
JPM,2018-03-29,-0.9722437858581543,0.0005574913084274158,-0.998339056968689,-0.6566751171728052,-0.06521982035909925
JPM,2018-04-04,-0.37151069939136505,0.00034577856422401965,-0.4984085112810135,-0.28985781070271815,-0.028895609324002165
JPM,2018-04-06,-0.3467223644256592,0.00010608649063215125,-0.4988083243370056,-0.2818082007573442,-0.028349296653135833
JPM,2018-04-09,0.0,0.016903536177778733,0.09488984942436218,0.037264461867380305,0.01910207809661268
JPM,2018-04-10,-0.07787916560967763,-0.09684488275850829,-0.12081974744796753,-0.09851459860538447,-0.09708525819485281
JPM,2018-04-11,0.7162761489550272,0.03182485558014984,0.9390400250752767,0.5623803432034845,0.0852687183930935
JPM,2018-04-12,0.5693024396896362,0.00016498120476171607,0.0,0.18982247363146598,0.018160585025579
JPM,2018-04-13,0.6058449745178223,0.0014385859046797123,0.6663534045219421,0.4245456549814814,0.04385878308268968
JPM,2018-04-16,0.9556700587272644,0.03583521137625212,0.9994681477546692,0.6636578059527286,0.09870134956218213
JPM,2018-04-17,0.8714513778686523,0.043155250964143,0.9990242918332418,0.6378769735553457,0.10285398623051772
JPM,2018-04-18,0.6363474726676941,-1.2353100828477181e-05,0.0,0.21211170652228853,0.020115658224845463
JPM,2018-04-20,0.1727481633424759,0.0010277796836817288,0.0011017769575119019,0.05829257332788984,0.006461758464294496
JPM,2018-04-21,0.0,0.014219935226719826,0.0,0.004739978408906609,0.013271802974806022
JPM,2018-04-23,0.0,0.00032318530429620296,0.0,0.00010772843476540099,0.00030163650355135056
JPM,2018-04-24,0.16681868689400808,-0.0019247441668994725,0.5320386375699725,0.23231086009902704,0.022126306816114414
JPM,2018-04-25,0.9406420588493347,0.0017698727897368371,0.9987199306488037,0.6470439540959584,0.06640581443552045
JPM,2018-04-26,0.1875298261642456,0.007617118705820758,0.5124666452407837,0.23587119670361667,0.031001092737273472
JPM,2018-04-27,-0.824300746122996,0.00015564258137601428,-0.862897793451945,-0.5623476323311883,-0.056168738145149985
JPM,2018-04-30,0.11840485036373138,0.0012574610964293242,0.24997811019420624,0.12321347388478898,0.013679661281013717
JPM,2018-05-01,0.3418327470620473,0.001376807558699511,0.650335795349545,0.33118178332343057,0.03488924811421733
JPM,2018-05-02,-0.38290030757586163,0.00032635121897328645,-0.49783103664716083,-0.2934683310013497,-0.029253748267486532
JPM,2018-05-03,0.07362291547987196,0.007151244248840764,0.11118185520172119,0.06398533831014463,0.012899655339347126
JPM,2018-05-07,0.43223193287849426,0.004320543074300076,0.49953943490982056,0.31203063695420497,0.0352110012948766
JPM,2018-05-08,0.8687703013420105,0.0012474329287215369,0.9993316531181335,0.6231164624629552,0.06366639872553628
JPM,2018-05-09,-0.24343134959538779,0.0005977006924998326,-0.3440229694048564,-0.19561887276924814,-0.019198679358286334
JPM,2018-05-10,0.42065902551015216,0.0017481250939049965,0.5542748636669583,0.32556067142367184,0.03436237369811937
JPM,2018-05-11,0.8512470722198486,0.0027344360132701695,0.4992857575416565,0.45108908859159175,0.04697488994419744
JPM,2018-05-14,-0.17263283729553222,0.0002690733592316974,-0.19898467063903807,-0.12378281152511288,-0.012182932548158817
JPM,2018-05-15,-0.20656758546829224,0.00030813400614230585,-0.3316436807314555,-0.17930104406453515,-0.017869108949079532
JPM,2018-05-17,0.8939253687858582,0.00022055991576053202,0.9987497329711914,0.6309652205576034,0.06348323492106372
JPM,2018-05-18,0.2980283796787262,0.0008607001891505206,0.0,0.09962969328929223,0.010229723428698325
JPM,2018-05-20,0.0,0.00322890992538305,0.0,0.0010763033084610167,0.0030136183916843213
JPM,2018-05-21,0.5314499139785767,0.0035602356074377894,0.9840017557144165,0.5063373017668104,0.05461853744126707
JPM,2018-05-22,0.9059630930423737,-0.0018471432995283976,0.9984288513660431,0.6341816003696295,0.0619228945879979
JPM,2018-05-23,0.7745295365651449,-0.0008575879473937675,0.33269373575846356,0.36878856145873823,0.03535729671577147
JPM,2018-05-30,-0.7730064392089844,0.00026800367049872875,-0.9976781010627747,-0.5901388455337534,-0.05916511544121697
JPM,2018-05-31,0.8852809468905131,-9.878384056113039e-05,0.9979504942893982,0.6277108857797834,0.06288375700067564
JPM,2018-06-01,0.08049802888523448,-0.0006945457100135337,0.14862485365434128,0.0761427789431874,0.007106713600341338
JPM,2018-06-04,0.0,0.006326134387563798,0.39653193950653076,0.13428602463136485,0.019801593440664705
JPM,2018-06-05,0.9072427749633789,-2.3366796085610986e-05,0.0,0.30240646938909777,0.02867359172384214
JPM,2018-06-06,0.0,0.0009642993973102421,0.0,0.00032143313243674737,0.0009000035477798376
JPM,2018-06-07,0.4909413286617824,0.0015734650421239036,0.914463711636407,0.4689928351134378,0.04904587945827224
JPM,2018-06-08,0.6626638174057007,0.00218313789810054,0.9990212917327881,0.5546227490121964,0.05800984551997058
JPM,2018-06-11,0.9175273180007935,-0.0010470137349329889,0.9990217685699463,0.638500690945269,0.06305622406537292
JPM,2018-06-12,0.461660772562027,0.0010514100486034295,0.499796599149704,0.3208362605867781,0.0330996664139587
JPM,2018-06-14,-0.6036857565244039,0.00027468624466564506,-0.664669394493103,-0.4226934882576138,-0.04213243089388749
JPM,2018-06-15,0.3317676143986838,0.0004917160344055967,0.42796831897326876,0.25340921646878606,0.02595150186478776
JPM,2018-06-18,-0.7697564363479614,2.2409658413380384e-05,-0.9978502988815308,-0.5891947751903596,-0.05929757405912292
JPM,2018-06-19,0.0,0.004760449810419232,0.0,0.0015868166034730773,0.004443040769971714
JPM,2018-06-21,-0.20030133426189423,-0.00024906867038225754,-0.09626368880271911,-0.09893803057833188,-0.0099415962541534
JPM,2018-06-25,-0.4307257831096649,-7.144212941057049e-05,-0.08549007773399353,-0.17209576765768966,-0.016686380610932874
JPM,2018-06-26,0.0,0.0186179383599665,0.0,0.0062059794533221675,0.01737656466129017
JPM,2018-06-27,-0.4002059996128082,0.000586965629736369,-0.497671514749527,-0.29909684957753296,-0.029552285728624728
JPM,2018-06-28,-0.46703654527664185,0.0010682835127227008,-0.9927349090576172,-0.48623439027384546,-0.0485673555115465
JPM,2018-07-02,-0.9638803005218506,0.000643657629552763,-0.9984017014503479,-0.6538794481142153,-0.06487706410048408
JPM,2018-07-03,0.9181283116340637,0.000934235577005893,0.9995719790458679,0.6395448420856459,0.06494366334781665
JPM,2018-07-06,0.10025288661321004,0.0011910276080016047,0.3293950359026591,0.14361298337462358,0.015826850586654867
JPM,2018-07-09,0.03443557024002075,0.00025050035037565976,0.0007230937480926514,0.011803054779496355,0.0013483111454108887
JPM,2018-07-10,-0.37817779183387756,0.0008536928216926754,0.0008746683597564697,-0.12548314355080947,-0.011134050279213522
JPM,2018-07-11,-0.663669615983963,9.696029155747965e-05,-0.7472131550312042,-0.47026193690786994,-0.04708846203295183
JPM,2018-07-12,0.0,0.0015073594240675448,-0.48057159781455994,-0.15968807946349747,-0.01543574717816944
JPM,2018-07-13,-0.05512169003486633,0.004812087577738567,-0.00017489194869995116,-0.01682816480194257,0.0027416487428989626
JPM,2018-07-20,0.6731843948364258,0.04661513590690447,-0.9978193938732147,-0.09267328770996149,0.029828728170207833
JPM,2018-07-23,0.34156738594174385,0.005452019715107781,0.37839626520872116,0.2418052236218576,0.02915367797580842
JPM,2018-07-24,-0.4856202006340027,0.0012236286638653837,-0.984064131975174,-0.48948690131510375,-0.048706269258799915
JPM,2018-07-25,0.0,0.0005832997740071733,0.0,0.00019443325800239109,0.0005444075371904149
JPM,2018-07-27,0.5639303182401965,0.0062168480132729,0.5520537534067708,0.3740669732200801,0.04298685793169697
JPM,2018-07-30,0.8910074830055237,0.0003270302368036937,0.9971373081207275,0.6294906071210183,0.06343380499313134
JPM,2018-08-02,-0.75251504778862,8.995694406621624e-05,-0.9968162178993225,-0.5830804362479588,-0.058652958026661164
JPM,2018-08-03,-0.3162701725959778,0.0012904049132581956,-0.3317841688791911,-0.2155879788539702,-0.020427065448252027
JPM,2018-08-06,-0.5924063920974731,-7.627146260347217e-05,-0.9981480836868286,-0.5302102490823017,-0.05379066464434995
JPM,2018-08-08,-0.005389884114265442,0.0028417941866791807,-0.47627224028110504,-0.15960677673623044,-0.014210085330004967
JPM,2018-08-09,0.17278671264648438,0.010397595273389015,0.0005962550640106201,0.06126018766129467,0.015190332152748735
JPM,2018-08-10,-0.07971172034740448,-0.0981981644936468,-0.3926910042762756,-0.1902002963724423,-0.10793455187753859
JPM,2018-08-13,0.2494657834370931,0.0012520278220714924,0.3336817224820455,0.19479984458040334,0.020753510290305435
JPM,2018-08-14,-0.19998247027397156,-0.0992764736551635,-0.748030173778534,-0.34909637256922305,-0.12519861268781807
JPM,2018-08-15,-0.7452820837497711,-0.49993894464751065,-0.9980112612247467,-0.7477440965406762,-0.525154900544001
JPM,2018-08-16,0.21519341071446738,2.946695773668277e-05,0.31532545884450275,0.17684944550556891,0.017885123774250285
JPM,2018-08-17,-0.6378151476383209,-0.0002755021741904784,-0.9770658612251282,-0.5383855036792132,-0.05467398591007424
JPM,2018-08-21,-0.9443877637386322,-0.4939664488483686,-0.9942119121551514,-0.8108553749140507,-0.5257450566502354
JPM,2018-08-22,0.0,0.0029995875229360536,0.0,0.0009998625076453511,0.002799586179444096
JPM,2018-08-23,-0.9727672934532166,6.335071520879865e-05,-0.9975364208221436,-0.6567467878533838,-0.06566944166389725
JPM,2018-08-24,0.33100189945914527,0.0027442962025154634,0.4206072200428356,0.2514511385681654,0.027771684368532303
JPM,2018-08-27,0.9200261235237122,0.9972688023899536,0.999638557434082,0.972311161115916,0.9949087219266872
JPM,2018-08-28,0.0,0.00075181217653153,-0.8182189464569092,-0.27248904476012586,-0.02797445013755742
JPM,2018-08-29,0.3855820596218109,0.002672030338241408,0.9061003824075063,0.4314514907891862,0.04644565424610285
JPM,2018-08-30,-0.058470338582992554,0.0012211067999790732,-0.33221548795700073,-0.1298215732466714,-0.012352846672000378
JPM,2018-08-31,0.0,0.0007385618991975207,0.0,0.0002461872997325069,0.000689317364656336
JPM,2018-09-05,0.8162651658058167,0.00037311007326934487,0.9989156723022461,0.6051846493937774,0.06117509598219875
JPM,2018-09-06,0.08612407743930817,0.0002152624583686702,0.00010147690773010254,0.028813605601802312,0.0029285052466936964
JPM,2018-09-10,0.815960705280304,0.0017698655792628415,0.9988040924072266,0.6055115544222645,0.062465180718969636
JPM,2018-09-11,-0.33617250124613446,-0.00026288755907444283,0.00038478771845499676,-0.11201686702891796,-0.01086475434010619
JPM,2018-09-13,0.1991153210401535,0.2507302387989512,0.25042392313480377,0.2334231609913028,0.2490869691514224
JPM,2018-09-14,0.7387255430221558,0.001582517521455884,0.9995220899581909,0.5799433835006008,0.059872598382352475
JPM,2018-09-17,0.6531109909216563,-0.004104131124525641,0.8618741035461426,0.503626987781091,0.047033039292663455
JPM,2018-09-18,-0.19185352325439453,0.00016389363736379892,-0.9979172945022583,-0.3965356413730963,-0.04088924110084019
JPM,2018-09-19,-0.7064105570316315,8.574295861762948e-05,-0.9969003200531006,-0.5677417113753714,-0.05720158662931186
JPM,2018-09-21,-0.1139396329720815,0.005591246280846463,-0.5314161777496338,-0.21325485481362294,-0.01700993374244014
JPM,2018-09-26,0.45034852623939514,0.00022949074354983168,0.0,0.15019267232764832,0.014458371298972563
JPM,2018-09-27,0.05555197596549988,-0.0020202218438498676,0.7554766535758972,0.2696694692325157,0.02634874980059253
JPM,2018-09-28,0.7636884152889252,0.0009261750064979424,0.0016340017318725586,0.25541619734243187,0.025076573977337323
JPM,2018-10-02,0.7121361891428629,0.0003709067920378099,0.3314158320426941,0.34797430932586493,0.034485640684444256
JPM,2018-10-03,-0.43388694524765015,0.0009989158852476976,-0.49866414070129395,-0.31051739002123213,-0.03026789413372074
JPM,2018-10-05,-0.26092568039894104,-0.12460150231572698,-0.24875972419977188,-0.21142896897147997,-0.13326471097381867
JPM,2018-10-08,0.8943518996238708,-0.0007471010612789541,0.9981462359428406,0.6305836781684775,0.06257243406084621
JPM,2018-10-09,-0.45238519708315533,-0.16648910685065252,-0.002180546522140503,-0.20701828348531612,-0.16977326019185626
JPM,2018-10-10,-0.5136163234710693,0.00010709927300922573,-0.9945401549339294,-0.5026831263773298,-0.051001003158157095
JPM,2018-10-11,0.0,0.006995876910877996,-0.4080294966697693,-0.13367787325296376,-0.007770799300829461
JPM,2018-10-12,-0.1687006155649821,0.001695792528052051,-0.22173831860224405,-0.12958104721305805,-0.011524416231171286
JPM,2018-10-15,0.8919590711593628,0.0004960288279107772,0.9994067549705505,0.6306206183192747,0.06370117073637989
JPM,2018-10-16,0.0,1.1542244465090334e-05,0.0,3.847414821696778e-06,1.0772650779803364e-05
JPM,2018-10-17,0.13511371612548828,0.00022023239216650836,0.0004881322383880615,0.04527402691868095,0.00449620001268112
JPM,2018-10-18,-0.8747420708338419,-0.333288658252665,-0.9975146055221558,-0.7351817782028874,-0.3736935688714712
JPM,2018-10-19,0.19478782018025717,0.0006333655855996767,0.6666574279467264,0.28735953790419444,0.030116481622072148
JPM,2018-10-22,-0.43391045928001404,0.003174747967022995,-0.7483249008655548,-0.39302020405951527,-0.03698774620534371
JPM,2018-10-23,-0.0016678969065348308,0.006957251236599404,0.33545907338460285,0.11358280923822246,0.01819745391587012
JPM,2018-10-24,-0.039898111270024225,0.010891375147576373,-0.19645686332996076,-0.07515453315080288,0.0020180046574775215
JPM,2018-10-25,0.0423029363155365,0.0007583919814351248,0.0004010200500488281,0.014487449449006817,0.002059889570297592
JPM,2018-10-26,-0.20624710619449615,0.0053693229565396905,-0.9972611367702484,-0.39937964000273496,-0.036463153223878594
JPM,2018-10-29,-0.5618876218795776,0.005347227095626295,-0.9976294636726379,-0.5180566194855297,-0.047745322946008216
JPM,2018-10-30,0.1893958416250017,0.11437702249990507,0.001051763693491618,0.10160820927279947,0.11277809785441675
JPM,2018-10-31,0.3154602646827698,0.011941517202103569,0.0009024292230606079,0.10943473703597799,0.02115469734050326
JPM,2018-11-02,0.4650840060464267,0.0006981262511984185,0.4177446498953063,0.2945089273976438,0.030002536203634023
JPM,2018-11-05,0.0,-1.0421827028039843e-06,-0.9967858791351318,-0.3322623071059449,-0.034935345530278494
JPM,2018-11-06,0.47145965695381165,0.006464980164309964,-0.9972918331623077,-0.17312239868139537,-0.014006273401667163
JPM,2018-11-07,-0.16048508882522583,0.007401094218948856,-0.9968335926532745,-0.3833058624198505,-0.033104448560717835
JPM,2018-11-09,0.0,0.00045395099368761294,-0.49899715185165405,-0.16618106695265547,-0.01706467902780037
JPM,2018-11-12,-0.8416153788566589,7.23478733561933e-05,-0.9962496161460876,-0.6125975490431301,-0.06146771020187646
JPM,2018-11-14,0.0962270200252533,-0.10789027874933607,-0.08216533395979139,-0.03127619756129139,-0.10053262015471708
JPM,2018-11-15,-0.40582260489463806,-4.233129038766492e-05,0.0008303225040435791,-0.13501153789366072,-0.012846269502337075
JPM,2018-11-19,0.8415310084819794,0.3369422267375626,0.9931454658508301,0.7238729003567906,0.37589995382211394
JPM,2018-11-23,0.0,0.01437493198318407,-0.9977865219116211,-0.327803863309479,-0.021552976820055424
JPM,2018-11-26,0.6399952173233032,0.0017698727897368371,0.9988749623298645,0.5468800174809682,0.056902016382564015
JPM,2018-11-28,0.36988139152526855,0.27204479542903115,0.42848137446812223,0.3568025204741407,0.28062193962897874
JPM,2018-11-29,0.23016990721225739,0.003337105408718344,0.00025647878646850586,0.07792116380248142,0.010403688108325362
JPM,2018-11-30,-0.1609427829583486,0.015310891433121773,0.3342297871907552,0.06286596522184279,0.020913277878361936
JPM,2018-12-03,-0.5413159728050232,6.236450705425038e-05,-0.9956132570902506,-0.5122889551294065,-0.05195648379004616
JPM,2018-12-04,-0.9705310165882111,-0.4999491886146643,-0.9929769933223724,-0.8211523995084159,-0.5321124878033329
JPM,2018-12-06,0.5024662017822266,0.010238526505418122,0.9957382678985596,0.502814332062068,0.060346141599658225
JPM,2018-12-07,0.2844586902194553,0.11324853815552416,-0.4429595139291551,-0.015084095184725218,0.09917034830619531
JPM,2018-12-10,0.776088297367096,-0.0001798581361072138,-0.9967908263206482,-0.07362746236321982,-0.010555328179101306
JPM,2018-12-11,-0.24082176884015402,0.0029614847100876635,-0.5538588100009494,-0.26390636471033857,-0.024264085671117878
JPM,2018-12-12,-0.4598042666912079,-0.22309115475945873,-0.9390847980976105,-0.540660073182759,-0.2556716525521211
JPM,2018-12-13,-0.5190169910589854,0.0003084998958608291,-0.6391772230466207,-0.3859619047365818,-0.03852943803702165
JPM,2018-12-14,0.0,0.00030723305098945275,0.0,0.00010241101699648425,0.00028674789361391687
JPM,2018-12-17,0.8619295656681061,0.0032087264153233264,0.9995026886463165,0.6215469935765819,0.06528654554435283
JPM,2018-12-18,0.23089174926280975,4.292227822588757e-05,0.0008662641048431396,0.07726697854862626,0.007373351171697189
JPM,2018-12-19,-0.17752323216862148,0.0010346986245066444,-0.22132154968049791,-0.13260336107487092,-0.012405876559246468
JPM,2018-12-20,0.775315135717392,0.0013810641830787063,0.999191015958786,0.5919624052864189,0.06083027708051345
JPM,2018-12-24,-0.5094410181045532,0.00012969333329237998,-0.9975599050521851,-0.5022904099411486,-0.050953687082311745
JPM,2018-12-27,0.6383925080299377,4.888632975053042e-05,0.9977186918258667,0.545386695395185,0.055204562495657555
JPM,2019-01-02,0.31784557018961224,0.0031756162731783532,0.0053623829569135395,0.10879452313990139,0.013205028179865092
JPM,2019-01-03,0.0,0.00020657418644987047,0.0,6.885806214995682e-05,0.00019280059242178128
JPM,2019-01-04,0.0,0.0006186029640957713,0.0,0.00020620098803192377,0.0005773568324350015
JPM,2019-01-07,0.3453465827873775,0.1472935350636817,0.2787581852504185,0.2571327677004926,0.15816524930556916
JPM,2019-01-08,0.4071720288350032,0.18935755576794552,0.30839256139901966,0.30164071533398945,0.20041867752219236
JPM,2019-01-09,0.6324645082155863,0.3342729754534843,0.6664365927378336,0.5443913588023014,0.3553458979003366
JPM,2019-01-10,-0.1005408593586513,0.00020397201504757895,0.1433625646999904,0.014341892452128894,0.002034771256135858
JPM,2019-01-11,-0.6733132600784302,-0.3986181585884367,-0.7983627438545227,-0.6234313875071299,-0.42131641441249185
JPM,2019-01-14,-0.048686871925989784,0.017349032384421054,-0.6631441315015157,-0.23149399034769483,-0.008588888511812387
JPM,2019-01-15,0.1462843914826711,0.002756401603013122,0.05579578876495361,0.06827886061687928,0.00915495527252307
JPM,2019-01-16,0.20639434787962171,0.1225598645306271,0.0007037851545545789,0.1098859991882678,0.12094079633690671
JPM,2019-01-17,0.3817839801311493,0.20112869709992082,0.1998090624809265,0.2609072465706655,0.20679643233840206
JPM,2019-01-18,0.5260118047396342,0.0011947369906314027,0.3338583707809448,0.2870216375037368,0.029453171680846924
JPM,2019-01-22,-0.31828534603118896,0.34375218953664444,-0.5288364092508951,-0.1677898552484799,0.2922308024497099
JPM,2019-01-23,0.24790378659963608,0.1330097199430016,0.12597189843654633,0.168961801659728,0.13639707479150504
JPM,2019-01-24,0.4401676654815674,0.007741170727967983,0.49975377321243286,0.3158875364739894,0.03866206743139094
JPM,2019-01-25,0.2857394388743809,0.2851697145211937,0.4271159682955061,0.33267504056369357,0.29016253383031765
JPM,2019-01-28,-0.23671722412109375,-0.32831205223919824,-0.3316655357678731,-0.29889827070938835,-0.32553249527292283
JPM,2019-01-31,0.0,0.0016240427321463358,0.9992325305938721,0.33361885777533945,0.03653587832933628
JPM,2019-02-01,-0.511303186416626,-1.9899947801604867e-05,-0.9971987009048462,-0.5028405957564246,-0.051139545885280024
JPM,2019-02-04,0.31502681970596313,0.3342423136200828,0.33318724234898883,0.3274854585583449,0.33359756582358757
JPM,2019-02-06,-0.4680798053741455,0.012120511964894831,-0.9976964592933655,-0.48455191756753874,-0.038458933104833115
JPM,2019-02-07,0.0,0.03934574595768936,-0.9978843331336975,-0.3195128623920027,0.0017494475263254946
JPM,2019-02-08,-0.6195701658725739,-0.2443420692822187,-0.9971605241298676,-0.62035758642822,-0.28259429563153887
JPM,2019-02-11,-0.23550863564014435,0.001499023139331257,-0.4984864741563797,-0.24416536221906426,-0.023520349519274446
JPM,2019-02-13,-0.2808654457330704,-0.24241272981998918,-0.9972831308841705,-0.5068537688124101,-0.2700849163542705
JPM,2019-02-14,0.015383432308832804,0.0037409136154262037,-0.6651536027590433,-0.21534308561159476,-0.019333601242308835
JPM,2019-02-15,-0.10898669958114623,0.0016552210353438569,-0.19893054962158202,-0.10208734272246146,-0.008874232000603176
JPM,2019-02-19,-0.02485778656872836,0.021580090820655394,-0.1809433102607727,-0.06140700200294855,0.01301345458073419
JPM,2019-02-21,-0.025945305824279785,-0.24946353710140556,-0.24957570433616638,-0.1749948490872839,-0.24239776197184776
JPM,2019-02-22,-0.45274292429288227,0.0002621381960731621,-0.9960971673329672,-0.4828593178099254,-0.04898549048363963
JPM,2019-02-25,0.3760035037994385,0.02819625717356633,0.6662435531616211,0.3568144380448753,0.06155879110998139
JPM,2019-02-28,0.040202061335245766,0.0018400580011075363,0.333356241385142,0.12513278690716512,0.014672072469144247
JPM,2019-03-01,0.21852109829584757,0.006535355729283765,-0.997667153676351,-0.2575368998837399,-0.021953998667917474
JPM,2019-03-02,0.0,0.00048433011397719383,0.0,0.00016144337132573128,0.00045203679369286643
JPM,2019-03-04,-0.8778288513422012,-0.37288190271442545,-0.4995398670434952,-0.5834168737000406,-0.3932919620260961
JPM,2019-03-05,0.623687207698822,0.33383713724413155,0.0028594136238098145,0.32012791952225444,0.3314051060504939
JPM,2019-03-06,-0.005296468734741211,0.00042025913990073605,0.47726118564605713,0.15746165868373888,0.01695129599726867
JPM,2019-03-07,0.22943997808865138,0.0260344731094457,0.286135060446603,0.1805365038815667,0.0415837837510876
JPM,2019-03-08,0.0,0.00023799619521014392,0.0,7.933206507004797e-05,0.00022212749917706104
JPM,2019-03-11,0.612137367328008,0.33508587009197405,0.6666112343470255,0.5379448239223358,0.35546777401744234
JPM,2019-03-12,0.9514581561088562,-0.00010039997869171202,0.9993568062782288,0.6502381874694644,0.06502466994517761
JPM,2019-03-13,0.004216715693473816,0.002925915479863761,0.0008947104215621948,0.0026791138649665904,0.002895554765957944
JPM,2019-03-14,0.0,0.0029350165495998226,-0.4989157021045685,-0.16532689518498955,-0.014746187081745249
JPM,2019-03-15,-0.39070427417755127,-0.00031062289872352267,-0.49882176518440247,-0.2966122207535591,-0.030129806921542372
JPM,2019-03-18,0.9474270343780518,0.0006007682532072067,0.9995104074478149,0.6491794033596913,0.06555696884387001
JPM,2019-03-19,0.41827539205551145,0.20017332389327577,0.3998998165130615,0.3394495108206163,0.21407153928433992
JPM,2019-03-20,0.0,0.0004125594423385337,-0.9974754452705383,-0.3323542952760666,-0.03457348856492232
JPM,2019-03-21,-0.18680018186569214,0.0010930820138431347,-0.16105217734972635,-0.11558642573385845,-0.010532547368055641
JPM,2019-03-22,-0.33977198600769043,-0.14225858689081047,-0.5695310490471976,-0.35052054064856614,-0.16348040844701212
JPM,2019-03-25,-0.28416924476623534,0.002598445050534792,-0.5980750441551208,-0.2932152812902738,-0.027523613919281376
JPM,2019-04-01,0.9003793398539225,0.3342137060094596,0.3034694194793701,0.512687488447584,0.35104359843531496
JPM,2019-04-04,0.0633474588394165,-0.12400644124863902,-0.5982290744781494,-0.21962935229579064,-0.13470066935798058
JPM,2019-04-05,0.6823687106370926,0.25126422900400947,0.7496342211961746,0.5610890536124256,0.28236610427897324
JPM,2019-04-08,0.5563882067799568,0.2740499513692294,0.5004435479640961,0.4436272353710941,0.29091450470710756
JPM,2019-04-09,-0.42631258964538576,-0.19940428919289843,-0.796716058254242,-0.47414431236417537,-0.22751521782159442
JPM,2019-04-10,0.7476517856121063,0.0019406322226132033,0.9994760155677795,0.5830228111341663,0.0604875518021542
JPM,2019-04-11,-0.14331433602741786,-0.14280657856531068,0.00014437096459524973,-0.0953255145427111,-0.13781263028017704
JPM,2019-04-12,0.7074720621109009,0.20178134897814742,0.7993232011795044,0.5695255374228508,0.23871802192853753
JPM,2019-04-15,-0.9607875347137451,0.004042505825054832,0.0,-0.31891500962956343,-0.026616014037360976
JPM,2019-04-16,0.8712161779403687,0.002202158240834251,0.9994325041770935,0.6242836134527655,0.06463836238513992
JPM,2019-04-17,0.8024190266927084,0.3334264221824603,0.9993545214335123,0.711733323436227,0.3715990907974341
JPM,2019-04-18,0.3313210805257161,-0.0005962401943785759,0.3340369462966919,0.22158726220934313,0.021629948446823793
JPM,2019-04-21,0.0,0.0017066511936718598,0.0,0.0005688837312239533,0.0015928580625029164
JPM,2019-04-22,0.4891888697942098,0.0038776427342478805,0.000512242317199707,0.16452625161521914,0.019109721690339223
JPM,2019-04-23,-0.13100451231002808,0.0013678552519801694,-0.9828671415646871,-0.3708345995409117,-0.037313483438052665
JPM,2019-04-24,0.0,0.004599391468218528,0.9989049434661865,0.334501444978135,0.03930136098604587
JPM,2019-04-25,0.14698357582092286,0.000632419238655757,0.2003148913383484,0.11597696213264234,0.012259670704341889
JPM,2019-04-26,0.028926074504852295,0.00832798898773035,0.000848233699798584,0.012700765730793743,0.008717347607421542
JPM,2019-04-29,0.2686162739992142,0.004051083961257973,0.2505946308374405,0.17442066293263755,0.02105969552428871
JPM,2019-04-30,0.440807580947876,0.1898120518911431,0.6668834984302521,0.4325010437564238,0.21447077817989305
JPM,2019-05-01,0.6344885230064392,-1.3058393960818648e-05,-0.9754469990730286,-0.11365717815351672,-0.014130305927851484
JPM,2019-05-02,0.4745396375656128,0.5001694169817048,0.49964359402656555,0.49145088285796107,0.49934031877233037
JPM,2019-05-03,-0.2733704745769501,0.003014216803421732,-0.49882420897483826,-0.2563934889161222,-0.02331556159777206
JPM,2019-05-06,-0.6016419132550558,6.576441326918332e-05,-0.6609997351964315,-0.4208586280127394,-0.04213416608949931
JPM,2019-05-07,0.927108496427536,0.5024078348422449,0.997959703207016,0.8091586781589323,0.5332084248743295
JPM,2019-05-08,-0.46460855603218076,-0.19486881418239363,-0.5808322906494141,-0.41343655362132953,-0.21692735022736037
JPM,2019-05-10,0.0,5.8464022004045546e-05,0.9808931350708008,0.3269838663642683,0.034431945405837806
JPM,2019-05-13,-0.8719459176063538,-0.49996923362778034,-0.997431755065918,-0.7897823021000173,-0.5291691615877043
JPM,2019-05-14,0.17818390329678854,-0.16313222242663983,0.16688425342241922,0.060645311430855976,-0.1407705571377014
JPM,2019-05-15,0.3070847690105438,-0.00048480355962965405,0.0037799179553985596,0.10345996113543758,0.009392854406313055
JPM,2019-05-16,0.9384192228317261,0.20577009027820167,0.9995331168174744,0.714574143309134,0.25676225354545656
JPM,2019-05-17,0.9280785918235779,0.5005342194158438,0.999469518661499,0.8093607766336403,0.5315433338608035
JPM,2019-05-20,0.7914772629737854,0.0018151060285163112,0.0,0.2644307896674339,0.02672790675544022
JPM,2019-05-21,0.9368417263031006,5.914886969549116e-05,0.9994471669197083,0.6454493473641681,0.06471444096286251
JPM,2019-05-23,-0.3535781701405843,0.0009164362636511214,-0.3240673542022705,-0.22557636269306788,-0.021685672264614934
JPM,2019-05-24,0.6245120167732239,0.33377927375794236,0.908363401889801,0.6222182308069891,0.3631123917348756
JPM,2019-05-28,-0.7360230088233948,0.0002992467416333966,-0.9958816766738892,-0.5772018129185502,-0.05790323837801553
JPM,2019-05-29,0.27692484855651855,3.1237177609000355e-05,0.9990624189376831,0.42533950155727024,0.043802235982692596
JPM,2019-05-30,-0.2624738574028015,-0.00033451611325290286,-0.5903568863868713,-0.2843884199676419,-0.02930430910406439
JPM,2019-05-31,-0.7437711954116821,0.0023713292697114716,-0.010743876298268637,-0.2507145808134131,-0.02168824133808374
JPM,2019-06-03,-0.43884579340616864,-0.0002211891375433576,-0.64111328125,-0.3600600879312374,-0.03655590901749965
JPM,2019-06-04,0.7102313240369161,0.0027551977739979825,0.9908810059229533,0.5679558425779558,0.05976299394475532
JPM,2019-06-05,-0.9708885550498962,0.007333545265282737,-0.997979462146759,-0.6538448239771242,-0.05884010049809517
JPM,2019-06-07,-0.02672368288040161,-0.24858423454406875,0.0005355626344680786,-0.09159078493000077,-0.23283605331340687
JPM,2019-06-08,0.0,0.0003268130822107196,0.0,0.00010893769407023986,0.0003050224083864693
JPM,2019-06-11,0.7397670745849609,0.5000126683535528,0.9995427131652832,0.7464408187012657,0.5251029824574678
JPM,2019-06-12,-0.5437548160552979,0.005111789891088847,-0.9967908263206482,-0.511811284161619,-0.047362143648731696
JPM,2019-06-13,0.8579787810643514,0.6666903432142913,0.9995214939117432,0.8413968727301286,0.6844053960480205
JPM,2019-06-14,0.554562583565712,-0.0016388488329539541,0.49876222014427185,0.35056198495901,0.03349094532481695
JPM,2019-06-19,-0.5282903552055359,-4.833699895243626e-05,-0.9924167394638062,-0.5069184772227648,-0.051535783874243055
JPM,2019-06-24,0.5957041382789612,0.0007625112339155748,0.9992349147796631,0.5319005214308467,0.05457354389941988
JPM,2019-06-25,0.6981857419013977,0.005805199034512043,0.996356725692749,0.5667825555428863,0.06242054756300807
JPM,2019-06-26,0.004650731881459554,-0.0024131382391108978,0.360384205977122,0.12087393320649022,0.010525251351114692
JPM,2019-06-27,0.8492836058139801,0.2505198956055992,0.9988454878330231,0.6995496630842007,0.2956849215559887
JPM,2019-06-28,0.42416216547672564,0.0022940673247481193,0.10498607158660889,0.17714743479602757,0.019236484080990754
JPM,2019-07-01,-0.3342547118663788,8.912241173675284e-05,-0.49840235710144043,-0.2775226488520275,-0.027956559298570025
JPM,2019-07-02,0.6155242621898651,0.0001793860792531632,0.768805742263794,0.4615031301776374,0.04658034039015911
JPM,2019-07-03,0.01905222733815511,-0.0002850098844646709,0.0005826354026794434,0.006449950952123294,0.00035702065628722367
JPM,2019-07-08,-0.10732151071230571,0.1677242434764278,-0.33104772369066876,-0.09021499697551555,0.14154427902334019
JPM,2019-07-09,0.22970043495297432,7.129800042093848e-05,-0.14829323254525661,0.027159500136046216,0.0021345590281413598
JPM,2019-07-10,-0.0028881728649139404,0.001752583729621282,-0.37368573248386383,-0.12494044053971883,-0.01155219281171731
JPM,2019-07-12,0.8633841276168823,0.0006447430787375197,0.0009252429008483887,0.28831803786548943,0.027942365816381924
JPM,2019-07-15,0.1524545947710673,0.004472321189192978,0.6600490808486938,0.27232533226965133,0.03212889914716598
JPM,2019-07-16,0.0,0.00017392657900927588,0.0,5.79755263364253e-05,0.00016232981211245672
JPM,2019-07-17,0.29092951615651447,0.0011301281780712695,0.3331375519434611,0.20839906542601563,0.021932133076504753
JPM,2019-07-18,0.0,0.00014863515571050812,-0.49799227714538574,-0.16594788066322508,-0.017314419677188168
JPM,2019-07-19,-0.8657723069190979,-9.635142578190425e-05,-0.9975997805595398,-0.6211561463014732,-0.062436545801791636
JPM,2019-07-22,-0.0904014140367508,-0.09312177417741622,0.06995393633842469,-0.037856417291914114,-0.0873204141641772
JPM,2019-07-23,0.9418850839138031,0.5012066558362109,0.9993791282176971,0.8141569559892371,0.5326044236812022
JPM,2019-07-24,0.6116097096134635,-0.0007418680068119155,0.6519635985879337,0.42094381339819514,0.04150172745185662
JPM,2019-07-26,0.900989830493927,0.001748539274558425,0.9987216591835022,0.6338200096506625,0.0651317939922723
JPM,2019-07-29,0.10326246619224548,0.005210598307530745,-0.10217492580413819,0.0020993795652126807,0.0045483624108710674
JPM,2019-07-30,-0.48506486415863037,0.000858344337757444,-0.49928438663482666,-0.32783030215189984,-0.03203954941650795
JPM,2019-07-31,0.4833010832468669,0.00459930844954215,0.6625171105066935,0.3834725007343675,0.042798340016110485
JPM,2019-08-01,0.8152566145766865,0.0018716462307731324,0.6354268030686812,0.48418502129204694,0.04980261464859342
JPM,2019-08-02,-0.4516367018222809,0.0010272736071783584,-0.997269868850708,-0.4826264323552702,-0.04827748255059618
JPM,2019-08-05,-0.39496102929115295,-0.16543319826663114,-0.3316781123479207,-0.29735744663523495,-0.1785193782106048
JPM,2019-08-06,0.367841308315595,-0.0026380906710983254,0.9059334894021353,0.42371223568221067,0.04092261649762333
JPM,2019-08-07,0.2914691805839539,0.00032428317645099013,0.39976526498794557,0.23051957624945016,0.023532190468578747
JPM,2019-08-08,0.19598984718322754,0.0011124210065775384,-0.1217518959726606,0.02511679073904816,0.002970218158443288
JPM,2019-08-09,0.10604669153690338,-0.24815492612060552,-0.9974604398012161,-0.3798562247949728,-0.26321271857126965
JPM,2019-08-10,0.0,0.000288583632936934,0.0,9.619454431231134e-05,0.0002693419523913665
JPM,2019-08-13,0.6314397901296616,-9.981847961171297e-05,0.49391747266054153,0.37508581477019715,0.03718913329672053
JPM,2019-08-14,0.5400371551513672,-0.008234912529587746,0.9860208630561829,0.5059410352259874,0.04395221716527751
JPM,2019-08-15,0.9153631925582886,0.0016317025874741375,0.9994198083877563,0.6388049011778397,0.06550183406681512
JPM,2019-08-19,0.20921118557453156,0.0029015288164373487,-0.9976373910903931,-0.26184155889980804,-0.02563895910483622
JPM,2019-08-20,-0.39813069999217987,-0.3324661609240138,-0.6649121443430582,-0.4651696684197506,-0.346194316802623
JPM,2019-08-22,-0.24154576659202576,0.0015486101401620544,-0.49902576208114624,-0.24634097284433665,-0.023683919631027547
JPM,2019-08-27,-0.40700364112854004,0.0005464560363179771,0.0004093348979949951,-0.1353492833980757,-0.01234884996583635
JPM,2019-08-28,0.12120676785707474,0.001135814978624694,0.8600145727396011,0.32745238519176684,0.03503470698438785
JPM,2019-08-29,0.8305948177973429,0.16593989564893738,0.34732481837272644,0.44795317727300227,0.19331942931614074
JPM,2019-09-03,0.7867419719696045,0.00367709290003404,0.31233154237270355,0.36758353574744734,0.03926225947619244
JPM,2019-09-05,0.6375230178236961,0.005250749895822082,0.695276141166687,0.4460166362954017,0.049432373860634836
JPM,2019-09-06,0.29115009078612697,-0.0004632989562546405,0.07709162051861103,0.12259280411616112,0.011478279973697872
JPM,2019-09-09,-0.09238385409116745,0.0004885920470769634,0.4808749705553055,0.12965990283707166,0.014387216650524687
JPM,2019-09-10,0.32511479655901593,0.0017132580736263965,0.865484873453776,0.3974376426954727,0.04221482324208728
JPM,2019-09-11,0.3491259813308716,0.0023782702242493136,0.41730693976084393,0.25627039710532157,0.027887649512647824
JPM,2019-09-12,0.2918893426656723,0.10075567352832877,0.2596678674221039,0.217437627872035,0.11237048799770201
JPM,2019-09-13,-0.4492143392562866,-0.00462429434992373,0.7181712985038757,0.0881108882992218,0.0066454904144592555
JPM,2019-09-16,0.47397422790527344,0.5000751413186615,0.49977990984916687,0.4912764263577006,0.49923926104708427
JPM,2019-09-17,0.47549858689308167,0.5001984817241212,0.999015748500824,0.658237605706009,0.5168993022425645
JPM,2019-09-18,0.292339563369751,0.12732151349091225,-0.21262165904045105,0.06901313927340406,0.12062691278187634
JPM,2019-09-19,0.0,0.0004856273862969829,0.0,0.00016187579543232763,0.00045324757044473636
JPM,2019-09-20,0.9006372690200806,0.000991122444247594,0.9991267621517181,0.6335850512053488,0.06442792633006306
JPM,2019-09-23,-0.47358711063861847,-0.24061877529084086,-0.9976755827665329,-0.5706271562319974,-0.274519975335447
JPM,2019-09-24,0.0,0.00032760466729087057,-0.24948278069496155,-0.08305172534255689,-0.00843786632994479
JPM,2019-09-25,0.0,0.0006753221023245715,0.0,0.00022510736744152382,0.0006302941303214074
JPM,2019-09-26,-0.37737394124269485,-0.24234630467981333,-0.4984816014766693,-0.3727339491330592,-0.2555939017237209
JPM,2019-09-27,-0.10438831895589828,-0.24916187070857632,-0.46548031270504,-0.27301016745650486,-0.25216410869543293
JPM,2019-10-01,-0.5161081850528717,-0.49969900011623736,-0.4975750893354416,-0.5044607581681836,-0.5001435696893337
JPM,2019-10-02,0.8417973518371582,0.0007805567584000528,0.999022364616394,0.6138667577373175,0.06236667857657045
JPM,2019-10-03,0.0,-0.00023463041725335643,0.0,-7.821013908445214e-05,-0.00021898614549501548
JPM,2019-10-04,0.4542761445045471,0.0023195155736175366,0.0009900331497192383,0.15252856440929463,0.01656796648581815
JPM,2019-10-07,0.3948607345422109,0.1801488393649957,0.2738305479288101,0.2829467072786722,0.1902232785574513
JPM,2019-10-08,0.17586375176906585,0.004284186416953162,-0.29890514016151426,-0.03958573399183175,-0.0009147636999259667
JPM,2019-10-09,0.7633948624134064,-0.001999694809152667,0.9238388737042745,0.5617446804361761,0.054657033684627036
JPM,2019-10-10,0.4761021569371223,0.0020799115955014713,0.4878600209951401,0.322014029842588,0.03409801945212312
JPM,2019-10-14,0.5456640720367432,0.01783526929011714,0.7931181341409683,0.4522058251559429,0.061701445417516564
JPM,2019-10-15,0.6920201629400253,0.2566342465814182,0.4989265352487564,0.48252698159006663,0.2788967844669003
JPM,2019-10-16,0.4539397060871124,0.0074461851036176085,0.8582146167755127,0.4398668359887476,0.0513853331579015
JPM,2019-10-17,0.551911199092865,0.21474766975734383,-0.598685348033905,0.0559911736054346,0.1969034923629528
JPM,2019-10-18,0.817676842212677,0.3339278092167888,0.9987094004948934,0.7167713506414531,0.37252703677176546
JPM,2019-10-21,-0.15586552023887634,-2.984142702189274e-05,0.00017547607421875,-0.05190662853055983,-0.004951609925471022
JPM,2019-10-22,0.025631566842397053,0.0021328319126041606,0.0007055302460988363,0.009489976333700016,0.0028260563499614387
JPM,2019-10-23,0.15678326288859049,-0.1309689313967245,0.3432573636372884,0.12302389837638479,-0.10524732711305024
JPM,2019-10-24,-0.11404503243310112,-0.14155556105652067,-0.1152403610093253,-0.12361365149964902,-0.13976315592723648
JPM,2019-10-25,-0.0573117733001709,-0.2386842751345739,-0.4985576421022415,-0.2648512301789954,-0.24205539276707416
JPM,2019-10-26,0.0,0.00016829311061883345,0.0,5.609770353961115e-05,0.00015707194873973502
JPM,2019-10-28,0.5695060566067696,0.2532016183723229,0.0011010020971298218,0.27460289235874075,0.25437069908865517
JPM,2019-10-29,0.7283484637737274,0.001129290641983971,0.0007626712322235107,0.2434134752159783,0.02411783328930309
JPM,2019-10-30,-0.6036716103553772,-0.33323306931015395,-0.6646867791811625,-0.5338638196155645,-0.3534032899019882
JPM,2019-10-31,-0.38082534074783325,-0.3334925696787347,-0.9976251920064291,-0.570647700810999,-0.3582655436112947
JPM,2019-11-01,-0.08972999453544617,-0.00020020817199650764,0.0003475348154703776,-0.029860889297324097,-0.0030127706192111378
JPM,2019-11-04,0.6503863462380001,0.36462798637099764,0.9153957154069629,0.6434700160053203,0.3929690741284771
JPM,2019-11-05,0.14297646284103394,0.020226074311115855,0.3027239938577016,0.15530884366995046,0.03400928609057016
JPM,2019-11-06,-0.10477094848950703,0.0009915092056568635,-0.9964886903762817,-0.366756043220044,-0.03731238387385447
JPM,2019-11-07,0.518403422832489,-0.06189279219321785,0.3429981847604116,0.2665029384665609,-0.029348242855850613
JPM,2019-11-08,0.37844906002283096,-0.06388424463845392,0.10477778812249501,0.13978086783562402,-0.04398247551135828
JPM,2019-11-11,-0.6031400561332703,2.0351959392428398e-05,-0.9978566765785217,-0.5336587935841332,-0.054029768408664997
JPM,2019-11-12,0.19667662565524763,0.001998257353559706,-0.012082778490506686,0.06219736817276689,0.0076622881190844695
JPM,2019-11-13,0.25831127166748047,-0.062267303348781465,0.20763757137151864,0.13456051323007254,-0.042668285108148234
JPM,2019-11-14,0.7389058843255043,0.2532563755524866,0.7565777525305748,0.5829133374695219,0.28625701902818634
JPM,2019-11-15,0.35471163392066957,-0.0029606352671180504,0.40198480486869814,0.2512452678407499,0.022544397148287695
JPM,2019-11-18,0.2897797606208108,0.08933501490800881,0.7130082791501825,0.36404101822633406,0.11753282014069596
JPM,2019-11-19,-0.7943340241909027,-0.49889208983677236,-0.9964402318000793,-0.7632221152759181,-0.5256742819874287
JPM,2019-11-20,0.0,0.00041751325625227764,0.0,0.00013917108541742587,0.00038967502731088524
JPM,2019-11-21,-0.6410286000796727,-0.6862735575377437,-0.437677868774959,-0.5883266754641251,-0.6761299715431917
JPM,2019-11-22,0.45740175247192383,-0.0014298523219622439,0.49925437569618225,0.31840875861538126,0.030630132390251006
JPM,2019-11-25,0.7961810231208801,0.0038854475860716775,0.9994969367980957,0.5998544691683492,0.06383836930891112
JPM,2019-11-27,-0.22742819786071777,0.0024007631382119143,-0.4988757073879242,-0.24130104737014335,-0.022436798107901924
JPM,2019-12-02,0.0,0.004578319407301024,0.0,0.0015261064691003412,0.004273054168008288
JPM,2019-12-03,0.2798048456509908,-0.16710484947013052,0.6609614988168081,0.25788716499922276,-0.12394818324824662
JPM,2019-12-04,0.4665364490614997,0.0004673775110859424,0.759721749358707,0.4089085253104308,0.04181839099806494
JPM,2019-12-05,0.0,0.0009218494888045825,0.0,0.00030728316293486085,0.000860384033591715
JPM,2019-12-06,0.6710973143577575,0.038327772404591086,0.7476807236671448,0.48570193680983115,0.08320249915896458
JPM,2019-12-09,-0.3766520619392395,-0.33162233872705354,-0.6643780767917633,-0.45755082581935214,-0.3447086840949779
JPM,2019-12-10,0.16761473814646402,-0.16824452133823797,0.3338448405265808,0.11107168577826894,-0.1400248168284419
JPM,2019-12-11,0.1851760447025299,0.007599100325023755,-0.4989028871059418,-0.10204258069279604,-0.004535659909237484
JPM,2019-12-12,0.2783547302087148,0.1118457211191485,0.4906421899795532,0.2936142137691388,0.13038796453514326
JPM,2019-12-13,0.17375657459100088,-0.16628728699530862,-0.16584807634353638,-0.0527929295826147,-0.15551656583237627
JPM,2019-12-17,0.8617023229598999,0.5001140852022559,0.9992430210113525,0.7870198097245028,0.5290438258778956
JPM,2019-12-18,0.4318451169998415,0.00217545309008147,0.4237323710995336,0.2859176470631522,0.030539891835264357
JPM,2019-12-19,0.749359518289566,0.0022066014062147588,0.0008089840412139893,0.2507917012456649,0.02578949795230232
JPM,2019-12-20,0.8168693251079984,0.039714978380724415,0.9787280073872319,0.6117707702919849,0.09720538558048784
JPM,2019-12-23,0.09006258845329285,0.00021411050329334103,0.0009687542915344238,0.03041515108270687,0.0030823976971498233
JPM,2020-01-03,0.8934979240099589,0.3330298397637271,0.9993726213773092,0.7419667950503318,0.3741103443512965
JPM,2020-01-06,-0.0312627911567688,-0.1972428772438434,0.20002348423004152,-0.00949406139019023,-0.17807004572568252
JPM,2020-01-07,0.4726065397262573,0.0008231017709476873,0.49980321526527405,0.32441095225415967,0.03323301902689426
JPM,2020-01-08,-0.8091144561767578,0.00010139736150449608,-0.9981722831726074,-0.6023951139959536,-0.06048000185189582
JPM,2020-01-09,0.9213762879371643,0.06776855955831707,0.9992675185203552,0.6628041220052788,0.12741378455096805
JPM,2020-01-10,0.31520644823710126,0.3337650097693701,0.33316270510355633,0.3273780543700093,0.3331568978862777
JPM,2020-01-11,-0.9651632308959961,0.0033972236051340587,-0.9983103275299072,-0.6533587782735898,-0.062344471402629456
JPM,2020-01-12,0.0,0.0005825892558277701,0.0,0.0001941964186092567,0.0005437443724840804
JPM,2020-01-13,0.013555705547332764,0.0017906957056346494,0.07524446340707633,0.030196954886681244,0.004737149593353857
JPM,2020-01-14,0.0527241051197052,0.10876612829133592,0.002580249309539795,0.054690160906860304,0.10327206579132893
JPM,2020-01-15,0.4217431008815765,0.20361210640488028,0.29870228171348573,0.30801916299998083,0.21384404853825362
JPM,2020-01-16,0.2539784510930379,0.5027191126546234,0.3336074749628703,0.3634350129035106,0.48892476780373145
JPM,2020-01-17,0.6483625918626785,0.5000382313124183,0.7457396537065506,0.6313801589605491,0.5133406964206735
JPM,2020-01-21,0.8967928886413574,0.034485466734622605,0.9995455145835876,0.6436079566531893,0.09558207321710466
JPM,2020-01-22,0.0,0.00042702224891399965,0.0,0.0001423407496379999,0.0003985500094935073
JPM,2020-01-23,0.7113844156265259,0.0015804667345946655,-0.9747888445854187,-0.08727465407476605,-0.01018780599715312
JPM,2020-01-24,-0.3976191282272339,2.094478713843273e-05,-0.4981824457645416,-0.29859354306821234,-0.030016652263713212
JPM,2020-01-27,-0.163580983877182,-0.1644109904521478,-0.3317749698956807,-0.21992231474167015,-0.17025034955825824
JPM,2020-01-28,-0.9138410687446594,-0.49882032816640276,-0.9970141351222992,-0.8032251773444538,-0.5294073337828233
JPM,2020-01-29,-0.37246596813201904,0.0015012537260190584,-0.4945095479488373,-0.2884914207849458,-0.02771074533779961
JPM,2020-01-31,0.214532141884168,0.0062508238869393535,0.0007549126942952474,0.07384595948846753,0.012645988426852928
JPM,2020-02-03,0.41759276390075684,0.011283589524282434,0.7495135962963104,0.39279664990711655,0.05000760190331366
JPM,2020-02-05,0.0,0.002612209949802491,0.0,0.0008707366499341637,0.0024380374955358824
JPM,2020-02-06,0.5971070155501366,-0.12641706245776163,0.5260781496763229,0.3322560342562326,-0.0806645272519197
JPM,2020-02-07,0.828410804271698,0.04084753798088059,0.9994725584983826,0.6229103002503203,0.09935451329615981
JPM,2020-02-12,-0.6532383859157562,0.0015557887036266038,0.0012108981609344482,-0.21682389968373172,-0.019166942497731616
JPM,2020-02-14,0.6887414157390594,0.0074339966449770145,0.0009552240371704102,0.23237687880706895,0.028756172478966883
JPM,2020-02-18,0.7709933155112796,-0.003401166738411929,0.781123419602712,0.5162385227918599,0.048587589082569604
JPM,2020-02-20,0.4997052933488573,-0.00029979204243448166,0.3794963615281241,0.29296728761151564,0.028825711964791067
JPM,2020-02-21,0.16696488857269287,0.001649633994626735,0.9984310269355774,0.38901518316763234,0.0418126456434104
JPM,2020-02-24,0.4974769221411811,0.003930080707909333,0.1431449188126458,0.2148506405539121,0.02441965818962345
JPM,2020-02-25,0.3403397773702939,-0.08284159132794382,0.04352845996618271,0.1003422153361776,-0.06502779100749266
JPM,2020-02-26,0.32883250912030537,-0.1341009988839687,0.46997268199920655,0.2215680640785144,-0.09828778674578813
JPM,2020-02-27,0.3881334960460663,0.0018505155603634194,0.14218154549598694,0.17738851903413888,0.018986537300987108
JPM,2020-02-28,0.35417551596959435,0.003629311074958726,0.4708025097846985,0.27620244560975055,0.03108984899197493
JPM,2020-03-02,0.3410437792539597,0.11332669206015829,0.6004744827747345,0.35161498469628416,0.13760228681025738
JPM,2020-03-03,0.3913886348406474,0.00544432663173211,0.29813648760318756,0.23165648302518904,0.027909438697926673
JPM,2020-03-04,0.23935683369636535,0.006410285945457872,0.3693011462688446,0.20502275530355593,0.02649645065079656
JPM,2020-03-05,0.11569281220436096,0.0471731591707794,0.26712292432785034,0.1433296319009969,0.05704896541179932
JPM,2020-03-09,0.223109669983387,-0.11754349141983766,0.3859572932124138,0.16384115725865436,-0.08912268674702475
JPM,2020-03-10,0.13354464371999106,0.000440624830237842,0.3346882363160451,0.15622450162209134,0.016364986254995995
JPM,2020-03-11,0.2758506422951108,0.06775229978184004,0.49815886928921654,0.2805872704553891,0.08941876155213799
JPM,2020-03-12,-0.5408329367637634,-0.0015118315059226006,0.18885701894760132,-0.11782924977402824,-0.011898288263223618
JPM,2020-03-13,0.5014121135075887,0.33334811523719016,0.999205748240153,0.6113219923283105,0.3620001859263473
JPM,2020-03-16,-0.3663730561733246,-0.39946792557057054,-0.1989782452583313,-0.32160640900074217,-0.3913945850925993
JPM,2020-03-17,0.13910046592354774,0.12758674878310572,0.007923036813735962,0.09153675050679648,0.12375706567822693
JPM,2020-03-18,-0.11833394395894017,-0.029212594442626517,-0.2314094983298203,-0.12631867891046233,-0.03911783349295104
JPM,2020-03-19,0.5391732454299927,-0.00042251439299434423,-0.9972079396247864,-0.1528190695292627,-0.018289866911412697
JPM,2020-03-20,0.32953207194805145,0.0026826528755918844,0.5000955909490585,0.27743677192423394,0.030453493172400026
JPM,2020-03-23,0.42384226620197296,0.2501257572880391,0.7493527829647064,0.4744402688182395,0.2731167058071955
JPM,2020-03-24,-0.28814804553985596,-9.921412083713221e-05,-0.24932774901390076,-0.17919166955819796,-0.01794469706827366
JPM,2020-03-25,0.6241838335990906,0.09078954765573144,0.9993388056755066,0.5714373956434429,0.13950234782806778
JPM,2020-03-26,-0.31914766345705303,0.009929591473597352,-0.38532488686697824,-0.23151431961681132,-0.014331363677892485
JPM,2020-03-27,0.10825214248437148,2.8684122438650006e-06,0.0264226679618542,0.04489255961948985,0.004352646101942554
JPM,2020-03-30,-0.4811784327030182,0.00038074735493864864,-1.3530254364013672e-05,-0.1602704052008145,-0.01486442231925644
JPM,2020-03-31,-0.09525470683972041,0.0023673764165626685,0.6269240081310272,0.17801222590262314,0.021168512696287875
JPM,2020-04-01,0.8908441662788391,0.0007625112339155748,0.9971330165863037,0.6295798980330195,0.0638349337533311
JPM,2020-04-02,-0.10022421819823128,0.010739668812155807,-0.09585659418787275,-0.06178038119131607,0.003494084509360305
JPM,2020-04-03,0.24278587453505573,-0.02010535803000333,-0.07607117821188535,0.04886977943105569,-0.013751743315962068
JPM,2020-04-06,0.09960875340870448,0.2879042226203897,-0.2846154655729021,0.03429917015206402,0.2618834817366528
JPM,2020-04-07,0.3042096793651581,0.33349574991275066,0.499920129776001,0.3792085196846366,0.3384021191221347
JPM,2020-04-08,-0.4514320194721222,0.2118671487710344,-0.7015035301446915,-0.31368946694859307,0.15887658569891774
JPM,2020-04-09,0.22932644747197628,0.024592339575747246,0.11744334176182747,0.12378737626985033,0.03432207488983095
JPM,2020-04-13,-0.5771230459213257,-0.3248014118568487,-0.6648094852765402,-0.5222446476849049,-0.34469842522968663
JPM,2020-04-14,0.19828347116708755,0.011173399032031739,0.0481182336807251,0.08585836795994813,0.01838635480548464
JPM,2020-04-15,0.2764049747160503,0.004186812862047061,0.2205363937786647,0.16704272711892068,0.0203792745188638
JPM,2020-04-16,-0.10019510984420776,-0.33119781249115476,-0.6651983261108398,-0.3655304161487341,-0.33559708108949066
JPM,2020-04-17,0.2081306393329914,0.0005621309112309694,0.4298895047261165,0.21286075832344628,0.02217400957214344
JPM,2020-04-19,0.0,0.0013630055254907347,0.0,0.00045433517516357824,0.001272125381641047
JPM,2020-04-20,0.7393763661384583,0.4999790710207277,0.9992972314357758,0.7462175561983205,0.5250506467251054
JPM,2020-04-22,-0.44880486130714414,0.00018111688405042514,-0.4979676902294159,-0.3155304782175032,-0.03147859900070029
JPM,2020-04-23,-0.06294880353886148,-0.128198921605081,-0.12116518487101016,-0.10410430333831755,-0.12588859841009795
JPM,2020-04-24,0.40087947249412537,0.032253000885248184,-0.9978861212730408,-0.18825121596455574,0.007809071898104355
JPM,2020-04-28,0.12399031860487801,9.240393202552306e-05,0.3446510689599173,0.15624459716560693,0.016086954938154405
JPM,2020-04-29,0.5733528733253479,0.042453618548222494,0.4508297896385193,0.35554542717069654,0.07355792512249656
JPM,2020-04-30,-0.5842364430427551,-0.3325055309117791,-0.9926313559214274,-0.6364577766253205,-0.3636030248253881
JPM,2020-05-01,-0.11483205556869507,-0.1997309320453496,-0.20481864213943482,-0.17312720991782649,-0.19722395458434097
JPM,2020-05-04,0.38202350518920203,-0.04355814011156864,0.16945368186994034,0.16930634898252458,-0.022631885507968297
JPM,2020-05-05,0.25231759135539716,0.001300665857483042,0.1562767716554495,0.13663167628944325,0.014671590929818845
JPM,2020-05-06,0.5110840318780957,-0.027825751388180917,0.36080228108348267,0.28135352052446577,0.0028398090407667216
JPM,2020-05-07,0.5087835490703583,1.973653585688832e-05,-0.3328411380449931,0.05865404918707401,0.004445770014474731
JPM,2020-05-08,0.5024972125887871,-0.002038239641706241,0.5218754172325134,0.34077813005986474,0.03228144553737985
JPM,2020-05-11,0.0,0.0008366135734831914,0.9988434314727783,0.3332266816820872,0.03578731523409614
JPM,2020-05-12,0.47232766615019905,0.05627877210093225,0.7389794687430064,0.4225286356647125,0.09336470721829161
JPM,2020-05-14,-0.09085116162896156,-0.0026286788020115637,0.26389288157224655,0.05680434704709114,0.003921697472736284
JPM,2020-05-19,-0.7804355422655741,-0.33182232703256886,-0.9969097177187601,-0.7030558623389677,-0.3693209619110129
JPM,2020-05-20,0.6658166646957397,0.500140044494414,0.9995415210723877,0.7218327434208471,0.5228828275597228
JPM,2020-05-21,0.29403602414660984,0.0022261029577445393,0.4186360968483819,0.23829940798424543,0.026049757612499783
JPM,2020-05-22,-0.1695062816143036,-0.3306431086869755,-0.33155494928359985,-0.2772347798616263,-0.32557843857764
JPM,2020-05-26,0.8899395167827606,0.00014576407374988776,0.9992914497852325,0.6297922435472477,0.0633063421706998
JPM,2020-05-27,0.5010771022902595,0.06418551454620298,0.7098368373182085,0.42503315138489034,0.10063221858504065
JPM,2020-05-29,-0.9506431519985199,-0.3522627604397712,-0.9938170313835144,-0.7655743146072685,-0.39367364770234736
JPM,2020-06-01,0.5699441134929657,0.0003189771075540193,0.6049094535410404,0.39172418138052006,0.03952488319239017
JPM,2020-06-02,0.6817675493657589,0.1275507930058778,0.6280162259936333,0.4791115227884233,0.1626200715008663
JPM,2020-06-03,0.8658235669136047,0.9998877195539535,0.9996565580368042,0.9551226148347874,0.9956392568945976
JPM,2020-06-04,-0.5201666355133057,0.0008034173697524238,0.9988154172897339,0.15981739971539355,0.019302874632961278
JPM,2020-06-05,0.4729538857936859,0.5004060212921217,0.995713621377945,0.6563578428212509,0.5168967896813603
JPM,2020-06-08,0.6427217125892639,0.20039650617939345,0.6221322655677796,0.48841682811214565,0.22916749847257586
JPM,2020-06-09,-0.4144842028617859,-0.22888310867847395,0.0015589594841003418,-0.21393611735205317,-0.22667721735669225
JPM,2020-06-10,-0.5079833030700683,-0.39914122495538323,-0.5979577302932739,-0.5016940861062419,-0.4095517411883783
JPM,2020-06-11,-0.22373155256112418,-0.16436959482174038,0.0013278524080912273,-0.12892443165825776,-0.1604399698907829
ORCL,2011-01-25,0.0,-8.717884338693693e-05,0.0,-2.905961446231231e-05,-8.136608421655808e-05
ORCL,2011-01-27,-0.22148142258326212,0.001480524205059434,0.0,-0.07333363279273424,-0.0056234811017057285
ORCL,2011-01-28,0.0,0.0009120530303334817,0.0,0.00030401767677782726,0.0008512407595353948
ORCL,2011-02-01,0.0,-0.0006136149713711347,0.0,-0.00020453832379037826,-0.0005727014238022564
ORCL,2011-02-02,0.0,-0.0001541530182294082,0.0,-5.138433940980273e-05,-0.0001438746750037541
ORCL,2011-02-03,-0.19221289455890656,0.00391182632483833,0.0,-0.06276702274468941,-0.002428547644356366
ORCL,2011-02-08,0.0,0.0011851394019686268,0.0,0.00039504646732287557,0.0011061187457942808
ORCL,2011-02-09,0.0,0.0007309533166335314,0.0,0.00024365110554451044,0.0006822160642067164
ORCL,2011-02-10,0.0,-1.4497018128167838e-06,0.0,-4.832339376055946e-07,-1.3530411187838975e-06
ORCL,2011-02-15,0.0,0.00037538907417911105,0.0,0.000125129691393037,0.00035035952473058175
ORCL,2011-03-04,0.0,4.709350105258636e-05,0.0,1.5697833684195455e-05,4.395348256331049e-05
ORCL,2011-03-11,0.7388050556182861,0.0035115233913529664,0.0,0.2474388596698797,0.026645231385615396
ORCL,2011-03-16,0.0,8.274495485238731e-06,0.0,2.7581651617462435e-06,7.722783078381004e-06
ORCL,2011-03-17,0.4750210642814636,0.0034305618537473492,0.9917499423027039,0.49006718947930494,0.05298425888804341
ORCL,2011-03-21,0.0,0.00035471234514261596,0.49908435344696045,0.1664796885973677,0.017822479855658647
ORCL,2011-03-22,0.0,0.0005293539725244045,0.0,0.0001764513241748015,0.0004940586297712249
ORCL,2011-03-24,0.32627375636781963,0.0028608969042969484,0.23232569013323104,0.18715344780178256,0.02113225741607127
ORCL,2011-03-25,0.2051630370757159,0.0012174264444611788,0.41598811920951395,0.20745619424323034,0.02220454718123131
ORCL,2011-03-28,0.0,0.14882950601167977,0.0,0.04960983533722659,0.13890611018529553
ORCL,2011-03-29,0.0,0.030244100256823003,0.9987599849700928,0.3430013617423053,0.06323109668747111
ORCL,2011-04-01,0.9334847927093506,0.0003025124824489467,0.0,0.3112624350639332,0.029807757705384727
ORCL,2011-04-05,-0.17652618885040283,-0.0015089203940685063,-0.014177064100901285,-0.06407072444845753,-0.0074885644037884875
ORCL,2011-04-06,0.0,0.007202163164038211,0.0,0.0024007210546794036,0.006721950028104216
ORCL,2011-04-08,0.0,0.010576686123386025,0.0,0.003525562041128675,0.009871472039189297
ORCL,2011-04-11,0.9282922744750977,0.0022370607184711844,0.9996209144592285,0.6433834165509325,0.06648281453581213
ORCL,2011-04-13,0.0,0.0003705981716848328,0.0,0.00012353272389494427,0.0003458880659377359
ORCL,2011-04-15,0.0,5.717482417821884e-05,0.0,1.905827472607295e-05,5.336262077375684e-05
ORCL,2011-04-19,0.0,0.00013952724839327857,0.0,4.6509082797759525e-05,0.0001302241001856355
ORCL,2011-04-20,0.31996282935142517,0.0009820825143833645,0.0,0.10698163728860284,0.011036782461549106
ORCL,2011-04-25,0.010789096355438232,0.0001451852752325067,0.39891297817230226,0.13661575326765765,0.014457465776588043
ORCL,2011-04-26,0.12062697751181466,0.0003881748893945769,0.28548864807401386,0.13550126682507438,0.014183158038059848
ORCL,2011-04-27,0.0,2.6417398203193443e-05,0.0,8.805799401064482e-06,2.465598448515846e-05
ORCL,2011-04-28,0.0,3.442727279434621e-05,0.0,1.1475757598115402e-05,3.213179208630634e-05
ORCL,2011-04-29,0.0,0.0005102347968204413,0.0,0.00017007826560681374,0.0004762142457893993
ORCL,2011-05-02,0.0,0.0012068373315135734,0.0,0.0004022791105045245,0.0011263699607734633
ORCL,2011-05-04,0.0,0.00011588230245251907,0.0,3.862743415083969e-05,0.00010815570145505163
ORCL,2011-05-06,0.0,-1.4345054296427406e-05,0.0,-4.781684765475802e-06,-1.3388579735953535e-05
ORCL,2011-05-13,0.0,0.0005949412661720999,0.0,0.00019831375539069995,0.0005552728012276217
ORCL,2011-05-15,0.0,0.0015679904354328755,0.0,0.0005226634784776252,0.0014634426679630984
ORCL,2011-05-16,0.0,0.00041256326949223876,0.0,0.00013752108983074626,0.00038505509394259804
ORCL,2011-05-17,-0.20341114203135172,5.2389369860369093e-05,0.0,-0.06778625088716378,-0.006384843979148178
ORCL,2011-05-18,0.2792900800704956,-0.006480502318784905,0.3331879178682963,0.20199916520666902,0.014462569192878217
ORCL,2011-05-22,0.0,0.0019907929963665083,0.0,0.0006635976654555028,0.0018580544069991673
ORCL,2011-05-23,0.0,-7.382535841315985e-06,-0.9391592741012573,-0.3130555522123662,-0.032921622457604015
ORCL,2011-05-27,0.0,2.2312076907837763e-05,0.0,7.437358969279255e-06,2.0824391081580676e-05
ORCL,2011-05-30,0.0,0.09992298705037683,0.0,0.03330766235012561,0.09326049398765426
ORCL,2011-06-02,0.0,0.0005929662805404708,0.2915496230125427,0.09738086309769439,0.0107713744406349
ORCL,2011-06-03,0.0,-0.006149057480797637,0.0,-0.0020496858269325458,-0.005739061159758426
ORCL,2011-06-06,0.0,6.47992710582912e-05,0.0,2.15997570194304e-05,6.047869805635128e-05
ORCL,2011-06-09,0.0,0.004561688401736319,0.0,0.001520562800578773,0.004257531974193765
ORCL,2011-06-13,0.0,-3.3690952477627434e-05,0.0,-1.1230317492542477e-05,-3.144456409520807e-05
ORCL,2011-06-15,0.9516177177429199,-0.0004035444580949843,0.9933968782424927,0.6482036838424392,0.06453790711282889
ORCL,2011-06-16,0.0,0.0040483126940671355,-0.49756520986557007,-0.16450563239050098,-0.013659790749105423
ORCL,2011-06-17,-0.043564572930336,0.005124024878568889,0.0,-0.012813516017255703,0.003404459841216885
ORCL,2011-06-19,0.0,0.012197322241263464,0.7374019622802734,0.24986642817384563,0.037227790377640235
ORCL,2011-06-20,0.003582864999771118,0.004585964408761356,0.24940794706344604,0.0858589254906595,0.013134517798135579
ORCL,2011-06-21,0.0,0.0009216403741447721,0.0,0.00030721345804825734,0.0008601888381473094
ORCL,2011-06-22,0.17516577243804932,0.001778513675769015,0.0,0.058981428704606105,0.007200289478215327
ORCL,2011-06-23,-0.25477018526622225,0.0061327850770404825,-0.07234527383531843,-0.1069942246748334,-0.0048697997628581
ORCL,2011-06-24,-0.029263087681361606,0.0009571204198956755,-9.982926504952567e-05,-0.009468598842171818,-3.576476850298515e-05
ORCL,2011-06-27,0.8476985096931458,0.0027801109245046973,0.998050332069397,0.6161763175623491,0.06438549236171694
ORCL,2011-06-28,0.0,-0.000120855347631732,0.0,-4.0285115877244e-05,-0.00011279716173534708
ORCL,2011-06-29,-0.25736257433891296,-0.00014909649780747714,0.0,-0.08583722361224015,-0.008279338223122611
ORCL,2011-07-01,-0.3303123712539673,0.008394530334044248,0.0,-0.10730594697330768,-0.0026127154638143236
ORCL,2011-07-07,0.0,-5.053075074101798e-05,-0.281837522983551,-0.09396268457809735,-0.009924726343599978
ORCL,2011-07-15,0.0,9.608527761884034e-05,0.0,3.202842587294678e-05,8.967867072984595e-05
ORCL,2011-07-18,0.0,-0.0007307048363145441,0.0,-0.00024356827877151468,-0.0006819841983128329
ORCL,2011-07-19,0.28804102540016174,0.0011751924794225488,0.49655407667160034,0.26192343151706154,0.027610093901659066
ORCL,2011-07-21,0.0,-4.1386175325897057e-05,0.0,-1.3795391775299018e-05,-3.862669911804242e-05
ORCL,2011-07-27,0.5190016031265259,0.002938435151008889,0.0,0.17398001275917827,0.019158138175642766
ORCL,2011-07-28,-0.3017939627170563,0.0004666300301323645,0.0,-0.10044244422897464,-0.009109997131860071
ORCL,2011-08-01,-0.45584383606910706,-0.000176932655449491,0.0,-0.15200692290818552,-0.014583130071617528
ORCL,2011-08-02,0.0,0.008206079481169581,0.0,0.002735359827056527,0.007658929014848346
ORCL,2011-08-04,-0.8645158410072327,0.04680839035427198,0.0,-0.27256915021765354,0.016343403326275985
ORCL,2011-08-16,0.2968697249889374,-0.00017114973411480605,0.0,0.09889952508494086,0.009230026013582278
ORCL,2011-08-17,0.0,0.000492954277433455,0.0,0.00016431809247781834,0.0004600859301899521
ORCL,2011-08-18,0.0,0.00014299550093710423,0.0,4.7665166979034744e-05,0.00013346109583257837
ORCL,2011-08-19,0.0,0.0004667529137805104,0.0,0.00015558430459350348,0.00043563157545491784
ORCL,2011-08-24,-0.1574474424123764,0.0025670658324088436,0.0,-0.05162679219332252,-0.0025840395948725525
ORCL,2011-08-25,0.0,-0.00022254273426369764,0.0,-7.418091142123255e-05,-0.0002077044138049243
ORCL,2011-08-26,0.0,-0.0005198435028432868,0.0,-0.00017328116761442894,-0.0004851822622605114
ORCL,2011-08-30,-0.40464937686920166,-0.00021096802720421692,0.0,-0.13495344829880196,-0.01299565418387495
ORCL,2011-08-31,0.0,0.003694455706863664,0.0,0.0012314852356212214,0.0034481231249717296
ORCL,2011-09-01,0.0,0.00016926982425502501,0.0,5.6423274751675e-05,0.00015798354895045773
ORCL,2011-09-06,-0.8856339454650879,0.0001015064353850903,0.0,-0.2951774796765676,-0.027917191265960803
ORCL,2011-09-07,0.0,-0.00020980781846446916,0.0,-6.993593948815639e-05,-0.0001958186247403977
ORCL,2011-09-08,0.0,0.018895587971201167,0.0,0.006298529323733722,0.017635701635041294
ORCL,2011-09-11,0.0,0.0004795078421011567,0.0,0.00015983594736705223,0.00044753605286703015
ORCL,2011-09-12,0.5168197751045227,0.00020508500165306032,0.9994946718215942,0.50550651064259,0.051567335940861304
ORCL,2011-09-13,-0.12855290174484252,0.0015077113046572776,0.14713155031204223,0.006695453290618991,0.002497674081544184
ORCL,2011-09-14,0.0,0.0022916807211004198,0.0,0.0007638935737001399,0.002138880077349008
ORCL,2011-09-16,0.0,2.9539718525484204e-05,0.0,9.846572841828069e-06,2.7570120592333057e-05
ORCL,2011-09-18,0.0,0.001012764812912792,0.0,0.00033758827097093064,0.0009452374979260857
ORCL,2011-09-19,0.5716610550880432,2.5276186534028966e-05,0.9974161386489868,0.523034156641188,0.053061257783655294
ORCL,2011-09-20,0.15368056297302246,0.0024977611571037933,0.20489425318581717,0.12035752577198115,0.014372952109564732
ORCL,2011-09-21,0.10904100963047572,0.01100979184879439,0.333354720047542,0.1511351738422707,0.025407673256311106
ORCL,2011-09-22,0.0,0.0001018778420984745,0.0,3.39592806994915e-05,9.508500867800896e-05
ORCL,2011-09-23,0.0,-2.608806653370266e-05,0.0,-8.696022177900886e-06,-2.4348611419470576e-05
ORCL,2011-09-26,-0.27219831943511963,-7.278948851308087e-05,-0.4945128858089447,-0.25559466491085914,-0.026008564545985137
ORCL,2011-09-27,0.0,0.00037892731052124873,0.0,0.0001263091035070829,0.000353661848104187
ORCL,2011-09-28,0.0,0.00021714613831136376,0.0,7.238204610378791e-05,0.00020266764607925795
ORCL,2011-09-29,0.0,-8.872342004906386e-05,0.0,-2.9574473349687953e-05,-8.280767428459494e-05
ORCL,2011-09-30,0.0,-0.002632087212987244,0.0,-0.0008773624043290814,-0.002456589374722967
ORCL,2011-10-04,0.0,-0.0010207676095888019,0.0,-0.00034025586986293394,-0.0009527066437289119
ORCL,2011-10-05,-0.24039862553278604,0.00318159405408854,0.0,-0.0790723438262325,-0.004634169081381027
ORCL,2011-10-06,0.034623844282967706,0.002677277470086535,0.28547355958393644,0.10759156044566355,0.013598889340620481
ORCL,2011-10-07,0.0,-0.00017588780917776603,0.0,-5.862926972592201e-05,-0.00016416026513390997
ORCL,2011-10-10,0.0,0.0013906725580454804,0.0,0.0004635575193484935,0.0012979476799580836
ORCL,2011-10-12,0.0,-0.0001752563111949712,0.0,-5.841877039832374e-05,-0.0001635708759392657
ORCL,2011-10-13,0.5761890411376953,0.029042768612271175,0.0,0.20174393658332215,0.04533072813999369
ORCL,2011-10-18,0.0,-0.00023085481916496065,0.0,-7.695160638832022e-05,-0.0002154622782799724
ORCL,2011-10-20,0.0,0.0001818938399082981,0.0,6.0631279969432704e-05,0.00016976584585756913
ORCL,2011-10-24,0.09054834395647049,-0.0002863021732082416,0.12486115843057632,0.07170773340461285,0.006972774075548687
ORCL,2011-10-25,0.30611350138982135,-0.0022376485468763954,0.3331448435783386,0.21234023214042785,0.019269421020209496
ORCL,2011-10-27,0.0,-7.921704673208296e-05,0.0,-2.6405682244027655e-05,-7.393515038025267e-05
ORCL,2011-11-08,0.0,0.0003572319546947256,0.7834039926528931,0.2612537415358626,0.02778938703036789
ORCL,2011-11-16,0.0,-0.00027078442508354783,0.0,-9.026147502784927e-05,-0.0002527295325322203
ORCL,2011-11-17,0.8918168246746063,0.014220315119018778,0.9992437660694122,0.6350936352876791,0.07650016136919816
ORCL,2011-11-21,-0.485579252243042,-0.0003016080390807474,-0.4992483854293823,-0.3283764152371684,-0.033137168445456576
ORCL,2011-11-25,-0.9645792245864868,0.00010207820378127508,-0.9969130754470825,-0.6537967406099293,-0.06535246757457851
ORCL,2011-11-29,-0.44302985072135925,4.236309905536473e-06,0.4888978898525238,0.015290758480356695,0.0031256691023881897
ORCL,2011-12-01,-0.2411782592535019,0.0002931291783170309,0.49932536482810974,0.08614674491764163,0.010145164246218741
ORCL,2011-12-05,0.3112841248512268,0.0379672710550949,0.4997549057006836,0.28300210053566843,0.06279635634238846
ORCL,2011-12-06,0.35605257749557495,0.004591586543483572,0.4860557019710541,0.28223328867003755,0.03258191258227573
ORCL,2011-12-08,0.3960287968317668,0.011951096197662991,0.8761358658472697,0.4280385862922331,0.05438628228093988
ORCL,2011-12-15,0.0,-0.00014312771844515737,0.49957579374313354,0.1664775553415628,0.017375057431329888
ORCL,2011-12-16,0.28293377161026,3.966748226957861e-05,0.4745321273803711,0.2525018554909669,0.02561693919198155
ORCL,2011-12-18,0.0,5.17534208483994e-05,0.0,1.72511402827998e-05,4.830269633832765e-05
ORCL,2011-12-19,-0.4192381501197815,-0.000202064144104952,0.4991961419582367,0.026585309231450083,0.004046560458863705
ORCL,2011-12-20,-0.12552252411842346,0.09245867956834951,-0.040981845422224564,-0.02468189665743284,0.08088740770897705
ORCL,2011-12-21,-0.4340491771697998,0.029198538058153645,-0.09906277656555176,-0.16797113855906598,0.010051187729571505
ORCL,2011-12-22,0.13891676664352418,-0.00030711828246694496,0.39613674879074096,0.1782487990505994,0.017990603192374294
ORCL,2011-12-27,0.0,0.007414183230139315,0.0,0.0024713944100464382,0.006919833117660327
ORCL,2011-12-29,-0.869116485118866,0.0011648998734017368,0.0,-0.2893171950818214,-0.026402266155890166
ORCL,2011-12-30,-0.8373536467552185,-9.199053602060303e-05,0.0,-0.27914854576374637,-0.026570717370815847
ORCL,2012-01-05,0.0,0.029782094061374664,0.0,0.009927364687124888,0.027796335434135507
ORCL,2012-01-09,-0.47072380781173706,0.006826095831153604,-0.33233414093653363,-0.265410617639039,-0.02016499994724365
ORCL,2012-01-10,-0.9360775947570801,7.340853335335851e-05,0.0,-0.3120013954079089,-0.02953891005114896
ORCL,2012-01-11,0.919991135597229,0.0003647141929832287,0.9996500015258789,0.640001950438697,0.06447376967612617
ORCL,2012-01-12,0.0,-0.00016946438699960709,0.0,-5.6488128999869026e-05,-0.0001581651355836127
ORCL,2012-01-17,0.4709912836551666,-6.388581095961854e-05,0.49069517850875854,0.32054085878432187,0.03203487359178644
ORCL,2012-01-20,0.0,0.0006844454510428477,0.0,0.00022814848368094923,0.0006388091716699327
ORCL,2012-01-24,0.0,-0.00010612431651679799,0.9994851350784302,0.3331263369206378,0.0349299253644942
ORCL,2012-01-30,0.0,-4.248013283358887e-07,0.0,-1.4160044277862957e-07,-3.9647716480100565e-07
ORCL,2012-01-31,-0.14395974576473236,0.0005745778953496483,0.0,-0.047795055956460906,-0.004017070328095409
ORCL,2012-02-03,0.0,-0.0001594148598087486,0.0,-5.3138286602916196e-05,-0.00014878567666935948
ORCL,2012-02-06,0.0,-0.0005943709256825969,0.0,-0.00019812364189419895,-0.0005547405092809791
ORCL,2012-02-07,0.19198191165924072,-6.52790234501784e-05,0.3329683144887288,0.17496164904150646,0.017680862637717388
ORCL,2012-02-08,0.0,-4.504101525526494e-05,0.0,-1.5013671751754979e-05,-4.2037848841297054e-05
ORCL,2012-02-09,0.1984933540225029,0.0003727834601647828,0.24986985325813293,0.14957866358026686,0.015383315337522347
ORCL,2012-02-13,0.0,0.0015348963643191382,0.0,0.0005116321214397127,0.0014325551755312263
ORCL,2012-02-14,0.0,0.00018392613128526136,0.971339225769043,0.32384105063344276,0.034214206144701276
ORCL,2012-02-15,0.2723485827445984,0.0074931036530567026,0.0,0.0932805621325517,0.01560767071855231
ORCL,2012-02-16,0.0,0.000327878151438199,0.0,0.00010929271714606632,0.00030601647636357325
ORCL,2012-03-01,0.0,7.784674380673096e-05,0.0,2.594891460224365e-05,7.265621412812188e-05
ORCL,2012-03-04,0.6140502691268921,0.000703975762007758,0.962312638759613,0.5256889612161709,0.05380516991204211
ORCL,2012-03-05,0.0,0.00014576149260392413,0.0,4.858716420130804e-05,0.000136042668312521
ORCL,2012-03-11,0.0,-0.0007255279924720526,0.0,-0.00024184266415735087,-0.0006771524998896353
ORCL,2012-03-12,-0.4537991484006246,0.005023340874079925,-0.33240288496017456,-0.2603928974955731,-0.021314649839371574
ORCL,2012-03-14,0.0,7.670246122870594e-05,0.0,2.5567487076235313e-05,7.158822803202422e-05
ORCL,2012-03-15,0.0,0.0036324929642432835,0.41302689909935,0.13888646402119775,0.017865653061273107
ORCL,2012-03-18,0.0,0.0001421214547008276,0.0,4.73738182336092e-05,0.00013264532772982437
ORCL,2012-03-20,0.12122831741968791,-3.7279939735728676e-06,0.17312085628509521,0.09811514857026986,0.009898249980903967
ORCL,2012-03-21,0.2103899982240465,0.0010334950618723976,0.31587913301255965,0.17576754209949286,0.018689683408962408
ORCL,2012-03-25,0.0,3.963958079111762e-06,0.0,1.3213193597039208e-06,3.6996561822273763e-06
ORCL,2012-03-28,-0.22382313013076782,0.0005254533425613772,0.0,-0.07443255892940215,-0.006588937661273751
ORCL,2012-03-29,0.0,6.478389877884183e-06,0.0,2.159463292628061e-06,6.046435074299309e-06
ORCL,2012-03-30,-0.9705989360809326,0.00438074435442104,-0.9984825253486633,-0.6549002390250583,-0.06160449026923743
ORCL,2012-04-02,-0.6188290119171143,0.00415295793027326,-0.4955219626426697,-0.3700660055431702,-0.03306360516185302
ORCL,2012-04-03,0.0,0.00741418037796393,0.0,0.0024713934593213103,0.00691983050998392
ORCL,2012-04-10,0.0,0.0022479738108813763,0.0,0.0007493246036271254,0.0020980873260839626
ORCL,2012-04-11,0.0,-0.00012542893091449514,0.0,-4.180964363816505e-05,-0.00011706579219763673
ORCL,2012-04-12,0.0,-0.0008155214891303331,0.0,-0.0002718404963767777,-0.0007611455396627768
ORCL,2012-04-16,0.0,0.003233265912058414,0.0,0.0010777553040194714,0.00301768375920332
ORCL,2012-04-17,-0.1844538688659668,0.00083650326832867,0.30277074575424195,0.03971779338553461,0.005557803702660899
ORCL,2012-04-19,0.0,0.0022445175782195292,0.0,0.0007481725260731764,0.002094861630368118
ORCL,2012-04-24,0.10050737857818604,0.0655853830818766,0.16654172539710999,0.11087816235239088,0.07022815731835041
ORCL,2012-04-25,0.0,0.01063107544405284,0.0,0.00354369181468428,0.009922234806584964
ORCL,2012-04-26,0.9282569289207458,0.014377699219039641,0.9994804263114929,0.6473716848170928,0.07780791896355892
ORCL,2012-04-27,-0.7770333886146545,0.00050939861102961,0.0,-0.2588413300012083,-0.024101542584477824
ORCL,2012-04-29,0.0,1.9976807379862294e-05,0.9885280132293701,0.3295159966789167,0.03466360408840997
ORCL,2012-04-30,0.14506807923316956,0.002324961387178822,0.16446857651074728,0.1039538723770319,0.012522467911551122
ORCL,2012-05-03,0.0,0.004868588701356202,0.0,0.0016228629004520674,0.004543969581478508
ORCL,2012-05-04,0.24945171674092612,0.0007995067135198042,0.0,0.08341707448481532,0.008636166956681745
ORCL,2012-05-07,-0.46707398550851004,0.0015056191436997324,0.0,-0.15518945545493676,-0.013367965357394849
ORCL,2012-05-09,0.0,0.003869914056849666,0.0,0.001289971352283222,0.003611882595674495
ORCL,2012-05-11,-0.8989378809928894,0.0009599375698599033,0.9332787394523621,0.01176693200977752,0.005171846471864051
ORCL,2012-05-15,-0.9571046829223633,-8.413757313974202e-05,-0.9970499277114868,-0.6514129160689967,-0.06529464936649244
ORCL,2012-05-17,0.0,1.0998745892720763e-05,0.0,3.666248630906921e-06,1.0265390659194468e-05
ORCL,2012-05-18,0.0,0.026423647708725184,0.0,0.008807882569575062,0.024661817993098096
ORCL,2012-05-21,0.0,3.926589124603197e-05,0.0,1.308863041534399e-05,3.664778849820781e-05
ORCL,2012-05-22,0.0,-6.914054392836988e-05,0.0,-2.3046847976123292e-05,-6.453051109069133e-05
ORCL,2012-05-23,-0.14020433028539023,7.693638599448605e-05,0.0,-0.04670913129979858,-0.004362749862505855
ORCL,2012-05-29,0.0,-5.262496415525675e-06,0.0,-1.7541654718418915e-06,-4.911612839763343e-06
ORCL,2012-05-30,0.0,0.0023513942724093795,0.0,0.0007837980908031265,0.002194612206751542
ORCL,2012-05-31,0.32349356412887575,0.0004345776058471529,0.5934496045112609,0.3057925820819946,0.03143609640506104
ORCL,2012-06-01,0.0,-0.002287226729094982,0.0,-0.0007624089096983274,-0.0021347230065430186
ORCL,2012-06-04,0.0,0.0004111776488571195,0.0,0.0001370592162857065,0.00038376184942434693
ORCL,2012-06-05,0.0,0.006022601737640798,0.3206925690174103,0.10890505691835035,0.016860355590327204
ORCL,2012-06-10,0.0,0.00016659725224599242,0.0,5.5532417415330805e-05,0.00015548917065038459
ORCL,2012-06-11,-0.8387397527694702,-0.007293210924672167,-0.4692564606666565,-0.4384298081202663,-0.049781668427026644
ORCL,2012-06-12,0.9297924637794495,0.0005687641823897138,0.9923436045646667,0.6409016108421687,0.06471815551418511
ORCL,2012-06-14,0.11346663037935893,0.000177397016765705,0.3329756458600362,0.14887322441872028,0.015424236046064216
ORCL,2012-06-15,-0.5180422067642212,0.006642468796902297,0.24190817276636759,-0.08983052173365043,-0.001707547806693516
ORCL,2012-06-18,0.13312602468899318,0.0015356133569314676,0.6934692178453717,0.27604361863043214,0.029947927963477058
ORCL,2012-06-19,0.4139945089817047,0.016894634153641164,0.49736450910568236,0.30941788408034276,0.04629363971147266
ORCL,2012-06-20,0.3016916513442993,0.0032791158600957715,0.011879563331604004,0.10561677684533304,0.013019097863229395
ORCL,2012-06-21,0.0,4.612616976373829e-05,0.0,1.5375389921246096e-05,4.3050649306342576e-05
ORCL,2012-06-27,0.9246890544891357,0.0011163566668983549,0.9996218681335449,0.6418090930965263,0.06532290109349029
ORCL,2012-06-29,0.45305444300174713,0.007130863010388566,0.499140664935112,0.31977532364908257,0.03847856410934821
ORCL,2012-07-05,-0.910358726978302,0.00016775360563769937,-0.9967194199562073,-0.6356367977762906,-0.06356943092470242
ORCL,2012-07-06,0.18966933091481528,0.004119230433085856,0.3333536585172017,0.1757140732883676,0.0215267244879565
ORCL,2012-07-10,0.0,0.00021789293289960673,0.0,7.263097763320224e-05,0.00020336464267064767
ORCL,2012-07-11,-0.9704738259315491,0.0709609689656645,-0.997016429901123,-0.6321764289556692,0.0005917531569751813
ORCL,2012-07-12,0.9126918315887451,0.002849170850822702,0.996573805809021,0.6373716027495296,0.06645388921187614
ORCL,2012-07-19,0.7876201272010803,0.0010770846565719694,0.9994916915893555,0.5960629678156693,0.060946299139064075
ORCL,2012-07-20,0.0,0.0004766144702443853,0.0,0.00015887149008146176,0.0004448355866408916
ORCL,2012-07-26,0.0,-5.6553573813289404e-05,0.0,-1.8851191271096468e-05,-5.278279305927273e-05
ORCL,2012-07-30,0.0,0.0064332698721045745,0.0,0.002144423290701525,0.006004323565390329
ORCL,2012-08-01,-0.517013152440389,0.010578153684339972,-0.33239173889160156,-0.2796089125492169,-0.01812923042718756
ORCL,2012-08-06,0.9242043495178223,0.0001908998965518549,0.9901275634765625,0.6381742709636455,0.0641110723731784
ORCL,2012-08-07,0.0,-0.0007851140981074423,0.0,-0.0002617046993691474,-0.0007327656540560857
ORCL,2012-08-08,0.0,-4.999517841497436e-06,0.0,-1.6665059471658121e-06,-4.666168693337121e-06
ORCL,2012-08-09,0.0,0.004266745767381508,0.0,0.0014222485891271692,0.003982255221932316
ORCL,2012-08-16,-0.7914731502532959,-0.0002967526997963432,0.0,-0.26392330098436406,-0.02531066146819866
ORCL,2012-08-17,0.0,-8.024116777960444e-05,0.0,-2.6747055926534813e-05,-7.4890986018364e-05
ORCL,2012-08-20,0.0,-2.0349748410808388e-05,0.0,-6.783249470269463e-06,-1.8992902459470886e-05
ORCL,2012-08-21,-0.07119951645533244,4.158841329626739e-05,0.0,-0.023719309347345393,-0.002213171143590283
ORCL,2012-08-22,-0.6670339107513428,-2.2341882868204266e-06,-0.9525041580200195,-0.5398467676532164,-0.0544822921892846
ORCL,2012-08-23,0.26353593667348224,0.005444209054985549,0.33310699462890625,0.20069571345245799,0.025091058500188005
ORCL,2012-08-29,0.79506516456604,0.00692587073717732,0.0,0.26733034510107245,0.031611387334535855
ORCL,2012-08-31,0.0,0.0018138869781978428,0.0,0.0006046289927326143,0.00169294372530468
ORCL,2012-09-04,0.0,0.00993097061291337,0.0,0.00331032353763779,0.00926881020624456
ORCL,2012-09-05,0.0,0.0014150335155136418,0.0,0.00047167783850454725,0.001320684336512985
ORCL,2012-09-09,0.0,3.04698187392205e-06,0.0,1.0156606246406834e-06,2.8438205203008747e-06
ORCL,2012-09-10,0.0,-0.00014525637379847467,0.0,-4.841879126615822e-05,-0.00013557122214871578
ORCL,2012-09-11,0.0,-5.318148760125041e-05,0.0,-1.7727162533750136e-05,-4.963554494201482e-05
ORCL,2012-09-14,0.0,-6.688645225949585e-05,0.0,-2.2295484086498618e-05,-6.242671382250083e-05
ORCL,2012-09-15,0.0,4.910427378490567e-05,0.0,1.6368091261635225e-05,4.583018449146164e-05
ORCL,2012-09-17,0.3076176842053731,-0.06078315271103444,0.3330727815628052,0.19330243768571462,-0.03532743629889962
ORCL,2012-09-18,-0.9699862599372864,0.0013831908872816712,0.9990589022636414,0.010151944404545551,0.005625071059056893
ORCL,2012-09-19,0.8091561794281006,0.00241321944486117,0.9651508927345276,0.5922400972024965,0.06167097190600405
ORCL,2012-09-20,0.13131641622247367,0.002243587353875447,0.29673274221091434,0.14343091526242116,0.016647030306757075
ORCL,2012-09-21,0.7245134661595026,-0.022605737335121983,0.6442885448535284,0.44873209122596974,0.024397731825932852
ORCL,2012-09-24,0.0,0.000602538522798568,0.0,0.00020084617426618934,0.0005623635079918366
ORCL,2012-09-26,-0.2745696008205414,0.0037299147370504215,0.3615089952945709,0.030223103070359986,0.007466602232651475
ORCL,2012-09-30,0.0,2.291420241817832e-05,0.0,7.638067472726107e-06,2.1386369115240263e-05
ORCL,2012-10-01,-0.058513373136520386,-0.00038315899587360036,-0.0033962279558181763,-0.02076425336273739,-0.00232737264360603
ORCL,2012-10-02,0.2198987669414944,0.00029752557475148933,0.312601023250156,0.1775991052554673,0.01818865258305419
ORCL,2012-10-03,0.0,-0.000158924245624803,0.0,-5.2974748541601e-05,-0.00014832777140856514
ORCL,2012-10-04,0.18034963607788085,0.00029075973379804053,0.19945335388183594,0.12669791656450494,0.01296594030960022
ORCL,2012-10-06,0.0,-0.0003006709121109452,0.0,-0.00010022363737031507,-0.000280623303795315
ORCL,2012-10-08,0.0,0.002160364669180126,0.9242302775382996,0.30879688073582656,0.034407835068372125
ORCL,2012-10-15,-0.9742243885993958,0.22277114307507873,-0.9975489974021912,-0.5830007476421694,0.14214249581006097
ORCL,2012-10-22,0.0,-0.0042431349866092205,0.0,-0.0014143783288697402,-0.003960218617839594
ORCL,2012-10-25,0.0,0.003952579656470334,0.0,0.001317526552156778,0.0036890363521503594
ORCL,2012-10-26,0.0,0.003952579656470334,0.0,0.001317526552156778,0.0036890363521503594
ORCL,2012-11-05,0.0,0.0004411579720908776,0.0,0.00014705265736362586,0.00041174319515345384
ORCL,2012-11-08,0.0,-0.0008909096250135917,0.0,-0.0002969698750045306,-0.000831507113996472
ORCL,2012-11-13,0.0,0.007430697398376651,0.0,0.002476899132792217,0.006935246223678478
ORCL,2012-11-28,0.3541797399520874,0.0010329326814826345,0.4893769919872284,0.2815298882069328,0.02931770131961954
ORCL,2012-12-03,0.5064945220947266,-0.00012699933904514182,0.9966570138931274,0.5010081788829363,0.05083136237708626
ORCL,2012-12-04,0.3042019804318746,2.5487000433107216e-05,0.33295174439748126,0.21239307060992965,0.021314431924290434
ORCL,2012-12-06,0.887097179889679,-0.00010014203144237399,0.0,0.29566567928607884,0.027964745689326574
ORCL,2012-12-07,0.17563778162002563,0.0011172113241627812,0.20031561851501464,0.12569020381973436,0.013618474914559966
ORCL,2012-12-13,0.0,0.00015220129353110678,0.0,5.073376451036893e-05,0.00014205307721676735
ORCL,2012-12-14,-0.4572812020778656,0.0009142858516497654,0.0,-0.1521223054087386,-0.013610132739835587
ORCL,2012-12-16,0.46010884642601013,0.0020637930429074913,0.49957239627838135,0.32058167858243297,0.03398760364133279
ORCL,2012-12-17,0.21365296840667725,-1.587783405436009e-05,0.6607673168182373,0.2914681357969534,0.029900786270719362
ORCL,2012-12-18,0.29702102243900297,0.00020658186804212164,0.21146129965782165,0.16956296798828893,0.016998445815396255
ORCL,2012-12-19,0.3116349759309188,3.7619397754378554e-05,0.6494647212650465,0.3203791055312399,0.03265369132961098
ORCL,2012-12-20,0.16471967697143555,1.8707193157752043e-05,-0.19960592985153197,-0.011622515228979557,-0.0017681744862262608
ORCL,2012-12-21,0.0,-7.100601214915514e-05,0.0,-2.3668670716385048e-05,-6.627159686860233e-05
ORCL,2012-12-27,0.8960435390472412,4.809270376426866e-05,0.999221920967102,0.6317711842393692,0.06340581207774221
ORCL,2012-12-31,-0.36942464113235474,-0.0016226556617766619,-0.49033722281455994,-0.28712817320289713,-0.03038394167920087
ORCL,2013-01-03,-0.7196629047393799,0.032900033169426024,0.0,-0.22892095718998462,0.007943989053639782
ORCL,2013-01-04,0.2926248113314311,0.000242250471880349,0.6658931970596313,0.31958675295431427,0.032819169519658464
ORCL,2013-01-07,0.8829790949821472,0.0009384810109622777,0.9887771010398865,0.6242315590109987,0.0634575543766383
ORCL,2013-01-10,0.008634328842163086,0.0004763881230852955,0.33319733540217084,0.11410268412247308,0.012395294332940517
ORCL,2013-01-11,0.3972780108451843,-0.00022644899217993952,0.9993350207805634,0.46546219421118923,0.047377965485400804
ORCL,2013-01-20,0.0,-0.00011203996473341249,0.0,-3.73466549111375e-05,-0.00010456956238413604
ORCL,2013-01-25,0.7780000567436218,0.00021131527319084853,-0.996483564376831,-0.07275739745333946,-0.010119000636216033
ORCL,2013-01-28,0.35670745372772217,0.00028730060330417473,0.9947349727153778,0.4505765756821347,0.04641302628531134
ORCL,2013-02-01,0.4686395078897476,0.002231828034382488,0.4997666925191879,0.323546009481106,0.03442106241922683
ORCL,2013-02-04,-0.11112195750077565,0.0010728579001882583,0.08314349750677745,-0.008968534031269982,0.0004005520412014698
ORCL,2013-02-07,0.0,0.00023685492487857118,0.0,7.89516416261904e-05,0.00022106231769126604
ORCL,2013-02-13,0.0,0.0003138995102744957,0.3323465784390767,0.11088682598311707,0.011940726791559601
ORCL,2013-02-14,0.0,-0.00010781899618450552,0.0,-3.5939665394835174e-05,-0.00010063002883343789
ORCL,2013-02-15,0.0,0.00025491893757134676,0.0,8.497297919044892e-05,0.0002379218963798928
ORCL,2013-02-19,-0.29784345626831055,0.24333738900895696,0.3315038283665975,0.09233258703574797,0.2293102242456227
ORCL,2013-02-20,-0.9562366604804993,0.00029467465355992317,-0.9977837204933167,-0.651241902106752,-0.06493935727989605
ORCL,2013-02-21,-0.31475403904914856,0.005896844402741408,-0.49857771396636963,-0.26914496953759226,-0.021925428706781252
ORCL,2013-02-27,0.0,0.00015498228549404303,0.0,5.166076183134768e-05,0.00014464865237575134
ORCL,2013-02-28,0.0,0.2726385905989446,0.0,0.09087953019964819,0.25446006786869363
ORCL,2013-03-10,0.0,0.0010285335592925549,0.0,0.00034284451976418495,0.0009599547889562182
ORCL,2013-03-13,0.6653571277856827,0.001999362825699791,0.7496643364429474,0.4723402756847766,0.049184291965974625
ORCL,2013-03-15,0.0,-0.00015774335042806342,0.0,-5.2581116809354476e-05,-0.00014722560709538936
ORCL,2013-03-17,0.0,0.004613636760041118,0.0,0.001537878920013706,0.004306016936247646
ORCL,2013-03-18,0.631958082318306,0.0029506047549148207,0.7473477721214294,0.46075215306488343,0.04893453455607799
ORCL,2013-03-20,-0.18453066489275763,0.0006452284774775977,-0.05160780163372264,-0.07849774601633422,-0.007043057288746539
ORCL,2013-03-21,-0.19059849778811136,0.008832817469409646,-0.05518234769503275,-0.07898267600457816,0.0002814158473702219
ORCL,2013-03-22,0.0,0.00021424369879241567,0.0,7.141456626413856e-05,0.00019995873206809158
ORCL,2013-03-23,0.6468268632888794,0.02317592012695968,0.0,0.22333426113861302,0.04208927865444291
ORCL,2013-03-24,0.0,0.00045974528075021226,0.0,0.00015324842691673743,0.00042909119706582925
ORCL,2013-03-25,-0.26905895471572877,0.00044800882114941486,0.0,-0.08953698196485978,-0.008091992912733341
ORCL,2013-03-27,-0.9621195793151855,0.0005639502996928059,-0.9821919798851013,-0.6479158696335313,-0.06432766418873688
ORCL,2013-04-03,0.7381591200828552,-1.4596935216104612e-06,0.999017596244812,0.5790584188780485,0.05835863831485692
ORCL,2013-04-04,-0.955270528793335,0.001326796380453743,-0.9970058798789978,-0.6503165374306263,-0.06391823457624136
ORCL,2013-04-08,-0.45554599165916443,0.0002882242806663271,0.0,-0.15175258912616604,-0.014139567457153649
ORCL,2013-04-09,-0.9192354083061218,-0.0011945998412556946,0.0,-0.3068100027157925,-0.030189666739482295
ORCL,2013-04-10,-0.5394646525382996,0.03518478263868019,0.0,-0.1680932899665398,0.015775934763031102
ORCL,2013-04-11,-0.9623002409934998,0.00034658529330044985,0.0,-0.3206512185667331,-0.030113350097051336
ORCL,2013-04-15,0.0,0.001240067882463336,0.0,0.000413355960821112,0.0011573847947365591
ORCL,2013-04-18,-0.9247069954872131,0.00017289623428951018,-0.9980831146240234,-0.640872404625649,-0.06406624946045278
ORCL,2013-04-26,0.0,0.002173324814066291,0.6192430853843689,0.2071388033994784,0.0237310393219142
ORCL,2013-05-02,0.0,0.0001641228336666245,0.0,5.4707611222208165e-05,0.00015317973365051122
ORCL,2013-05-03,0.0,0.002525676194636617,0.0,0.0008418920648788722,0.002357273628380462
ORCL,2013-05-14,0.0,0.5570871279924177,0.0,0.1856957093308059,0.5199426378812149
ORCL,2013-05-15,0.0,-1.4365562795622585e-05,0.0,-4.788520931874195e-06,-1.340772052218676e-05
ORCL,2013-05-20,0.42242246866226196,0.00022896111659065355,0.0,0.14088380992628421,0.01357459697188507
ORCL,2013-05-23,0.0,0.003155186917865649,0.0,0.001051728972621883,0.0029448109381627918
ORCL,2013-05-29,0.0,0.0020578226382591915,0.0,0.0006859408794197305,0.001920614737074247
ORCL,2013-06-04,0.43381258845329285,-0.00018390114564681426,0.0,0.14454289576921533,0.013549523674982166
ORCL,2013-06-06,-0.6176263391971588,0.002057321893516928,-0.4984395503997803,-0.37133618923447403,-0.03508372415720162
ORCL,2013-06-10,0.0,0.0006779113318771124,0.0,0.00022597044395903745,0.0006327107401052916
ORCL,2013-06-14,0.0,0.028986667457502335,-0.5991207957267761,-0.19004470942309126,0.006056548181888497
ORCL,2013-06-16,0.0,0.006798113230615854,0.0,0.002266037743538618,0.006344840469848105
ORCL,2013-06-19,0.0,0.000499591247717035,0.0,0.00016653041590567833,0.0004662803568423373
ORCL,2013-06-20,-0.09608237658228193,0.024863157664575346,-0.012242951563426427,-0.027820723493711005,0.019737283556026296
ORCL,2013-06-21,-0.28220175455013913,0.002023931202681221,-0.004794423778851827,-0.09499074904210324,-0.007204875032388788
ORCL,2013-06-22,-0.8610292077064514,0.0007291170113603584,-0.5464566946029663,-0.4689189284326858,-0.04570487593822397
ORCL,2013-06-24,0.0,3.4259155048251465e-05,0.011179884274800619,0.003738047809949624,0.0004237964799554328
ORCL,2013-06-25,0.39590784907341003,-0.0003704438640852459,0.38468655943870544,0.2600746548826767,0.02565863763035342
ORCL,2013-06-26,0.3374866843223572,9.47744629229419e-05,0.0,0.1125271529284267,0.010762902979027511
ORCL,2013-06-27,0.022449833154678345,0.006951202612253837,0.19984134435653686,0.07641412670782301,0.014201637051084754
ORCL,2013-07-01,0.0,0.0009348375260742614,0.0,0.0003116125086914205,0.0008725060346774705
ORCL,2013-07-02,0.4927338163057963,1.969874453304025e-05,0.0,0.16425117168344314,0.015603181689019294
ORCL,2013-07-09,0.22983376681804657,0.0009582586353644729,0.24970810115337372,0.16016670886892825,0.016915357531812628
ORCL,2013-07-10,0.0,0.04978588019730523,0.0,0.016595293399101745,0.046466342362471026
ORCL,2013-07-11,0.26079118251800537,0.00028241130894457456,-0.13504379987716675,0.0420099313165944,0.0037793258783871495
ORCL,2013-07-16,0.17284700274467468,0.003078210071180365,0.0,0.058641737605285016,0.008339986159731241
ORCL,2013-07-30,-0.042947192986806236,0.0030793629897137484,0.006114045778910319,-0.011251261406060723,0.0017299344958174167
ORCL,2013-08-06,0.47330185770988464,2.280932676512748e-05,0.03078964352607727,0.168038103520909,0.016070552276310126
ORCL,2013-08-13,0.0,0.0007035147318674717,0.0,0.00023450491062249057,0.0006566069977625694
ORCL,2013-08-14,0.0,0.025500627384947922,0.5956774353981018,0.2070593542610166,0.04467705871289987
ORCL,2013-08-22,0.0,0.014849868341116235,0.9993823766708374,0.3380774150039845,0.048885107245732314
ORCL,2013-08-23,0.0,-0.0004573784754029475,0.0,-0.0001524594918009825,-0.0004268821963525813
ORCL,2013-08-26,0.0,0.001664713170612231,-0.9969057440757751,-0.331747010301721,-0.03338485744881154
ORCL,2013-08-29,0.6015947063763937,0.0063156451851682505,0.666091243426005,0.424667198329189,0.0482670377256801
ORCL,2013-09-08,0.0,0.032109839958138764,0.0,0.010703279986046255,0.029968877571613768
ORCL,2013-09-12,-0.08163180947303772,2.0357291759864893e-05,0.49954140186309814,0.13930998322727342,0.014944484354519557
ORCL,2013-09-13,0.0,0.07804212988412473,0.0,0.026014043294708245,0.0728385700801436
ORCL,2013-09-15,0.0,0.00014841078427707544,0.0,4.947026142569181e-05,0.0001385153023942186
ORCL,2013-09-16,0.0,0.00039300248317886144,0.0,0.00013100082772628716,0.0003667985341086418
ORCL,2013-09-17,-0.8528077602386475,0.000533954196725972,0.999397873878479,0.04904135594551917,0.00855060527661623
ORCL,2013-09-18,-0.10675567388534546,0.0002607523381609806,-0.0041587816344367135,-0.036884567727207065,-0.003278987511675775
ORCL,2013-09-19,0.1608371615409851,0.0006369065832586785,0.2541232109069824,0.13853242634374208,0.01458785811512611
ORCL,2013-09-20,0.9258787631988525,0.09245669865049422,0.9985746145248413,0.672303358791396,0.150573936969979
ORCL,2013-09-25,0.0,0.0012196129409858258,-0.3882853090763092,-0.12902189871177447,-0.012469948619854582
ORCL,2013-09-30,-0.027086893717447918,0.00343127065571025,-0.6568034291267395,-0.2268196840628257,-0.020673253291514034
ORCL,2013-10-08,0.0,-0.0012605985393747687,0.0,-0.00042019951312492293,-0.0011765465442434035
ORCL,2013-10-09,0.7252407073974609,0.00012671182048507035,0.9986441731452942,0.5746705307877468,0.0580565768755155
ORCL,2013-10-17,-0.7504128217697144,-1.1789936252171174e-05,0.9978982210159302,0.08249120310332121,0.011227365174610726
ORCL,2013-10-23,0.0,-0.00027903748195967637,0.0,-9.30124939865588e-05,-0.00026043230984316393
ORCL,2013-10-30,0.0,0.012495337476138957,0.0,0.004165112492046319,0.011662194720207106
ORCL,2013-10-31,0.0,0.00030606026484747417,0.0,0.00010202008828249139,0.0002856533214419478
ORCL,2013-11-01,0.6189630627632141,0.00012325574789429083,0.0,0.20636210617036946,0.01969236948292182
ORCL,2013-11-07,0.0,0.00025970826391130686,0.0,8.656942130376895e-05,0.00024239188835475952
ORCL,2013-11-11,0.0,0.0015797204832779244,0.0,0.0005265734944259748,0.0014743906713996456
ORCL,2013-11-12,0.0,0.00025838366127572954,0.0,8.612788709190984e-05,0.00024115560526803063
ORCL,2013-11-14,0.0,5.366986897570314e-05,0.0,1.788995632523438e-05,5.009136202443612e-05
ORCL,2013-11-15,0.0,0.007761087283142842,0.0,0.0025870290943809473,0.007243607001132224
ORCL,2013-11-27,-0.7428897023200989,5.2550287364283577e-05,-0.9981221556663513,-0.5803197692330286,-0.05842919645481232
ORCL,2013-12-04,0.7680789232254028,9.305592539021745e-05,0.0,0.2560573263835977,0.024380604788001012
ORCL,2013-12-05,0.537286659081777,0.00042129963003390003,0.0,0.1792359862372703,0.0173871776223923
ORCL,2013-12-09,0.0,0.0003201453419023892,0.0,0.00010671511396746307,0.00029879924296701184
ORCL,2013-12-12,-0.6926937898000082,0.00016902172562064757,-0.8170273900032043,-0.5031840526925306,-0.05038600009388139
ORCL,2013-12-13,0.0,0.0003798446850851178,0.0,0.00012661489502837261,0.00035451806235455024
ORCL,2013-12-15,0.0,0.00018179875405621715,0.0,6.0599584685405716e-05,0.00016967708978818486
ORCL,2013-12-17,0.0,0.012077555409632623,0.0,0.004025851803210874,0.011272268867021793
ORCL,2013-12-18,0.15560405758711007,0.0007165053418877785,-0.022753811799562894,0.04452225037647831,0.004792916646060115
ORCL,2013-12-19,-0.049462987316979304,0.000671566353452767,-0.0003988941510518392,-0.01639677170485946,-0.0009516680414020877
ORCL,2013-12-20,0.30995699763298035,0.0009536011259569932,0.498214989900589,0.2697085295531754,0.028154673028568597
ORCL,2013-12-22,0.0,0.0002032417105510831,0.0,6.774723685036103e-05,0.0001896903135502562
ORCL,2013-12-27,0.0,-1.9646489818114787e-05,0.0,-6.548829939371596e-06,-1.833653536793779e-05
ORCL,2014-01-06,0.0,0.0003374216812517261,0.0,0.00011247389375057537,0.000314923674215144
ORCL,2014-01-07,-0.3970610797405243,0.0006456305418396369,-0.49809741973876953,-0.29817095631248475,-0.029412987672299135
ORCL,2014-01-13,0.0,0.16164923343058035,0.0,0.05388307781019345,0.15087106135174433
ORCL,2014-01-14,0.0,5.502766725840047e-05,0.0,1.8342555752800156e-05,5.13586282455618e-05
ORCL,2014-01-16,-0.7076748013496399,6.534271960845217e-05,-0.9950472116470337,-0.5675522234256883,-0.0571956687603151
ORCL,2014-01-22,-0.2635022044181824,0.00036709501218865623,0.20513443946838378,-0.01933355664586998,-0.0008024061269219752
ORCL,2014-01-23,-0.858941376209259,0.005969508842099458,0.9975716471672058,0.04819992660001541,0.013365732227962567
ORCL,2014-01-27,0.0,0.000676449610182317,0.0,0.00022548320339410566,0.0006313464907315331
ORCL,2014-02-04,0.0,0.0001427345268893987,0.0,4.757817562979957e-05,0.00013321752255815791
ORCL,2014-02-10,0.9459657073020935,0.0038917729980312288,0.9995892643928528,0.6498155815643258,0.06858508479148002
ORCL,2014-02-12,0.0,0.01143252570182085,0.0,0.0038108419006069503,0.010670247653247785
ORCL,2014-02-13,0.0,6.0922418924747035e-05,0.939008891582489,0.3130232713338046,0.03296632204268754
ORCL,2014-02-18,0.8597608804702759,-1.2237980627105571e-05,0.9880510568618774,0.6159332331171754,0.06181040558174729
ORCL,2014-02-21,0.0,0.0005558092962019145,0.0,0.0001852697654006382,0.0005187500114263654
ORCL,2014-02-24,0.17083083391189574,0.00417103383824724,0.1998826265335083,0.12496149809455043,0.016301464515326408
ORCL,2014-02-27,0.0,3.1523088182439096e-05,0.0,1.0507696060813032e-05,2.9421244881973425e-05
ORCL,2014-03-03,-0.0035633742809295654,0.001188366200949531,0.10790729522705078,0.03517742904902358,0.00477825250883529
ORCL,2014-03-13,-0.9406912922859192,0.0010777759016491473,0.0,-0.31320450546142337,-0.028747437948022994
ORCL,2014-03-14,-0.9274035692214966,0.0009722992617753334,-0.6786076426506042,-0.5350129708701085,-0.05220877555050645
ORCL,2014-03-16,0.0,0.0029932099205325358,0.0,0.0009977366401775118,0.0027936339407380398
ORCL,2014-03-18,-0.1051437497138977,0.00033406069101147293,-0.22962988018989564,-0.11147985640426061,-0.011061672571310866
ORCL,2014-03-19,0.2647267363288186,0.005113232228309657,0.2675181518901478,0.17911937348242538,0.022521120644221012
ORCL,2014-03-20,-0.16955889761447906,0.08576253083435859,-0.39242762327194214,-0.15874133001735422,0.0609277685237829
ORCL,2014-03-21,0.0,6.147371823317371e-05,0.0,2.0491239411057904e-05,5.737488404925266e-05
ORCL,2014-03-24,0.0,0.00013850136383553036,0.0,4.6167121278510116e-05,0.00012926660758647368
ORCL,2014-03-25,0.0,0.022146108211018145,0.0,0.007382036070339382,0.02066948801336613
ORCL,2014-03-31,0.0,-0.0006879086213302799,0.0,-0.00022930287377675995,-0.0006420414409033874
ORCL,2014-04-02,0.9069822430610657,1.784137566573918e-05,0.9851587414741516,0.630719608636961,0.06323068819381332
ORCL,2014-04-09,0.0,2.8593045499292202e-05,0.0,9.531015166430734e-06,2.6686568182342902e-05
ORCL,2014-04-15,-0.4418523609638214,0.0003749183670151979,-0.4986039698123932,-0.31336047080306645,-0.031100117063164564
ORCL,2014-04-30,0.23449808359146118,0.0004609273642017797,0.7155788242816925,0.3168459450791185,0.03292609392188263
ORCL,2014-05-02,-0.03905472159385681,0.006883190537337214,0.0010586380958557129,-0.010370964320221296,0.005226075987005137
ORCL,2014-05-05,0.049685776233673096,0.002490118957211962,0.37876981496810913,0.14364857005299805,0.017170363027286115
ORCL,2014-05-06,0.0,0.0016475200027343817,0.0,0.0005491733342447939,0.0015376695249781232
ORCL,2014-05-09,-0.564932107925415,0.0015645335952285677,0.0,-0.18778919144339548,-0.016408157553663788
ORCL,2014-05-13,0.0,-3.63089275197126e-05,0.0,-1.2102975839904198e-05,-3.388798405215501e-05
ORCL,2014-05-16,0.8174893260002136,2.1940140868537128e-05,0.0,0.2725037553803607,0.025877044282570323
ORCL,2014-05-19,0.0,0.00043273655683151446,0.0,0.00014424551894383816,0.00040388330533896967
ORCL,2014-05-30,-0.25033068656921387,-0.00012197703290439676,0.32676613330841064,0.025437823235430795,0.0034205649029133175
ORCL,2014-06-04,0.4582792818546295,0.0007269145753525663,0.0,0.1530020654766607,0.015173472532684433
ORCL,2014-06-11,0.0,0.0004229351688991301,0.0,0.00014097838963304335,0.00039473544068564076
ORCL,2014-06-14,0.0,0.0032682723394827917,0.0,0.0010894241131609306,0.003050356206135997
ORCL,2014-06-16,0.8532381653785706,0.0049260135177367674,0.6657762924830118,0.5079801571264397,0.054918315373039144
ORCL,2014-06-17,-0.23622246086597443,0.0006336308729260054,-0.23742911219596863,-0.15767264739633902,-0.015201336829808112
ORCL,2014-06-18,-0.27144304911295575,-2.9411032983261975e-05,0.0,-0.09049082004864634,-0.008612987358900039
ORCL,2014-06-19,0.010874941068537095,0.0018048610314936547,0.056782589239232684,0.023154130446421145,0.004018546165624724
ORCL,2014-06-20,-0.2560509397433354,2.0293108946134453e-05,-0.23087461636616632,-0.16230175433351854,-0.0161712237820302
ORCL,2014-06-22,0.0,0.0002032443881034851,0.0,6.774812936782837e-05,0.00018969281257347987
ORCL,2014-06-23,0.018260733948813543,0.001260299817355796,-0.021352085802290175,-0.0006103506787069451,0.0010055139503431492
ORCL,2014-06-24,0.0,-3.709602424351033e-05,0.0,-1.2365341414503442e-05,-3.462260180837939e-05
ORCL,2014-06-26,-0.7127991318702698,-0.00014237093273550272,-0.9914621114730835,-0.5681345380920296,-0.0574259644580629
ORCL,2014-06-30,0.5157701969146729,-2.068095091090072e-05,-0.9311299324035645,-0.1384601388132675,-0.01633920976425648
ORCL,2014-07-01,0.687339186668396,0.00017765871234587394,0.7379379272460938,0.4751515908756119,0.04776835394159921
ORCL,2014-07-02,0.3107459545135498,0.0010571104406456773,0.33313560485839844,0.21497955660419796,0.02249069465454499
ORCL,2014-07-31,-0.3173084060351054,0.0002479119260290948,-0.33250012000401813,-0.21652020470436484,-0.021457979791970103
ORCL,2014-08-13,0.8552655577659607,0.0003338306487421505,0.9995249509811401,0.6183747797986143,0.0623933417862674
ORCL,2014-08-16,0.0,0.00015362137855845504,0.0,5.1207126186151676e-05,0.00014337848307737532
ORCL,2014-08-19,0.5582481026649475,0.006548303907038644,0.7142192125320435,0.4263385397013432,0.04879990527985352
ORCL,2014-08-26,0.0,0.00016793031318229623,0.0,5.597677106076541e-05,0.0001567333446745752
ORCL,2014-08-27,-0.13557633757591248,0.0006302651045189123,-0.24904441833496094,-0.12799683026878483,-0.012428199551992392
ORCL,2014-08-29,-0.14959415793418884,-0.0003918206957678194,0.0,-0.049995326209985556,-0.005097245264155981
ORCL,2014-09-02,0.4598791003227234,0.00021872859724680893,0.4997706413269043,0.31995615674895816,0.03226524231596792
ORCL,2014-09-09,0.9129757285118103,0.0004910492280032486,0.9991196990013123,0.6375288255803753,0.06435120367285967
ORCL,2014-09-10,0.0,-7.89882687968202e-06,0.0,-2.6329422932273396e-06,-7.37216265019321e-06
ORCL,2014-09-13,0.0,0.032651078450726345,0.0,0.010883692816908782,0.030474026214532553
ORCL,2014-09-14,0.0,0.0064461030124221,0.0,0.0021487010041406998,0.006016301057741846
ORCL,2014-09-15,-0.3954254984855652,0.0003024692996405065,0.9955517649650574,0.20014291192637756,0.022666414145042557
ORCL,2014-09-17,-0.9690560102462769,0.00031154944736044854,-0.99712735414505,-0.6552906049813222,-0.06530607024240156
ORCL,2014-09-18,-0.18767251418187067,0.00022019813304023744,0.09014192452797523,-0.032436797173618394,-0.002571217372352336
ORCL,2014-09-19,-0.24363791591980877,0.0009545847443030867,-0.0028531761730418484,-0.08184550244951584,-0.00691514121816209
ORCL,2014-09-20,-0.31004897753397626,0.00026462311810367584,-0.33147863547007245,-0.21375432996198165,-0.021176971946741664
ORCL,2014-09-22,-0.9060726165771484,0.000746690173400566,-0.9966856837272644,-0.6340038700436708,-0.06289234688081245
ORCL,2014-09-24,-0.4689740240573883,0.0007184236364992103,-0.4773466885089874,-0.3152007629766255,-0.030892348743049327
ORCL,2014-09-26,0.0,0.0017265748101635836,0.0,0.0005755249367211945,0.0016114532943102722
ORCL,2014-09-29,0.0,0.0030718412381247617,0.0,0.0010239470793749206,0.002867022429788114
ORCL,2014-09-30,0.0,0.03612098660232732,0.4996839463710785,0.1786016443244686,0.05122500839374873
ORCL,2014-10-01,0.0,-2.20654510485474e-06,0.0,-7.355150349515801e-07,-2.0594209312043606e-06
ORCL,2014-10-02,0.428665429353714,5.348823651729617e-05,0.49975234270095825,0.3094904200970632,0.031123113520811315
ORCL,2014-10-03,0.0,-2.3089123715180904e-06,0.0,-7.696374571726968e-07,-2.1549627314480314e-06
ORCL,2014-10-06,0.0,-0.0002708961983444169,0.8977449536323547,0.2991580191446701,0.03121044987929676
ORCL,2014-10-08,-0.7500937581062317,0.0014601937000406906,0.0,-0.24954452146873032,-0.02236206295350928
ORCL,2014-10-13,0.0,5.497039637702983e-06,0.0,1.8323465459009942e-06,5.13051759723299e-06
ORCL,2014-10-16,-0.636058509349823,0.0013183178853068966,-0.9315352439880371,-0.5220918118175177,-0.051535163280285276
ORCL,2014-10-20,-0.968569278717041,6.780112744309008e-05,-0.9944866299629211,-0.6543293691841731,-0.06542562189235333
ORCL,2014-10-22,-0.6106268366177877,0.00019916918245144188,-0.6611571709314982,-0.4238616127889448,-0.042299361603836974
ORCL,2014-10-23,0.4663969576358795,0.0009006400250655133,0.9330162405967712,0.46677127941923874,0.04829180772594174
ORCL,2014-11-03,0.5594221353530884,0.010105982852110174,0.9977315068244934,0.5224198750098973,0.06209376520797769
ORCL,2014-11-20,0.0,0.000146228202538623,0.0,4.8742734179541e-05,0.0001364782589257257
ORCL,2014-11-21,0.0,0.001438367468654178,0.0,0.000479455822884726,0.001342462454681832
ORCL,2014-12-02,0.0,0.000659942626953125,0.0,0.00021998087565104166,0.0006159401212107685
ORCL,2014-12-08,0.21449191868305206,0.0015847685535845812,0.4756006598472595,0.23055911569463206,0.024931703687424357
ORCL,2014-12-09,0.0,0.006883951158670243,-0.8450794816017151,-0.27939851014768163,-0.023192560719819552
ORCL,2014-12-12,-0.2702892820040385,0.0011533201971663705,-0.3304649392763774,-0.19986696702774984,-0.01905443384115224
ORCL,2014-12-14,0.0,0.0008248211815953255,0.0,0.0002749403938651085,0.0007698251905845137
ORCL,2014-12-15,0.3584465781847636,0.0006671029565647283,0.49951250354448956,0.28620872822860594,0.029466439447670235
ORCL,2014-12-16,0.0,0.017363713688003674,0.0,0.005787904562667891,0.016205966552891395
ORCL,2014-12-17,0.07792452971140544,0.013725951558330961,0.14665898482004802,0.07943648869659481,0.020415410065747243
ORCL,2014-12-18,0.22677682638168334,0.0009421682597652155,0.20239998499552408,0.14337299321232422,0.015145642734929679
ORCL,2014-12-22,0.0,-0.0001615762475921656,0.0,-5.3858749197388534e-05,-0.0001508029452584303
ORCL,2015-01-06,0.30235501130421955,0.003650857169607965,0.6663274765014648,0.3241111149917641,0.03632348270628644
ORCL,2015-01-25,0.0,0.0019018239545403048,0.0,0.0006339413181801016,0.0017750174065888566
ORCL,2015-01-26,0.0,0.7736080243048491,0.0,0.2578693414349497,0.7220267393292297
ORCL,2015-01-27,0.0,0.006703141772959498,0.0,0.002234380590986499,0.006256201202636235
ORCL,2015-01-29,0.3360365927219391,0.003459962612396339,0.0,0.11316551844477847,0.013857847616089613
ORCL,2015-02-04,0.0,0.004258888395270333,-0.9866325259208679,-0.3274578791751992,-0.03060360651499243
ORCL,2015-02-10,0.0,2.3582564608659595e-05,0.0,7.860854869553199e-06,2.2010167414977874e-05
ORCL,2015-02-13,0.0,0.0013143001415301114,0.0,0.0004381000471767038,0.001226667497283321
ORCL,2015-02-16,0.0,-1.9651724869618192e-06,0.0,-6.550574956539398e-07,-1.834142136578951e-06
ORCL,2015-02-17,-0.40578949451446533,0.0007183869092841633,0.05275911092758179,-0.11743733222586646,-0.010315276706514826
ORCL,2015-02-19,0.0,0.014164534746669233,-0.49890246987342834,-0.1615793117089197,-0.004264947707556343
ORCL,2015-02-24,0.0,-7.67297315178439e-05,0.0,-2.5576577172614634e-05,-7.161368004029142e-05
ORCL,2015-02-25,0.0,0.0222216562833637,0.0,0.007407218761121233,0.02073999958341984
ORCL,2015-02-26,0.0,0.0024453201767755672,0.0,0.0008151067255918557,0.0022822753337616076
ORCL,2015-03-13,0.0,0.007979236339451745,0.0,0.002659745446483915,0.007447210898113243
ORCL,2015-03-15,0.5762031078338623,6.627913899137639e-05,0.0,0.19208979565761788,0.01828672694540548
ORCL,2015-03-16,0.0,0.0008124146852424019,0.0,0.00027080489508080063,0.0007582459121510298
ORCL,2015-03-17,0.04890450835227966,0.059184449381973536,0.1991813898086548,0.10242344918096934,0.06376577925936104
ORCL,2015-03-18,0.0,3.7065372074115054e-05,0.0,1.2355124024705017e-05,3.459399206696271e-05
ORCL,2015-03-19,-0.7001480460166931,0.0008915545186027884,0.0,-0.2330854971660301,-0.021313042388667717
ORCL,2015-03-20,0.925690770149231,0.000229052449867595,0.9993137121200562,0.6417445115730516,0.06451564252535653
ORCL,2015-03-25,-0.39245301485061646,-6.159908025438199e-05,-0.38273006677627563,-0.25841489356904884,-0.02588403054096516
ORCL,2015-03-26,0.0,0.009483132336754352,0.0,0.0031610441122514508,0.008850832708720325
ORCL,2015-03-27,0.9354631900787354,1.276820694329217e-05,0.0,0.31182531942855957,0.029599907695026753
ORCL,2015-03-30,0.053926920890808104,0.0028405117518559564,0.7995161175727844,0.28542785007181615,0.032377441419457774
ORCL,2015-04-07,0.9410296082496643,0.0017182830488309264,0.9993494153022766,0.647365768866924,0.06639198390477147
ORCL,2015-04-11,0.0,3.696582280099392e-05,0.0,1.232194093366464e-05,3.450108001330428e-05
ORCL,2015-04-13,-0.8811861276626587,-2.357152698095888e-05,0.9547501802444458,0.024513493684935383,0.005567898538701402
ORCL,2015-04-16,0.0,-7.525942237407435e-06,0.0,-2.508647412469145e-06,-7.024140561029761e-06
ORCL,2015-04-20,0.26441478729248047,0.035751138610066846,0.49960067868232727,0.2665888681949582,0.05924013888480516
ORCL,2015-04-21,-0.9480328559875488,0.005550681948079728,0.0,-0.31416072467982303,-0.024804976457297904
ORCL,2015-04-22,0.4282563328742981,-9.322748746853904e-05,0.4998294711112976,0.30933085883270905,0.030975943965906305
ORCL,2015-04-23,0.059786868095397946,0.02457213083835086,-0.11764851808547974,-0.011096506383910312,0.020701536000265596
ORCL,2015-04-26,0.0,-0.0014766216045245528,0.0,-0.0004922072015081843,-0.0013781659994784577
ORCL,2015-04-27,0.0,0.0001695293904049322,0.0,5.6509796801644065e-05,0.0001582258048050266
ORCL,2015-04-29,-0.006980854272842407,0.021111837771240972,-0.2140962600708008,-0.06665509219080075,0.011979945356722435
ORCL,2015-04-30,0.0009463012218475341,0.016176681668002856,-0.13027839263280233,-0.037718469914317314,0.010562142881784357
ORCL,2015-05-01,0.0,0.0015296597739506979,0.0,0.0005098865913168993,0.0014276677380248223
ORCL,2015-05-05,0.0,0.00042160999146290123,0.0,0.00014053666382096708,0.00039349861433299365
ORCL,2015-05-06,0.0,0.0025464259742875583,0.0,0.0008488086580958528,0.0023766397545257295
ORCL,2015-05-11,-0.4334016740322113,0.016358657871023752,0.0,-0.13901433872039584,0.0015597584413556396
ORCL,2015-05-14,0.0,0.03312093688873574,0.0,0.011040312296245247,0.03091255741749922
ORCL,2015-05-18,0.0,0.0017633838870096952,0.0,0.0005877946290032318,0.001645808018485216
ORCL,2015-05-19,0.0,-0.00039123026363085955,0.0,-0.00013041008787695318,-0.0003651445066941207
ORCL,2015-05-20,-0.2678031921386719,0.0007237537138280459,-0.42720431089401245,-0.23142791643961877,-0.022767152481971392
ORCL,2015-05-21,0.6125951409339905,0.00034407473140163347,0.0,0.20431307188846404,0.019697052561049855
ORCL,2015-05-26,0.0,0.006331951590254903,0.0,0.0021106505300849676,0.005909760526606517
ORCL,2015-06-02,0.0,0.012126166970119812,-0.46859094500541687,-0.1521549260117657,-0.00510507554389421
ORCL,2015-06-03,0.0,0.0006165588056319393,0.0,0.0002055196018773131,0.000575448991183502
ORCL,2015-06-04,0.6369572281837463,0.000727678278053645,0.0,0.21256163548726667,0.020825633204222822
ORCL,2015-06-05,0.0,5.952637002337724e-05,0.0,1.9842123341125745e-05,5.55573743383003e-05
ORCL,2015-06-09,0.0,0.0018998090108652832,0.0,0.0006332696702884277,0.0017731368372864503
ORCL,2015-06-11,0.81148362159729,0.00043492636177688837,0.9992337226867676,0.6037174235486115,0.061092700708182686
ORCL,2015-06-12,-0.1843437155087789,0.12445615936303511,0.33250858386357623,0.09087367590594415,0.12198067164540098
ORCL,2015-06-14,-0.45892417430877686,0.002435611531836912,0.0,-0.15216285425898,-0.012242209285139092
ORCL,2015-06-15,0.07330882549285889,0.04776196581648643,0.18364685773849487,0.10157254968261338,0.053332353625328566
ORCL,2015-06-16,0.31619809071222943,0.006423952563636703,0.33315040667851764,0.21859081665146127,0.027672661457386036
ORCL,2015-06-17,-0.343223525927617,0.00023683368159219334,-0.3761529463988084,-0.23971321288161107,-0.023817895404363743
ORCL,2015-06-18,-0.3633973231682411,-0.07565798727864603,-0.19089118333963248,-0.20998216459550653,-0.08879754292028232
ORCL,2015-06-19,0.31536779801050824,0.004084080880905579,0.3329748511314392,0.21747557667428433,0.025456389168052113
ORCL,2015-06-22,0.4143909811973572,0.0001517592868367501,0.0,0.1381809134947313,0.013248512822214788
ORCL,2015-06-23,0.7593551874160767,-0.0025218088849214837,0.9716550707817078,0.576162816437621,0.05571777710933506
ORCL,2015-06-24,0.0,8.18647095002234e-05,0.0,2.7288236500074465e-05,7.640627689902731e-05
ORCL,2015-06-25,0.0,0.00017206056872964837,0.0,5.735352290988279e-05,0.00016058821023192345
ORCL,2015-06-27,-0.9755218625068665,0.0070496439875569195,-0.9983696341514587,-0.6556139508902561,-0.05926529494663662
ORCL,2015-06-29,-0.826193630695343,0.0007699122361373156,0.0,-0.2751412394864019,-0.025413300185077696
ORCL,2015-07-01,0.0,0.00030239109764806926,0.0,0.00010079703254935642,0.00028222879040004574
ORCL,2015-07-02,0.0,0.0029454862524289638,0.0,0.0009818287508096546,0.002749092220024749
ORCL,2015-07-06,0.0,-0.00013704301636607852,0.0,-4.5681005455359504e-05,-0.0001279054955733927
ORCL,2015-07-07,0.0,0.0023942160441947635,0.0,0.0007980720147315878,0.002234578759208204
ORCL,2015-07-09,0.0,0.0010309931531082839,0.0,0.000343664384369428,0.0009622504134201216
ORCL,2015-07-13,-0.7448914051055908,-0.00039459438994526863,0.0,-0.24842866649851203,-0.023928634193451096
ORCL,2015-07-15,0.0,3.572621790226549e-05,-0.9917531609535217,-0.33057247824520647,-0.03472464694343742
ORCL,2015-07-27,0.7597724199295044,-3.3108161005657166e-05,0.0,0.25324643725616625,0.02400012445510356
ORCL,2015-07-30,0.5939234644174576,0.06357965282222722,0.7495545148849487,0.4690192107082112,0.10439540126452478
ORCL,2015-08-04,0.0,0.004574885402689688,0.0,0.0015249618008965626,0.004269849333703702
ORCL,2015-08-12,0.0,1.2168835382908583e-05,0.9649068713188171,0.32163968005140003,0.03382846613259865
ORCL,2015-08-18,0.5829718112945557,0.00451158860232681,0.0,0.1958277999656275,0.02264972886140713
ORCL,2015-08-19,-0.4543538987636566,-8.292643269669497e-05,-0.4966941475868225,-0.31704365759439196,-0.031855915062944454
ORCL,2015-08-20,0.0,0.001111329367631697,0.0,0.00037044312254389905,0.001037230128344574
ORCL,2015-08-23,0.0,0.0001392480371578131,0.0,4.64160123859377e-05,0.00012996349552467978
ORCL,2015-08-26,0.0,0.00040624564280733466,0.0,0.00013541521426911154,0.0003791587029729318
ORCL,2015-09-10,0.0,0.000878652288520243,0.0,0.0002928840961734143,0.0008200670202912284
ORCL,2015-09-11,0.9293004274368286,0.03074765336350538,0.0,0.32001602693344466,0.05809058268855486
ORCL,2015-09-13,-0.9364054203033447,0.017129169049439952,0.0,-0.30642541708463494,-0.013630732040600004
ORCL,2015-09-14,-0.41979092359542847,0.0019707156243384816,0.0020261406898498535,-0.13859802242708005,-0.01136734252032201
ORCL,2015-09-15,0.0,0.0957978691731114,0.0,0.0319326230577038,0.08941042318664678
ORCL,2015-09-16,0.10454054673512776,0.013560473974103439,0.43724513053894043,0.18511538374939054,0.03128698852715209
ORCL,2015-09-17,-0.2707732617855072,0.0008281299164082156,-0.195493620634079,-0.15514625083439265,-0.014642908044767883
ORCL,2015-09-29,-0.903734564781189,0.0014264140736486297,0.8219365477561951,-0.02679053431711509,0.0015532928188487503
ORCL,2015-10-05,0.0,-2.4847504391800612e-06,0.0,-8.282501463933537e-07,-2.319076574509232e-06
ORCL,2015-10-08,0.0,0.001080700196325779,0.0,0.00036023339877525967,0.0010086431497698689
ORCL,2015-10-14,-0.8119493921597799,0.00016333069409787035,-0.6464026172955831,-0.48606289292042176,-0.04818338566912407
ORCL,2015-10-19,-0.5928025096654892,0.0005140182947798166,-0.7482251971960068,-0.4468378961889054,-0.04449321114629574
ORCL,2015-10-22,0.0,0.0034405157202854753,0.0,0.0011468385734284918,0.0032111148932130484
ORCL,2015-10-23,0.0,-0.001940140122314915,0.0,-0.0006467133741049717,-0.0018107788635323614
ORCL,2015-10-27,0.9494717121124268,0.0018377748201601207,0.9993159770965576,0.6502084880097149,0.06676935389556375
ORCL,2015-10-29,-0.7038556933403015,0.0010861116097657941,0.0,-0.2342565272435119,-0.021248727673908126
ORCL,2015-10-30,0.0,0.0017732558080751915,0.0,0.0005910852693583971,0.0016550216998045338
ORCL,2015-11-05,-0.7239432334899902,0.0002968513387410591,-0.6637935042381287,-0.46247996212979264,-0.045884699733559006
ORCL,2015-11-10,0.0,0.0004296974075259641,0.0,0.00014323246917532137,0.00040104677816362046
ORCL,2015-11-11,-0.1830464998881022,0.0001692449362356759,-0.6639723777770996,-0.28228321090965536,-0.02890191373350293
ORCL,2015-11-16,0.31694791052076554,0.0007429964439830251,0.21704237328635323,0.17824442675036725,0.01832496597091722
ORCL,2015-11-17,0.0,0.0007641066622454673,0.0,0.0002547022207484891,0.0007131588611090602
ORCL,2015-11-20,-0.9519882202148438,0.0027867748867720366,0.7896736860275269,-0.05317591976684829,0.00016600621163732524
ORCL,2015-12-03,0.0,0.0018658658518688753,0.0,0.0006219552839562917,0.0017414569371863062
ORCL,2015-12-04,-0.478373259305954,0.0002944994193967432,-0.4803609251976013,-0.31947989502805285,-0.031690937960357664
ORCL,2015-12-09,-0.9216132462024689,0.0005279871456878027,-0.6330482363700867,-0.5180444984756226,-0.05084359678871147
ORCL,2015-12-11,0.0,0.00049971395128523,0.0,0.00016657131709507667,0.00046639487729789174
ORCL,2015-12-13,-0.9664039015769958,0.00442027865210548,0.0,-0.32066120764163014,-0.026441071097610725
ORCL,2015-12-14,-0.9598015546798706,-0.9664857741445303,0.9994660019874573,-0.3089404422789812,-0.8973736322985922
ORCL,2015-12-15,-0.40466398000717163,0.008708130194236219,-0.9865491688251495,-0.46083500621269496,-0.03924731523103377
ORCL,2015-12-16,-0.06620607276757558,0.013596406408244851,0.07359785503811306,0.006996062892927445,0.013175186173805122
ORCL,2015-12-17,-0.15893201033274332,0.004348844411045623,0.3330235282580058,0.05948012077876937,0.010703461886000964
ORCL,2015-12-21,-0.4062561094760895,7.400567119475454e-05,-0.07729387283325195,-0.16115865887938222,-0.015489420971793007
ORCL,2015-12-22,0.4261608421802521,0.0002958780496555846,0.2710931599140167,0.23251662671464146,0.023256300949555813
ORCL,2015-12-24,0.0,0.00462454475928098,0.0,0.0015415149197603266,0.0043161973049417905
ORCL,2015-12-30,-0.02814161777496338,0.002548642949780818,0.14829407135645548,0.0409003655104243,0.00668587612105332
ORCL,2016-01-05,0.0,0.002881328979128739,0.0,0.0009604429930429129,0.0026892127986027532
ORCL,2016-01-06,0.16237565279006957,0.021131572578451597,0.596345067024231,0.2599507641309174,0.04575853426510237
ORCL,2016-01-07,0.0,0.05073572633591539,0.45715850591659546,0.1692980774175036,0.06337490093664451
ORCL,2016-01-08,0.21484124660491943,0.001259111280887737,0.0,0.07203345262860239,0.007970424097291403
ORCL,2016-01-11,0.8300285339355469,-1.1883268598467112e-05,0.9991070628166199,0.6097079044945227,0.06125780512624456
ORCL,2016-01-12,-0.6708329916000366,0.0009671695370343514,-0.9915438890457153,-0.5538032370362392,-0.055065912892596054
ORCL,2016-01-19,-0.064002126455307,0.0019391757814446464,0.13801753520965576,0.025318194845264468,0.004622643155770599
ORCL,2016-01-20,-0.9470208287239075,-6.666376975772437e-06,-0.995097815990448,-0.6473751036971104,-0.0648349833087539
ORCL,2016-01-22,0.0,-0.00011795530372182839,0.0,-3.9318434573942795e-05,-0.00011009048869609325
ORCL,2016-02-02,-0.9576876163482666,0.00024278628916363232,-0.9942756295204163,-0.6505734865265064,-0.06491073042375771
ORCL,2016-02-04,0.0,-5.486835289048031e-05,0.0,-1.8289450963493437e-05,-5.120993636375322e-05
ORCL,2016-02-08,-0.3425351679325104,0.004022491713840282,-0.4873461425304413,-0.2752862729163705,-0.024159869614780918
ORCL,2016-02-09,-0.8907923102378845,0.002542428730521351,-0.9916101098060608,-0.6266199971044747,-0.06055515330935813
ORCL,2016-02-14,0.0,0.0006092311959946528,0.0,0.00020307706533155093,0.0005686099251925927
ORCL,2016-02-17,-0.8320196270942688,0.0004326625930843875,0.0,-0.27719565483372816,-0.025912335142081487
ORCL,2016-02-18,0.0,0.00023871064331615344,0.49967703223228455,0.16663858095853357,0.017734984340951516
ORCL,2016-02-22,0.0,0.0001784616215445567,0.0,5.94872071815189e-05,0.00016656246478931425
ORCL,2016-03-04,0.0,0.00013086309991194867,0.0,4.362103330398289e-05,0.0001221376413199702
ORCL,2016-03-07,0.0,0.0010022890128311701,0.0,0.00033409633761039004,0.0009354601238900543
ORCL,2016-03-08,0.0,0.0031036707150633447,0.0,0.001034556905021115,0.0028967295140329427
ORCL,2016-03-14,0.8281312584877014,0.0039012571942294016,0.9949759244918823,0.609002813391271,0.06470523854449632
ORCL,2016-03-15,0.11637447774410248,0.002851791392913583,0.2144541314670018,0.11122680020133928,0.013858458852595313
ORCL,2016-03-16,0.20910659607718973,0.05127252152621676,0.35001004092833576,0.20346305284391408,0.066734553685875
ORCL,2016-03-18,0.37287044525146484,0.04077771702577593,0.0,0.13788272075908026,0.0498524203960254
ORCL,2016-03-25,-0.8780165910720825,0.00015738295041956007,0.0,-0.2926197360405543,-0.027624109247227472
ORCL,2016-03-28,0.0,0.003473911783657968,0.0,0.001157970594552656,0.003242284449309645
ORCL,2016-04-11,0.0,0.0008445493822364369,0.0,0.000281516460745479,0.0007882379936965413
ORCL,2016-04-12,-0.9670779705047607,0.0037022172764409333,-0.9851984977722168,-0.6495247503335122,-0.06166084475930789
ORCL,2016-04-18,-0.9685086309909821,0.00046586662938352674,-0.0016235113143920898,-0.32322209189199685,-0.030255286932998875
ORCL,2016-04-21,0.827396810054779,0.025555495711159892,0.9000096917152405,0.5843206658270598,0.08156413961534074
ORCL,2016-04-25,-0.5392107764879862,0.0020530782421701588,0.33256391684214276,-0.06819792713455776,-0.003483268328135438
ORCL,2016-04-26,0.0,0.00010899488188442774,0.33252352476119995,0.11087750654769479,0.01175568552799837
ORCL,2016-04-28,-0.41452087958653766,0.015581679299051151,-0.17148014903068542,-0.1901397831060573,-0.0045780976525975955
ORCL,2016-05-02,0.11459594113486153,0.0007163234791473119,0.14308955839702062,0.08613394100367648,0.009308006922692638
ORCL,2016-05-03,0.0,-0.00033901934511959553,0.0,-0.00011300644837319851,-0.0003164148033440958
ORCL,2016-05-23,0.0,5.806256376672536e-05,0.0,1.9354187922241788e-05,5.419116920723626e-05
ORCL,2016-05-26,-0.6788507401943207,0.00032022056984715164,0.0,-0.2261768398748245,-0.021172665247847885
ORCL,2016-06-01,-0.048610170682271324,0.2270065394895937,-0.6338289777437845,-0.1518108696454874,0.18811927361058106
ORCL,2016-06-02,-0.16438409686088562,0.00026202017019727464,-0.24849148839712143,-0.13753785502926993,-0.013663680583374764
ORCL,2016-06-03,-0.3236547311147054,0.0006956878144895503,-0.33201183875401813,-0.2183236273514113,-0.021223677180711227
ORCL,2016-06-06,-0.31269166866938275,0.00032945650794620934,0.29704227050145465,-0.005106647219993969,0.0008277358951405165
ORCL,2016-06-07,0.0,-8.63715868035797e-05,0.0,-2.8790528934526567e-05,-8.061264908709239e-05
ORCL,2016-06-09,0.0,0.0003262821410316974,0.9991748929023743,0.33316705834780197,0.035322627513752966
ORCL,2016-06-10,0.0,0.0006698109536955599,0.0,0.00022327031789851995,0.0006251504886079851
ORCL,2016-06-12,0.0,-0.0010835938155651093,0.9967020153999329,0.33187280719478923,0.03392008982926458
ORCL,2016-06-13,0.0,0.0006948725009957949,0.0,0.0002316241669985983,0.0006485410200220198
ORCL,2016-06-14,0.0,7.560870290035382e-05,0.0,2.5202900966784608e-05,7.056739741762545e-05
ORCL,2016-06-15,-0.45805421471595764,0.0006253538595046848,-0.4990352690219879,-0.31882137662614696,-0.03139394773597558
ORCL,2016-06-16,0.059681862592697144,0.0002962339594887453,0.2855967623846872,0.11519161964562435,0.012173488978724181
ORCL,2016-06-17,0.2782771627108256,0.00729418636886597,0.2649508237838745,0.18350739095452204,0.02489526860975023
ORCL,2016-06-24,0.0,0.00014291182100123478,0.0,4.763727366707826e-05,0.00013338300135683857
ORCL,2016-06-28,0.923823356628418,0.010438985453220084,0.999612033367157,0.644624791816265,0.07399620554788375
ORCL,2016-06-29,0.19542067497968674,0.012677480271804598,0.25374072790145874,0.1539462943843167,0.026906057287289807
ORCL,2016-06-30,0.0,0.00016657887454130105,0.3612804710865021,0.12048234998701446,0.012817275258467448
ORCL,2016-07-01,-0.4470018446445465,3.896898124366999e-05,0.0,-0.14898762522110096,-0.014101958462654355
ORCL,2016-07-05,0.4971405267715454,-1.2242671800777316e-05,-0.8418213129043579,-0.11489767626820442,-0.013790575635494807
ORCL,2016-07-12,0.2151600420475006,0.0032296750472596615,0.29802446961402895,0.17213806223626307,0.020264550531982933
ORCL,2016-07-13,-0.1931696891784668,0.00025614675651013384,-0.16260089874267578,-0.11850481372154414,-0.011569419496187216
ORCL,2016-07-14,0.229611337184906,0.012078191836345857,0.2855722563607352,0.17575392846066237,0.028543751983560576
ORCL,2016-07-15,0.7827451229095459,0.0006132921553216875,0.9994797110557556,0.594279375373541,0.06035881799142754
ORCL,2016-07-18,0.0,0.027576463588047773,0.0,0.009192154529349258,0.025737767878617087
ORCL,2016-07-19,-0.6017464697360992,0.12298741056997642,-0.6367969512939453,-0.3718520034866894,0.07343645375073489
ORCL,2016-07-20,0.016621212164560955,0.0024550342131988145,-0.33282365401585895,-0.10458246921269972,-0.008847418906019103
ORCL,2016-07-21,0.458373486995697,0.00020378870431159157,0.4997943341732025,0.31945720329107036,0.03220450751073395
ORCL,2016-07-22,0.0,9.817172758630477e-05,0.9532680511474609,0.3177887409583491,0.03350082873481109
ORCL,2016-07-28,0.32887068620094884,0.0011940621297981124,0.3834396784122174,0.23783480891432143,0.02495479453101233
ORCL,2016-07-29,0.40664422512054443,0.0004742892063707889,0.4979294737180074,0.30168266268164085,0.030755457303328
ORCL,2016-08-08,-0.9655035734176636,0.004693893977673724,-0.9974567294120789,-0.6527554696173562,-0.0611151066157929
ORCL,2016-08-12,0.0,0.0004818184024770744,0.0,0.0001606061341590248,0.0004496925469292851
ORCL,2016-08-18,-0.8715127110481262,0.0033493272203486413,-0.9875067472457886,-0.6185567103578554,-0.0590484459967067
ORCL,2016-08-22,-0.28437215089797974,0.005601760610261408,-0.46275103092193604,-0.2471738070698848,-0.019984263102136142
ORCL,2016-08-23,-0.41151055693626404,0.007153981587180169,-0.4966543912887573,-0.3003369888792804,-0.023745041477009694
ORCL,2016-08-24,0.0,0.009998678760894109,0.49954456090927124,0.16984774655672177,0.026839551948618673
ORCL,2016-08-25,0.9471331834793091,4.290811557439156e-05,0.9995554089546204,0.648910500183168,0.0650285876211374
ORCL,2016-08-29,0.0,0.00010446030773891835,0.0,3.4820102579639446e-05,9.749528262312233e-05
ORCL,2016-09-07,0.0,0.0008095655769769413,0.0,0.0002698551923256471,0.0007555867884612656
ORCL,2016-09-08,-0.06306281685829163,0.019693545262271073,0.00036650896072387695,-0.01433425421176556,0.01639867002128021
ORCL,2016-09-12,-0.46467816829681396,0.00032658796044415794,-0.4947734773159027,-0.3197083525507575,-0.031732940599961026
ORCL,2016-09-13,0.18800233602523803,0.01616974827775266,0.5991278886795044,0.2677666576608317,0.042035627949556634
ORCL,2016-09-14,0.19802795350551605,0.0006808274356444599,0.2483394593000412,0.14901608008040057,0.015602463836326337
ORCL,2016-09-15,-0.11860810385810004,0.0004768542625647064,-0.1104386846224467,-0.07618997807266069,-0.007176971356176909
ORCL,2016-09-16,-0.2261443380266428,0.004435295634671377,-0.019965827465057373,-0.08055828995234293,-0.003712949918727811
ORCL,2016-09-17,0.6450262069702148,8.283332135761157e-06,-0.9939257502555847,-0.11629708665107803,-0.014424713369785907
ORCL,2016-09-18,0.0,0.003425057715503499,0.0,0.001141685905167833,0.0031966877061832292
ORCL,2016-09-19,-0.8361102938652039,0.00039926640723327483,-0.22494898239771524,-0.3535533366185619,-0.03395668055417585
ORCL,2016-09-21,-0.4023934602737427,0.0009569706271577161,0.2605713903903961,-0.04695503308539628,-0.002701986137739639
ORCL,2016-09-23,0.30954182147979736,0.0005794656256815264,0.333188275496165,0.21443652086721463,0.022008657165115502
ORCL,2016-09-26,-0.797762930393219,9.548985326546244e-05,-0.9976211190223694,-0.5984295198541076,-0.06010715865808321
ORCL,2016-09-27,0.0,0.0009355289221275598,-0.9641525149345398,-0.3210723286708041,-0.032917519401783835
ORCL,2016-09-28,-0.4740539789199829,0.0023427355317835463,-0.49718785285949707,-0.3229663654158988,-0.030232388756053136
ORCL,2016-09-29,0.0,0.00048050018631329294,0.997787594795227,0.33275603166051343,0.03541794222314691
ORCL,2016-10-04,0.0,0.005932448722887784,0.9985756874084473,0.3348360453771117,0.04053399567584531
ORCL,2016-10-05,0.0,-0.0007084338867571205,0.0,-0.00023614462891904017,-0.0006611981923637843
ORCL,2016-10-06,0.0,0.00023267921096703503,0.0,7.755973698901168e-05,0.0002171650366473551
ORCL,2016-10-07,-0.4413025677204132,0.07713222463507918,-0.4439561069011688,-0.26937548332883426,0.04247193370942665
ORCL,2016-10-10,-0.9573454260826111,0.0022229219248401932,-0.9963162541389465,-0.6504795860989058,-0.06312331741154399
ORCL,2016-10-11,0.0,0.5182101904065348,0.49835634231567383,0.3388555109074029,0.5011237605838894
ORCL,2016-10-12,-0.004933983087539673,0.00024324049491042388,0.00033201277256011963,-0.0014529099400230432,8.260005173828037e-05
ORCL,2016-10-17,0.0,0.0014445965935010463,0.0,0.0004815321978336821,0.0013482762692319332
ORCL,2016-10-18,0.6160739064216614,4.676185199059546e-06,0.9988709092140198,0.5383164972736267,0.05449776146956855
ORCL,2016-10-19,0.0,0.0013049792978563346,0.0,0.0004349930992854449,0.0012179681801353455
ORCL,2016-10-21,0.870608925819397,0.038519231195095927,0.8969858288764954,0.6020379952969961,0.09492428990866546
ORCL,2016-10-26,-0.8279621998469034,0.00013643077909364365,-0.9861149986584982,-0.604646922575436,-0.060620872218515594
ORCL,2016-10-28,0.14088950838361466,0.0006965032029191727,0.0018118960516793387,0.04779930254607106,0.0051697928383813985
ORCL,2016-11-01,-0.13562768697738647,0.0004175299181952141,-0.968235194683075,-0.36781511724742205,-0.037833866705039854
ORCL,2016-11-02,-0.9716423153877258,0.0004456942551769316,-0.9976354837417603,-0.6562773682914363,-0.0652804810183816
ORCL,2016-11-03,-0.3861805200576782,0.004720726989035029,0.46392184495925903,0.02748735063020528,0.008450447108065876
ORCL,2016-11-04,0.0,0.00032410668063675985,0.0,0.00010803556021225329,0.0003024964663365493
ORCL,2016-11-07,0.4533233443895976,0.004158707601466934,0.4994305372238159,0.3189708630716268,0.03572324490717552
ORCL,2016-11-08,0.0,0.0014269337443693075,0.2755591571331024,0.09232869695915724,0.010989317983047066
ORCL,2016-11-15,0.0,0.4103355920560716,0.0,0.1367785306853572,0.3829759574701915
ORCL,2016-11-16,0.0,0.0010719159108703025,0.0,0.00035730530362343416,0.0010004446151452811
ORCL,2016-11-18,0.0,0.0014510913169942796,0.0,0.0004836971056647599,0.0013543380303470964
ORCL,2016-11-21,0.0,-0.0015999040624592453,0.0,-0.0005333013541530818,-0.0014932284171128814
ORCL,2016-11-23,-0.8121921420097351,0.0008234319575421978,0.0,-0.2704562366840643,-0.024920492540564887
ORCL,2016-12-02,0.3054007887840271,0.015981327856328182,0.6486540039380392,0.3233453735261315,0.047308735762523625
ORCL,2016-12-05,0.0,-6.880984665258438e-05,0.0,-2.293661555086146e-05,-6.422186135009571e-05
ORCL,2016-12-06,0.9111858010292053,0.0006751792971044779,0.9992511868476868,0.6370373890579989,0.06447105081951665
ORCL,2016-12-12,0.11471601724624633,0.18978028517140047,0.030185174942016602,0.11156049245322114,0.18181272170309323
ORCL,2016-12-13,0.9543659090995789,7.212252603494562e-05,0.9994681477546692,0.6513020597934277,0.06528156149853545
ORCL,2016-12-14,0.7038094997406006,0.0019134334288537502,0.9949488639831543,0.5668905990508696,0.05891680416806427
ORCL,2016-12-15,-0.1324283480644226,0.004867095384311556,-0.0349805626002225,-0.05418060509344452,-0.0008719967554604091
ORCL,2016-12-16,0.24577875733375548,0.013368365934104532,0.29983890652656553,0.18632867659814187,0.030759268521185427
ORCL,2016-12-19,0.0,0.00031019531888887286,0.0,0.00010339843962962429,0.00028951265536147317
ORCL,2016-12-21,-0.88303142786026,0.0004524048854364082,0.0,-0.29419300765827455,-0.027507373739770948
ORCL,2016-12-22,-0.9691940546035767,0.00037258019256114494,-0.9899724721908569,-0.6529313155339574,-0.065002717771158
ORCL,2016-12-30,0.0,-7.869031105656177e-05,0.0,-2.623010368552059e-05,-7.344353546923466e-05
ORCL,2017-01-03,0.0,4.34523681178689e-05,0.0,1.44841227059563e-05,4.055512675242923e-05
ORCL,2017-01-04,-0.9659640789031982,0.0506470185064245,-0.9973616003990173,-0.6375595535985971,-0.018237194465129218
ORCL,2017-01-11,0.0,0.00122189344256185,0.0,0.00040729781418728334,0.0011404221856665476
ORCL,2017-01-18,-0.9202764630317688,0.0038560661660085316,-0.5873628333210945,-0.5012610767289516,-0.0460940037318922
ORCL,2017-01-19,0.0,0.002391383248323109,0.0,0.0007971277494410364,0.0022319347926375577
ORCL,2017-01-23,-0.9687671661376953,0.007278582736034878,-0.9947708249092102,-0.6520864694369569,-0.05871184761928073
ORCL,2017-01-30,0.0,0.00022599234944209456,0.0,7.533078314736485e-05,0.0002109240249424851
ORCL,2017-02-08,0.0,0.0001819918179535307,0.0,6.0663939317843564e-05,0.0001698572775116005
ORCL,2017-02-09,0.0,2.6800371415447444e-06,0.0,8.933457138482481e-07,2.5013422900619537e-06
ORCL,2017-02-14,0.0,1.4383791494765319e-05,0.0,4.794597164921773e-06,1.3424734082809073e-05
ORCL,2017-02-16,-0.9361937642097473,0.003063829295570031,0.0,-0.3110433116380591,-0.026751553629343592
ORCL,2017-02-21,0.0,0.002792064828099683,0.0,0.0009306882760332277,0.00260590036237192
ORCL,2017-02-24,-0.43199315667152405,0.0004544165094557684,-0.4601939618587494,-0.2972442340069392,-0.029367924172196424
ORCL,2017-02-28,-0.47763341665267944,-0.48578351562900934,0.49849647283554077,-0.15497348648204934,-0.45102965714070015
ORCL,2017-03-01,0.0,0.0004450939013622701,0.014764279127120972,0.005069791009494414,0.0009328606640788636
ORCL,2017-03-08,0.0,0.001847938692662865,0.0,0.000615979564220955,0.0017247249988251582
ORCL,2017-03-09,0.0,0.524729092780035,0.0,0.174909697593345,0.4897421012913793
ORCL,2017-03-10,-0.9470818638801575,-1.7797647160477936e-05,-0.997650682926178,-0.648250114817832,-0.06493677325708677
ORCL,2017-03-12,0.0,0.033019088325090706,0.0,0.011006362775030235,0.030817498920198017
ORCL,2017-03-13,0.10472622513771057,0.001357472730887821,-0.9915416538715363,-0.2951526520009793,-0.030171204773870197
ORCL,2017-03-15,0.18053935964902243,7.910398532355127e-05,0.3328702648480733,0.17116290949413973,0.017450262988574012
ORCL,2017-03-16,0.08674302324652672,0.006337650320574539,0.31278885528445244,0.1352898429505179,0.019621011744014486
ORCL,2017-03-28,0.4637385904788971,4.005517257610336e-05,0.4998129606246948,0.321197202092056,0.032222038073560326
ORCL,2017-03-29,-0.4753345549106598,0.002612810545542743,-0.496805876493454,-0.32317587361952366,-0.03000743770721166
ORCL,2017-03-30,0.0,0.009327358769951388,0.0,0.0031091195899837962,0.00870544518753254
ORCL,2017-04-03,0.0,0.0004577256622724235,0.0,0.0001525752207574745,0.00042720622730948565
ORCL,2017-04-09,-0.6378293633460999,-0.00039389857556670904,0.0,-0.2127410873072222,-0.020541693636731896
ORCL,2017-04-10,0.0,-1.0034580554929562e-05,0.0,-3.3448601849765205e-06,-9.365512259509709e-06
ORCL,2017-04-12,0.0,-9.913269605021924e-05,0.0,-3.304423201673975e-05,-9.252289869958547e-05
ORCL,2017-04-13,0.8547983169555664,0.014506200852338225,0.9995148181915283,0.6229397786664777,0.07560561813591384
ORCL,2017-04-18,0.0,-0.000505713585880585,0.0,-0.00016857119529352835,-0.0004719944820964508
ORCL,2017-04-27,-0.33677777647972107,0.00045252826384967193,0.0,-0.11210841607195714,-0.010229670126903624
ORCL,2017-04-28,-0.7413505911827087,0.0275224226534192,0.0,-0.2379427228430965,0.0022389735775921716
ORCL,2017-04-30,0.0,0.002257045722217299,0.9989104270935059,0.33372249093857437,0.037115386358738546
ORCL,2017-05-04,0.44426512718200684,0.015516988361923723,-0.4754514694213867,-0.005223117959152053,0.011870985830329849
ORCL,2017-05-12,-0.561177134513855,0.008676474157255143,0.9994075298309326,0.14896895649144426,0.025374606114822385
ORCL,2017-05-18,0.0,0.0036495467138593085,0.0,0.0012165155712864362,0.003406208638238805
ORCL,2017-05-26,0.0,0.0006521770847029984,-0.969780683517456,-0.32304283547758433,-0.033379228898144604
ORCL,2017-05-30,0.0,-0.00018537940923124552,0.0,-6.179313641041517e-05,-0.00017301900366557815
ORCL,2017-05-31,0.0,0.0009237502781616058,0.0,0.0003079167593872019,0.0008621580684475643
ORCL,2017-06-09,0.0,0.0006053345859982073,0.6050505638122559,0.2018852994660847,0.02177019125524764
ORCL,2017-06-19,0.0,0.0005732194307104995,0.0,0.00019107314357016652,0.0005349993123457934
ORCL,2017-06-21,0.11063515394926071,0.005785840330645442,0.24979737401008606,0.1220727894299974,0.01765402143177716
ORCL,2017-06-22,0.021817364626460604,0.0028780076469653673,0.236655549870597,0.08711697404800767,0.011670250886856354
ORCL,2017-06-23,-0.20932904879252115,0.015282771052928487,0.3331715663274129,0.04637509619594008,0.01931952381415925
ORCL,2017-06-26,0.8931835293769836,0.000126730006741127,0.0,0.2977700864612416,0.02836899736769803
ORCL,2017-07-03,0.0,0.006960562692256644,0.0,0.0023201875640855483,0.006496458599198427
ORCL,2017-07-05,-0.15193653106689453,0.0029917543251940515,0.39951887130737307,0.08352469818855753,0.011988583519366072
ORCL,2017-07-11,0.9437444806098938,0.46265629620756954,0.9995580315589905,0.8019862694588179,0.4966895488795687
ORCL,2017-07-13,0.0,0.0010584810843283776,0.0,0.0003528270281094592,0.0009879054944875393
ORCL,2017-07-17,0.0,0.004764681376400404,0.0,0.0015882271254668012,0.004446990095890587
ORCL,2017-07-19,0.0,0.0014391011713996704,0.0,0.0004797003904665568,0.001343147295698302
ORCL,2017-07-20,0.0,4.34523681178689e-05,0.0,1.44841227059563e-05,4.055512675242923e-05
ORCL,2017-07-22,0.8672946095466614,0.000446944713985431,0.0,0.28924718475354894,0.027849014452416856
ORCL,2017-08-10,0.0,0.0004736464034067467,0.0,0.00015788213446891555,0.00044206541939744934
ORCL,2017-08-11,0.0,0.0042172480607405305,0.0,0.0014057493535801768,0.003936057626700383
ORCL,2017-08-21,0.0,0.0010113100579474121,0.0,0.0003371033526491374,0.0009438796590901618
ORCL,2017-08-22,0.0,0.002577143197413534,0.9949690699577332,0.3325154043850489,0.03727600807569438
ORCL,2017-08-31,0.6543973088264465,-0.00036562477180268615,0.0,0.21801056135154795,0.020356843994392484
ORCL,2017-09-02,-0.9482414126396179,4.5743287046207115e-05,-0.9963740706443787,-0.6481899133323168,-0.06486940318816366
ORCL,2017-09-05,-0.03332119186719259,0.008513658810746469,0.0,-0.00826917768548204,0.006892076313859802
ORCL,2017-09-06,-0.3347198963165283,0.00034871975185524207,0.0,-0.11145705885489103,-0.010261467906369746
ORCL,2017-09-11,-0.41866686940193176,0.0003376969580131117,0.0,-0.13944305748130623,-0.012926934788450814
ORCL,2017-09-13,0.0,0.0004950495012963074,0.0,0.00016501650043210248,0.00046204147018906856
ORCL,2017-09-14,-0.06945501906531197,0.000891566592534738,0.00010762044361659459,-0.02281861067638688,-0.0013609175611216564
ORCL,2017-09-15,-0.24836149540814487,0.0022490547981678074,0.0002793290398337624,-0.08194437052338109,-0.005746599786145335
ORCL,2017-09-17,0.0,0.0016883856151252985,0.0,0.0005627952050417662,0.0015758103779901164
ORCL,2017-09-18,0.26545554399490356,0.0016644406969135161,0.49830085039138794,0.25514027836106834,0.027413578430259655
ORCL,2017-09-24,0.0,0.00012625232193386182,0.0,4.2084107311287276e-05,0.00011783429616550821
ORCL,2017-09-29,-0.568190336227417,0.00026848731977224816,0.0,-0.18930728296921492,-0.01772084357475951
ORCL,2017-10-02,-0.5421231836080551,0.00038420045530074276,0.0,-0.18057966105091813,-0.016788361975026946
ORCL,2017-10-04,0.0,0.0008447877989965491,0.0,0.0002815959329988497,0.000788460515416632
ORCL,2017-10-05,0.0,0.0007945247125462629,0.0,0.0002648415708487543,0.0007415487971352378
ORCL,2017-10-06,0.6287556886672974,0.0005208456059335731,0.9636726975440979,0.530983077272443,0.05414703740799917
ORCL,2017-10-09,0.0,0.0007753436875646003,0.0,0.00025844789585486677,0.0007236466639863086
ORCL,2017-10-12,0.0,0.0003777343290494173,0.0,0.00012591144301647242,0.00035254842460485675
ORCL,2017-10-16,-0.9171760678291321,-0.0002205187047366053,0.9989321827888489,0.027178532084993396,0.005794196012399848
ORCL,2017-10-17,0.0,-0.00012446742039173841,0.0,-4.148914013057947e-05,-0.00011616839839067469
ORCL,2017-10-25,0.0,0.0005087854515295476,0.0,0.0001695951505098492,0.0004748615679796982
ORCL,2017-10-27,-0.7918186783790588,-0.00011314542643958703,-0.995934247970581,-0.5959553572586932,-0.06005475094033078
ORCL,2017-10-29,-0.9113768935203552,0.00013821537140756845,-0.9779556393623352,-0.6297314391704276,-0.06297158893528972
ORCL,2017-11-07,0.0,-0.00013268672046251595,0.0,-4.422890682083865e-05,-0.00012383966627836334
ORCL,2017-11-09,0.1474768320719401,0.007251334300841942,0.12336879968643188,0.09269898868640464,0.015756131534236526
ORCL,2017-11-13,0.0,0.0009473576543920595,0.0,0.0003157858847973532,0.0008841914129447769
ORCL,2017-11-14,0.0,4.309211908548605e-05,0.0,1.4364039695162015e-05,4.021889947566148e-05
ORCL,2017-11-28,-0.7887532114982605,0.00017669762746663764,0.0,-0.26285883795693127,-0.024782749449134125
ORCL,2017-12-01,0.9448537230491638,0.001492761010013055,0.9995936751365662,0.6486467197319143,0.0663110132123916
ORCL,2017-12-05,0.0,0.00015887462359387428,0.0,5.295820786462476e-05,0.00014828145798903946
ORCL,2017-12-07,0.0,-1.4141478459350765e-06,0.0,-4.713826153116922e-07,-1.3198577574184589e-06
ORCL,2017-12-11,0.0,5.575165141635807e-05,0.0,1.858388380545269e-05,5.203433899919445e-05
ORCL,2017-12-13,-0.44125381112098694,0.0018163122949772514,0.4995485544204712,0.020037018531487167,0.0052463714791582535
ORCL,2017-12-14,0.08438964400972639,0.00014685191854368895,0.42780653067997526,0.17078100886941514,0.01779958382824184
ORCL,2017-12-15,-0.12264239456918505,0.0020919039784025196,-0.11082149214214748,-0.07712399424431,-0.0058106252488995215
ORCL,2017-12-18,0.0,0.004662074068619404,0.0,0.0015540246895398013,0.0043512244836702695
ORCL,2018-01-02,0.0,0.0009926731072482653,0.0,0.00033089103574942175,0.0009264853709215566
ORCL,2018-01-03,0.23358472188313803,0.0006049567964510061,0.666314442952474,0.300168040544021,0.03130506160578753
ORCL,2018-01-04,0.4720257818698883,0.0002528172881284263,0.4993767738342285,0.3238851243307484,0.03266744453908297
ORCL,2018-01-08,0.8113407492637634,0.00022066186647862196,0.0,0.27052047037674737,0.025868041170551682
ORCL,2018-01-09,0.0,0.0026635564863681793,0.0,0.0008878521621227264,0.0024859605033239873
ORCL,2018-01-11,0.0,0.01296884921612218,0.0,0.004322949738707393,0.012104135025463597
ORCL,2018-01-15,0.0,0.008271275008155499,0.0,0.0027570916693851664,0.007719777405362025
ORCL,2018-01-24,-0.16313908994197845,0.0003414322363823885,0.0,-0.05426588590186535,-0.004841298812934719
ORCL,2018-01-29,0.0,8.293549763038754e-05,0.0,2.7645165876795847e-05,7.74056688821295e-05
ORCL,2018-01-31,-0.9667863845825195,0.004163027479080483,-0.9977013468742371,-0.6534415679925587,-0.061659724758665206
ORCL,2018-02-04,0.0,0.0005260367470327765,0.0,0.00017534558234425882,0.0004909625573034604
ORCL,2018-02-12,0.0,4.799999260285404e-07,0.0,1.599999753428468e-07,4.479953264788559e-07
ORCL,2018-02-13,0.0,0.0005973155657557072,0.0,0.00019910518858523574,0.0005574887829079184
ORCL,2018-02-15,0.0,-0.00010468504478922114,0.0,-3.489501492974038e-05,-9.770503759413546e-05
ORCL,2018-02-20,-0.7609899640083313,0.00297892243906972,-0.9983252882957458,-0.5854454432883358,-0.05627756068481954
ORCL,2018-02-26,0.9533807039260864,0.00017592705080460291,0.9996298551559448,0.6510621620442786,0.06535295080120515
ORCL,2018-03-02,-0.9442519545555115,0.0005606470658676699,-0.9983362555503845,-0.6473425210133428,-0.0643314164791116
ORCL,2018-03-06,-0.3106723725795746,0.005793078562419396,0.23648518323898315,-0.022798036926057346,0.003868586671246772
ORCL,2018-03-09,-0.946286141872406,0.018488326750230044,-0.8399112820625305,-0.5892363657282355,-0.04211110400327508
ORCL,2018-03-11,-0.5208700299263,0.0004295244871173054,0.0,-0.17348016847972758,-0.01607383838243999
ORCL,2018-03-12,-0.36416491866111755,5.723899812437594e-05,-0.498853862285614,-0.2876538473162024,-0.02894817789933631
ORCL,2018-03-15,-0.9518131017684937,0.0035606950405053794,-0.9940963983535767,-0.647449601693855,-0.0616219594096091
ORCL,2018-03-18,0.0,4.077241101185791e-05,0.9968173503875732,0.3322860409328617,0.034973529669138026
ORCL,2018-03-19,0.1333943009376526,0.0015988145598839765,0.1249609887599945,0.08665136808584369,0.010090882090099453
ORCL,2018-03-20,-0.34331072330474854,-0.03341882728193014,-0.18367215752601623,-0.18680056937089828,-0.048486403282864
ORCL,2018-03-21,0.2246166467666626,0.006422518889849016,0.24712331593036652,0.1593874938622927,0.02175967866137693
ORCL,2018-03-25,0.4679400622844696,0.004780253780154453,0.49982750415802,0.32418260674088134,0.036779577117411394
ORCL,2018-03-27,-0.4128888249397278,0.0012848335754824802,-0.3055495619773865,-0.2390511844472106,-0.022568795629615508
ORCL,2018-04-04,0.0,0.000135269234306179,0.9903782606124878,0.33017117661559797,0.0348360549012689
ORCL,2018-04-06,-0.8361535668373108,0.0001443667060812004,0.0,-0.2786697333770765,-0.026312161935154718
ORCL,2018-04-11,0.0,0.003591657779907109,0.0,0.0011972192599690363,0.003352179538836613
ORCL,2018-04-16,0.0,0.0013969358236257297,0.0,0.00046564527454190987,0.0013037933298909907
ORCL,2018-04-30,0.0,0.0005518810212379321,0.0,0.00018396034041264406,0.000515083672724277
ORCL,2018-05-07,0.0,0.0026502831606194377,0.0,0.0008834277202064792,0.002473572301938319
ORCL,2018-05-10,0.7846900820732117,0.004811317892745137,0.0,0.2631671333219856,0.029309668828443783
ORCL,2018-05-11,0.0,0.0011025786370737478,0.0,0.00036752621235791594,0.00102906277718369
ORCL,2018-05-16,0.0,-8.465880819130689e-05,0.0,-2.821960273043563e-05,-7.901407554117057e-05
ORCL,2018-05-18,0.8762165307998657,0.0019179464979970362,0.6594207286834717,0.5125184019937782,0.05261485922635792
ORCL,2018-05-22,0.0,0.0003074008109251736,-0.9959195852279663,-0.3318707281390137,-0.034617107355247013
ORCL,2018-05-30,0.8198164701461792,0.10548363468842581,0.9995161294937134,0.6416054114427728,0.1594106147749357
ORCL,2018-06-06,0.0,0.00029544561618877196,0.4992130398750305,0.1665028284970731,0.017771674894250033
ORCL,2018-06-14,-0.5148237645626068,0.0004424403493127708,-0.1658551593621572,-0.22674549452515044,-0.021683274462188182
ORCL,2018-06-15,-0.3650651276111603,0.021939654485322535,-0.49793562293052673,-0.28035369868545484,-0.008521091939936743
ORCL,2018-06-18,0.0,0.0018972882207890507,0.0,0.0006324294069296835,0.0017707841699011369
ORCL,2018-06-19,-0.10141734033823013,0.12531940662338414,-0.116337351500988,-0.030811761738611332,0.109678546361469
ORCL,2018-06-20,-0.24055643379688263,0.0020284633240711023,-0.002527440587679545,-0.08035180368683036,-0.0058039836572250795
ORCL,2018-06-21,0.0,0.0068812373210676014,0.0,0.0022937457736892006,0.006422422319867504
ORCL,2018-06-27,0.0,0.0019418011943344027,0.9254415035247803,0.3091277682397049,0.03424629433388952
ORCL,2018-07-10,0.5367486476898193,0.002292918972671032,0.9989977478981018,0.5126797715201974,0.05412888036760384
ORCL,2018-07-21,0.0,0.0011788443007390015,0.0,0.0003929481002463338,0.0011002433248890567
ORCL,2018-07-26,0.0,0.12830390490125865,0.0,0.04276796830041955,0.11974907622662109
ORCL,2018-07-31,-0.5102308392524719,0.0024112539540510625,0.0,-0.1692731950994736,-0.013887733668770968
ORCL,2018-08-01,0.0,9.739323650137521e-05,0.0,3.246441216712507e-05,9.089941641131463e-05
ORCL,2018-08-08,0.0,-5.460449028760195e-05,-0.8821374177932739,-0.2940640074278538,-0.030967249793582376
ORCL,2018-08-14,-0.5850813984870911,0.00013886650231142994,0.0,-0.19498084399492654,-0.018376073245837458
ORCL,2018-08-15,-0.9092345833778381,-0.0006546177610289305,0.0,-0.30329640037962236,-0.029369370222625382
ORCL,2018-08-23,0.4323594272136688,0.0003490409108053427,0.0,0.1442361560414914,0.014000968744414158
ORCL,2018-09-04,0.0,0.12152991438051686,0.0,0.04050997146017229,0.11342675434638833
ORCL,2018-09-05,-0.4735598564147949,-0.00019639598031062633,0.0,-0.1579187507983685,-0.015161639927693833
ORCL,2018-09-06,-0.918036162853241,0.0012324643321335316,0.0,-0.30560123284036916,-0.02788649895704726
ORCL,2018-09-07,0.9044749140739441,-0.0002900047111324966,0.9944249391555786,0.6328699495061301,0.06318881581804486
ORCL,2018-09-13,0.3808881640434265,0.000252363141044043,0.0,0.12704684239482353,0.012282740115450136
ORCL,2018-09-17,-0.29313937574625015,0.0021229839891627003,-0.1419816861550013,-0.14433269263736292,-0.012266379280262349
ORCL,2018-09-18,0.026487261056900024,-0.12391656824229624,0.12749595940113068,0.010022217405244819,-0.11034814808087572
ORCL,2018-09-27,0.8470030426979065,0.0008935717996791936,0.0,0.28263220483252854,0.027624055285838153
ORCL,2018-10-03,0.2941400110721588,0.004255133634615049,-0.2586642652750015,0.013243626477257445,0.004209431938083967
ORCL,2018-10-10,0.721251368522644,0.0024148693919414654,0.9995033740997314,0.574389870671439,0.060096101315935735
ORCL,2018-10-15,0.0,8.47040064400062e-05,0.0,2.82346688133354e-05,7.905626013971802e-05
ORCL,2018-10-17,0.0,6.431005022022873e-05,0.0,2.143668340674291e-05,6.00220966337606e-05
ORCL,2018-10-18,-0.7605269551277161,7.457150786649436e-05,-0.9401355981826782,-0.5668626606008426,-0.0569342405143269
ORCL,2018-10-23,-0.20590547720591226,7.698579671947907e-05,0.0,-0.0686094971363976,-0.006440781479897765
ORCL,2018-10-26,-0.7501028776168823,0.006670046474027913,0.0,-0.2478109437142848,-0.017499871961201296
ORCL,2018-11-07,0.0,0.00012923361646244302,0.0,4.307787215414768e-05,0.00012061679554529339
ORCL,2018-11-14,0.20949792861938477,0.0010784346207704705,0.3323877453804016,0.1809880362068523,0.01928198851262732
ORCL,2018-11-15,0.0,0.0030648973552160896,0.0,0.0010216324517386965,0.002860541484690475
ORCL,2018-11-28,-0.7178211808204651,0.0004413749575178372,-0.877161979675293,-0.5315139285127467,-0.05303410536107404
ORCL,2018-11-29,-0.2728259762128194,0.0036448531227506464,0.3164818286895752,0.015766901866502148,0.00586429345833459
ORCL,2018-12-12,-0.8928465247154236,0.006152736023068428,0.0,-0.29556459623078507,-0.02249756343828679
ORCL,2018-12-17,0.19951923191547394,0.0024975787580387987,0.12713250517845154,0.10971643861732143,0.013097306651949968
ORCL,2018-12-18,0.1574239241225379,0.14492116971294142,0.021990324769701277,0.10811180620172685,0.14100826198235847
ORCL,2018-12-19,0.0,-0.000632303359452635,0.0,-0.00021076778648421168,-0.0005901437366780297
ORCL,2018-12-26,-0.3185974061489105,0.0013861019633623073,0.49973025918006897,0.060839651664840254,0.008730743142001238
ORCL,2018-12-27,0.0,-0.005875555158127099,0.0,-0.0019585183860423663,-0.005483795281633953
ORCL,2018-12-28,0.0,8.761065510043409e-05,0.0,2.9203551700144697e-05,8.176910603796728e-05
ORCL,2019-01-02,0.0,0.0192515489179641,0.0,0.0064171829726547,0.017967928301587492
ORCL,2019-01-07,0.0,0.00014829751853540074,0.0,4.9432506178466916e-05,0.00013840959642818682
ORCL,2019-01-08,0.0,-5.2219249482732266e-05,0.0,-1.7406416494244088e-05,-4.8737465261831074e-05
ORCL,2019-01-09,-0.34167904655138653,0.0031436452348619546,-0.3323657512664795,-0.22363371752766803,-0.019521438547544612
ORCL,2019-01-14,0.0,7.232239568111254e-05,0.0,2.4107465227037512e-05,6.750020632423682e-05
ORCL,2019-01-15,-0.49978354573249817,0.000864056870341301,-0.9967942833900452,-0.49857125741740066,-0.04993599688004925
ORCL,2019-01-22,-0.9057831168174744,-3.934747655875981e-05,0.0,-0.3019408214313444,-0.028685956563888636
ORCL,2019-01-23,-0.7879987955093384,0.00031669233794673346,0.0,-0.26256070105713053,-0.024628227446849837
ORCL,2019-01-24,-0.8953176140785217,0.0016296897192660253,0.0,-0.29789597478641855,-0.026797188625293667
ORCL,2019-02-04,0.0,-0.0009820584091357887,0.0,-0.0003273528030452629,-0.0009165784822906287
ORCL,2019-02-07,0.0,0.06273901830718387,0.0,0.020913006102394622,0.058555811815819904
ORCL,2019-02-08,0.0,0.0031752473951200955,-0.9720174670219421,-0.322947406542274,-0.03110278000911949
ORCL,2019-02-14,-0.3750966191291809,0.002216615936049493,-0.4969491958618164,-0.2899430663516493,-0.027211788639411576
ORCL,2019-02-15,0.0,0.002905042332713492,0.0,0.0009683474442378307,0.0027113450174970763
ORCL,2019-02-19,0.0,0.00032727839425206184,0.0,0.00010909279808402061,0.00030545669516147034
ORCL,2019-02-25,0.0,0.00015439301205333322,0.0,5.1464337351111077e-05,0.0001440986635418238
ORCL,2019-03-04,-0.7195435166358948,0.0004520307411439717,0.9426193237304688,0.07450927927857265,0.010699272201770853
ORCL,2019-03-05,0.0,0.0060667940124403685,0.0,0.002022264670813456,0.005662282908685214
ORCL,2019-03-06,0.825678288936615,0.0005224304914008826,0.9950774312019348,0.6070927168766502,0.061477671349958525
ORCL,2019-03-11,-0.6257848689953486,-0.16210726946337672,-0.3495908280213674,-0.3791609888266976,-0.1833437844408525
ORCL,2019-03-12,-0.8978689312934875,0.0024514117030776106,-0.996235191822052,-0.630550903804154,-0.061026025115343926
ORCL,2019-03-13,0.0,0.041204935740097426,0.0,0.013734978580032475,0.03845754575018102
ORCL,2019-03-14,-0.11686972054568204,0.0027180467098911654,-0.0907482613216747,-0.06829997838582186,-0.004340138753152324
ORCL,2019-03-15,-0.0567262437608507,0.0020543209437972917,0.11128786537382337,0.018871980852256654,0.004023446144952137
ORCL,2019-03-17,0.0,0.00026824194719665684,0.0,8.941398239888561e-05,0.00025035657416486255
ORCL,2019-03-28,0.8536467552185059,0.007825361273717135,0.9912279844284058,0.6175667003068762,0.06904338000347086
ORCL,2019-03-29,-0.2824234366416931,0.00038872706863912754,0.0,-0.09401156985768466,-0.008570030791859567
ORCL,2019-04-09,0.8854520320892334,0.02726465783052845,0.997455894947052,0.6367241949556046,0.08841078367098414
ORCL,2019-04-10,-0.7046399712562561,0.003637086832895875,0.0,-0.23366762814112008,-0.018892648085603203
ORCL,2019-04-16,0.0,0.00030506664188578725,0.0,0.00010168888062859575,0.00028472593935630167
ORCL,2019-04-22,-0.9279277324676514,-0.0002745373931247741,-0.9707255959510803,-0.6329759552706188,-0.06362691990278244
ORCL,2019-04-29,-0.6337077021598816,0.003325977217173204,0.0,-0.21012724164756946,-0.01693948031295003
ORCL,2019-05-07,-0.9634414911270142,-0.0001896503963507712,-0.9303535223007202,-0.631328221274695,-0.06325604529059425
ORCL,2019-05-21,0.5587542057037354,0.317379309257376,0.6649768352508545,0.5137034500706553,0.33719605834424987
ORCL,2019-05-23,-0.9726543426513672,-0.9999984907744306,-0.9984446167945862,-0.990365816740128,-0.9990791753051199
ORCL,2019-06-04,0.9424027800559998,0.9716705428436399,0.9995909333229065,0.9712214187408487,0.9717233756186121
ORCL,2019-06-05,0.0,0.00035113541525788605,0.0,0.00011704513841929536,0.00032772301924769874
ORCL,2019-06-10,0.9257492423057556,0.08588236221112311,0.999032735824585,0.6702214467804879,0.14444991530687415
ORCL,2019-06-14,0.0,0.00015343922859756276,0.0,5.114640953252092e-05,0.00014320848158992574
ORCL,2019-06-17,0.0,0.00028489463875303045,-0.5148076415061951,-0.17150758228914734,-0.01777657385247237
ORCL,2019-06-18,-0.47278086628232685,0.14340001125050808,-0.1426871589251927,-0.15735600465233715,0.11388417795575669
ORCL,2019-06-19,0.27509245005520905,0.09125200478155177,0.4543254483829845,0.2735566344065818,0.10979138153379585
ORCL,2019-06-20,0.4004964828491211,0.09202791392012429,0.5450053973631426,0.345843264710796,0.11766005355029861
ORCL,2019-06-21,0.0,0.012050451652612537,0.0,0.004016817217537512,0.011246972667419931
ORCL,2019-06-26,0.9320005774497986,0.06460393438464962,0.9993953704833984,0.6653332941059489,0.12480068240585554
ORCL,2019-06-28,0.9040743112564087,-0.00024150937679223716,0.0,0.3012776006265388,0.028369777971761774
ORCL,2019-07-05,-0.9091877341270447,0.10766650212462991,-0.9984858632087708,-0.6000023650703952,0.03673683014168278
ORCL,2019-07-10,0.0,0.005734494683565572,0.0,0.0019114982278551906,0.005352140219019805
ORCL,2019-07-11,0.0,0.000813630293123424,0.0,0.000271210097707808,0.0007593804686945777
ORCL,2019-07-12,-0.6208789745966593,0.0015725623306934722,-0.6534215807914734,-0.4242426643524797,-0.04107069966237524
ORCL,2019-07-24,-0.8216302990913391,5.302536010276526e-05,0.0,-0.27385909124374547,-0.025938053037270963
ORCL,2019-08-23,0.0,0.04063311481149867,0.0,0.013544371603832891,0.03792385174285686
ORCL,2019-08-26,0.0,0.003140677057672292,0.0,0.0010468923525574307,0.0029312684053541533
ORCL,2019-09-04,-0.7391262054443359,-0.17105188965797424,-0.682381808757782,-0.5308533012866974,-0.20694023815732313
ORCL,2019-09-09,0.8814120888710022,0.7257371688565399,0.9948169589042664,0.8673220722106029,0.740091479324046
ORCL,2019-09-11,-0.0019071877002716064,-0.09818470141913167,0.09955691695213317,-0.00017832405575670304,-0.08820926581582723
ORCL,2019-09-12,0.11429661512374878,-0.2897982297390213,0.18188705227591775,0.0021284792202150757,-0.2604858542041155
ORCL,2019-09-13,0.0,0.0012451737047740608,0.0,0.0004150579015913536,0.0011621502147177375
ORCL,2019-09-15,0.0,8.814275497570634e-05,0.0,2.9380918325235445e-05,8.226572578625661e-05
ORCL,2019-09-16,0.0,0.00121931479225168,0.998866081237793,0.33336179867668153,0.036145293126344055
ORCL,2019-09-17,0.8805955052375793,0.0026462513487786055,0.9995760321617126,0.6276059295826902,0.06535453617713914
ORCL,2019-09-26,0.0,0.0005694864121323917,0.0,0.00018982880404413058,0.0005315151850326659
ORCL,2019-09-27,0.8488219976425171,0.002404113532975316,0.9995023012161255,0.6169094707972059,0.06412098722149497
ORCL,2019-10-02,0.0,-0.0013769995421171188,0.0,-0.0004589998473723729,-0.001285186363539802
ORCL,2019-10-07,0.0,8.886082287062891e-05,-0.9980850219726562,-0.33266538704992854,-0.034896968006871885
ORCL,2019-10-08,-0.3936612804730733,-0.04163680891069058,-0.16934781273206076,-0.20154863403860823,-0.05724696656873366
ORCL,2019-10-11,0.4567587971687317,0.4993739646843096,0.49983304738998413,0.4853219364143418,0.4980421759704194
ORCL,2019-10-17,0.0,0.00021374323114287108,0.0,7.124774371429037e-05,0.00019949163203163188
ORCL,2019-10-18,-0.40421855449676514,-0.00039931369610712864,0.0,-0.13487262273095743,-0.013157815085949747
ORCL,2019-10-21,0.0,0.0005507169043994509,0.0,0.00018357230146648362,0.0005139971408878971
ORCL,2019-10-25,-0.45740509033203125,0.0037218556317384355,-0.49910444021224976,-0.31759589163751417,-0.028485802125933043
ORCL,2019-10-29,-0.900417685508728,-0.00031695507641416043,-0.8940245509147644,-0.5982530638333022,-0.06010824451744688
ORCL,2019-10-31,0.0,0.10451291891513392,0.9759582281112671,0.36015704900880036,0.13174881751554546
ORCL,2019-11-06,0.0,0.005543187231523916,0.0,0.0018477290771746386,0.005173588269283829
ORCL,2019-11-12,0.6245426535606384,0.0023296273866435513,0.9992129802703857,0.5420284204058893,0.056947542142704845
ORCL,2019-11-14,0.0,0.003395392093807459,0.0,0.0011317973646024864,0.003169000050009496
ORCL,2019-11-15,0.0,0.006552312785061076,0.0,0.0021841042616870254,0.006115429268689391
ORCL,2019-12-09,0.0,0.003323151817312464,0.0,0.001107717272437488,0.00310157640343478
ORCL,2019-12-11,0.0,0.003794136777287349,0.0,0.001264712259095783,0.0035411578480744896
ORCL,2019-12-12,-0.047592749198277794,-0.062369473380670115,0.00026430686314900714,-0.0365659719052663,-0.059706969437730004
ORCL,2019-12-13,0.16468901588366583,-0.07224422454190801,0.15388737733547503,0.08211072289241095,-0.056824969743000574
ORCL,2019-12-16,0.0,-0.0008323310175910592,0.9543384313583374,0.31783536678024876,0.03266988206330923
ORCL,2019-12-18,-0.964603066444397,0.0002962245198432356,-0.9950241446495056,-0.6531103288580198,-0.06510581891988419
ORCL,2020-01-06,0.0,-0.0012340864341240376,0.0,-0.0004113621447080125,-0.0011518021941612393
ORCL,2020-01-08,0.0,-3.307132465124596e-05,0.0,-1.1023774883748652e-05,-3.086625073447091e-05
ORCL,2020-01-13,0.0,-0.0002635456185089424,0.0,-8.784853950298081e-05,-0.0002459733689204267
ORCL,2020-01-17,0.0,0.0022897110029589385,0.0,0.0007632370009863129,0.0021370416654818533
ORCL,2020-01-23,-0.9234861135482788,0.009830463633988984,0.0,-0.3045518833047633,-0.02003415985045759
ORCL,2020-01-27,-0.7463753819465637,0.1281488505192101,0.9964128136634827,0.1260620940787097,0.1309183786318296
ORCL,2020-01-29,0.0,0.0032114792556967586,0.0,0.001070493085232253,0.0029973497504982055
ORCL,2020-01-31,0.0,0.003158171515678987,0.0,0.0010527238385596622,0.002947596371178535
ORCL,2020-02-01,0.0,0.0009965903300326318,0.0,0.00033219677667754394,0.0009301414418977913
ORCL,2020-02-04,0.9448466300964355,0.9999849978839848,0.999661922454834,0.9814978501450847,0.9982296732849383
ORCL,2020-02-10,0.0,0.02429849049076438,0.0,0.008099496830254793,0.022678358471914007
ORCL,2020-02-11,-0.42974337935447693,0.0005511101990123279,0.0,-0.1430640897184882,-0.013078092751820477
ORCL,2020-02-13,0.0,1.056552946465672e-06,0.0,3.5218431548855733e-07,9.86105948203713e-07
ORCL,2020-02-14,0.0,-0.00010161254613194615,0.0,-3.3870848710648715e-05,-9.483740165414594e-05
ORCL,2020-02-26,0.16301966905593873,0.3998112608527663,0.20143920183181763,0.25475671058017424,0.38536937996081516
ORCL,2020-02-27,-0.9731487035751343,-0.9998289068535087,-0.9985747337341309,-0.9905174480542579,-0.9989411032033245
ORCL,2020-02-28,-0.9497821629047394,-0.4996340453767516,-0.9966129660606384,-0.8153430581140432,-0.5312895281813073
ORCL,2020-03-03,-0.4823705852031708,0.013987505502882414,-0.9946921467781067,-0.48769174215946504,-0.03706313807895242
ORCL,2020-03-04,0.13017290830612183,0.34000945811923106,0.666356086730957,0.3788461510521033,0.3448099567860476
ORCL,2020-03-05,-0.9722216129302979,-0.9991842763301975,-0.9982200264930725,-0.9898753052511893,-0.9982976498674987
ORCL,2020-03-06,-0.948545902967453,-0.49999683983992327,-0.9961107969284058,-0.8148845132452607,-0.5315714231845002
ORCL,2020-03-09,-0.4864208698272705,-0.4993297784791366,0.0004000365734100342,-0.32845020391099905,-0.4814074368633124
ORCL,2020-03-10,-0.4548644721508026,-0.47976624500734033,0.49970895051956177,-0.1449739222128604,-0.44465094017483603
ORCL,2020-03-11,-0.9729159474372864,-0.9999965933764088,-0.9983287453651428,-0.9904137620596126,-0.9990816085441234
ORCL,2020-03-12,-0.0036596493287519975,0.007036691671973052,0.08675745942375877,0.03004483392232661,0.009492349567011374
ORCL,2020-03-13,0.2713608850132335,0.09437169675510662,0.1878807327964089,0.18453777152158302,0.10324694515824807
ORCL,2020-03-16,-0.3239811261494954,-0.33103078357423027,-0.33259514967600506,-0.3292023531332436,-0.3308626368917776
ORCL,2020-03-17,0.9484395384788513,0.9999999938781752,0.9996656179428101,0.9827017167666122,0.9983574626347894
ORCL,2020-03-19,-0.9720759391784668,-0.9999966134248552,-0.9984214305877686,-0.9901646610636968,-0.9990582880610218
ORCL,2020-03-20,0.8842987815539042,0.33401870056083993,0.999404509862264,0.739240663992336,0.37474343670179927
ORCL,2020-03-24,0.9387989640235901,0.9999993903887328,0.9996511936187744,0.9794831826770324,0.9980514767466888
ORCL,2020-03-25,0.0,0.014208737862645648,0.0,0.004736245954215216,0.013261352276990986
ORCL,2020-03-26,-0.8817270398139954,-0.9999249069028338,0.9985880255699158,-0.29435464038230447,-0.9261444707949941
ORCL,2020-03-27,-0.9689633250236511,0.9999264379657689,-0.9987642765045166,-0.322600387854133,0.8676038082761736
ORCL,2020-03-28,0.0,0.0009716662461869419,0.0,0.0003238887487289806,0.0009068791755670411
ORCL,2020-03-30,0.9509713649749756,0.9999987534629717,0.9996662139892578,0.9835454441424017,0.9984363950362012
ORCL,2020-03-31,-0.15570221344629923,0.0006447883646008753,0.3331705331802368,0.05937103603284616,0.007353687024512848
ORCL,2020-04-02,0.0,-5.971491918899119e-05,0.0,-1.9904973062997062e-05,-5.573335175084997e-05
ORCL,2020-04-06,0.9447356462478638,0.999911220149329,0.9996798038482666,0.9814422234151531,0.998157974797611
ORCL,2020-04-08,0.9515264630317688,0.9999999937839634,0.9996635913848877,0.9837300160668733,0.998455028691068
ORCL,2020-04-15,0.0,0.028752889396855608,0.0,0.009584296465618536,0.026835754368228798
ORCL,2020-04-17,0.9481644630432129,0.999999954393143,0.9996675252914429,0.982610647575933,0.9983487734239539
ORCL,2020-04-21,-0.973160982131958,-0.999992139906908,-0.9985964894294739,-0.99058320382278,-0.9990945701544116
ORCL,2020-04-22,0.8870586156845093,0.00017033334006555378,0.9993013143539429,0.6288434211261725,0.0632384983585609
ORCL,2020-04-28,0.0,0.0018764619599096477,0.0,0.0006254873199698826,0.0017513465499610357
ORCL,2020-04-29,0.3838944435119629,0.004247974444297142,0.49846163392066956,0.29553468395897653,0.033576619427775775
ORCL,2020-04-30,0.0,0.00023095973301678896,0.0,7.698657767226298e-05,0.00021556020196172615
ORCL,2020-05-11,-0.48461997509002686,0.004607141396263614,0.0,-0.16000427789792107,-0.011028207534193545
ORCL,2020-06-04,0.0,0.00277320749592036,0.0,0.00092440249864012,0.0025883005023798716
ORCL,2020-06-11,-0.9737340807914734,-0.9999866345165174,-0.9987591505050659,-0.9908266219376856,-0.9991132796162281
BAC,2014-10-10,0.47641149163246155,4.393026392790489e-05,0.49984025955200195,0.32543189381613047,0.03262744578095276
BAC,2014-10-12,-0.3493897020816803,0.08146806161676068,0.0,-0.08930721348830654,0.06498514393369904
BAC,2014-10-13,0.0,0.00013897111330152256,0.0,4.632370443384085e-05,0.0001297050367641009
BAC,2014-10-14,0.0,0.0005660267052007839,0.0,0.0001886755684002613,0.0005282861753947204
BAC,2014-10-15,-0.28255199988683066,-1.5693136674599373e-05,-0.09509945710500081,-0.12588905004283535,-0.012284504629349715
BAC,2014-10-16,0.10710202323065864,0.004457668792585739,0.3332493238978916,0.148269671973712,0.01922739919758773
BAC,2014-10-17,0.0,0.00038721001692465506,0.0,0.0001290700056415517,0.0003613923048136624
BAC,2014-10-22,-0.6637722253799438,0.00013757203123532236,-0.8986203074455261,-0.5207516535980782,-0.05236017480118182
BAC,2014-10-23,0.0,-3.904529148712754e-05,0.0,-1.3015097162375847e-05,-3.644189750603781e-05
BAC,2014-10-24,0.5197750329971313,0.003534714021952823,0.0,0.17443658233969472,0.019739122347512475
BAC,2014-10-27,0.0,3.910362283932045e-05,0.0,1.3034540946440151e-05,3.649633954186442e-05
BAC,2014-10-28,0.0,-0.0003064529737457633,0.0,-0.00010215099124858777,-0.00028601983579365465
BAC,2014-10-30,-0.29911595582962036,0.001349458998447517,-0.31764280796051025,-0.20513643493056102,-0.019333761795150426
BAC,2014-11-03,0.9205263257026672,-4.035594247397967e-05,0.9992075562477112,0.6398978420026348,0.06409712937805485
BAC,2014-11-06,-0.4423285126686096,0.0017976447561522946,0.0,-0.14684362263748577,-0.012312730652188845
BAC,2014-11-07,-0.44807642698287964,0.001109421328692406,-0.495390385389328,-0.3141191303478384,-0.03049882390655889
BAC,2014-11-10,0.9273282885551453,0.0003826925894827582,0.9992014765739441,0.6423041525728573,0.06470689845849754
BAC,2014-11-11,0.0,2.1247717086225748e-05,0.0,7.08257236207525e-06,1.9830998791462492e-05
BAC,2014-11-13,0.0,1.5085059203556739e-05,0.0,5.0283530678522465e-06,1.4079243883984358e-05
BAC,2014-11-14,0.6624279618263245,0.001015116082271561,-0.6634830832481384,-1.3335113180801272e-05,-0.0013535779723203194
BAC,2014-11-17,0.0,0.02530574838965549,0.0,0.008435249463218497,0.023618455370415813
BAC,2014-11-20,0.0,0.00025688567529869033,0.0,8.562855843289678e-05,0.00023975751042756884
BAC,2014-11-24,0.0,-5.328038241714239e-07,0.0,-1.7760127472380796e-07,-4.972784582151529e-07
BAC,2014-11-25,0.0,0.000506023206980899,-0.9940764904022217,-0.3311901557317469,-0.034367133394978606
BAC,2014-12-01,0.7471083402633667,0.02051649580243975,0.9982929825782776,0.5886392728813613,0.07776619510988907
BAC,2014-12-04,0.9041759371757507,1.6605663404334337e-05,0.9994805455207825,0.6345576961199791,0.06364271007555976
BAC,2014-12-05,0.0,0.005938773414527532,0.3139858643213908,0.10664154591197278,0.0165470662562238
BAC,2014-12-08,-0.13231776158014932,0.005905124597120448,8.771816889444986e-06,-0.04213462172204648,0.0013265900699883885
BAC,2014-12-09,-0.48683884739875793,6.889821588629275e-05,-0.4964161515235901,-0.3277287002354872,-0.032731944853716194
BAC,2014-12-10,0.0,0.0014737112160219112,0.49755629897117615,0.166343336729066,0.01881331432989825
BAC,2014-12-11,0.2274638613065084,0.0002641049826100546,0.0,0.07590932209637281,0.007441004612151309
BAC,2014-12-12,0.7570242881774902,0.0004157265939284116,-0.9797284007072449,-0.07409612864527541,-0.01000444781407573
BAC,2014-12-14,0.0,0.01223819587903563,0.0,0.00407939862634521,0.011422198960511115
BAC,2014-12-15,0.8767972588539124,0.002079228033835534,0.9994562268257141,0.626110904571154,0.06470098529691318
BAC,2014-12-16,-0.3143888513247172,0.00010418611661104175,0.0,-0.10476155506936873,-0.009846641101466738
BAC,2014-12-17,0.17254130045572916,0.006517619122557032,0.0,0.05968630652609539,0.011540399004161754
BAC,2014-12-18,-0.7950066328048706,3.024201578227803e-05,-0.6800282597541809,-0.4916682168477564,-0.04895019370071487
BAC,2014-12-24,0.0,-0.0005418892778834561,0.0,-0.00018062975929448535,-0.0005057581329524041
BAC,2014-12-30,0.0,-0.0001657867687754333,0.0,-5.526225625847777e-05,-0.00015473272718589693
BAC,2015-01-03,0.0,0.0006422853584808763,0.0,0.00021409511949362545,0.000599460149582477
BAC,2015-01-05,0.894912838935852,0.00033570523737580515,0.9986781477928162,0.6313088973220147,0.06361942686441044
BAC,2015-01-06,-0.4951469302177429,0.002159498806577176,0.0,-0.1643291438037219,-0.013645610101260626
BAC,2015-01-08,0.0,0.0001457452744944021,0.0,4.8581758164800704e-05,0.00013602752477505147
BAC,2015-01-09,0.0,0.00041149271419271827,-0.9714888334274292,-0.3236924469044122,-0.03366373089611243
BAC,2015-01-11,0.0,-0.0005603406607406214,0.0,-0.0001867802202468738,-0.0005229792279462903
BAC,2015-01-12,0.0,0.00041149271419271827,-0.9714888334274292,-0.3236924469044122,-0.03366373089611243
BAC,2015-01-13,0.0,0.0015008597729320172,0.0,0.0005002865909773391,0.001400788026924621
BAC,2015-01-14,0.0,0.0021251116656155014,0.0,0.0007083705552051672,0.001983417146442472
BAC,2015-01-15,-0.3846018594854018,0.007689982640145258,-0.4084070430082433,-0.26177297328449994,-0.01930087033629696
BAC,2015-01-16,-0.015330870946248373,0.00035260809697016765,0.0006152590115865072,-0.004787667945897233,-0.0001342433020794606
BAC,2015-01-18,0.0,-0.0015893942909315228,0.0,-0.0005297980969771743,-0.0014834194250004113
BAC,2015-01-19,0.0,9.960291754396167e-05,0.0,3.320097251465389e-05,9.296176928077123e-05
BAC,2015-01-20,0.2362922877073288,0.000359273862613918,0.25173360109329224,0.16279505422107832,0.016631576673135376
BAC,2015-01-21,0.0,0.0017169524580822326,0.0,0.0005723174860274108,0.001602472456763491
BAC,2015-01-22,-0.8094925880432129,-0.0002145890066458378,0.0,-0.2699023923499529,-0.02580391728597488
BAC,2015-01-23,-0.590269148349762,-7.591650319227483e-05,0.0,-0.19678168828431808,-0.018740619911993068
BAC,2015-01-27,-0.2710360487302144,0.014290445532727366,-0.6561630765597025,-0.3043028932523965,-0.018231612799657036
BAC,2015-01-28,0.0,0.00041149271419271827,-0.9714889526367188,-0.323692486640842,-0.033663735074042564
BAC,2015-01-29,0.0,0.0003180340863764286,0.0,0.0001060113621254762,0.00029682876315514516
BAC,2015-02-03,0.0,0.0013836301004630513,0.0,0.0004612100334876838,0.0012913748142670872
BAC,2015-02-04,0.2588614821434021,0.003923504533304367,0.0,0.08759499555890216,0.011849492244951135
BAC,2015-02-11,-0.7040417194366455,3.441447734076064e-05,0.0,-0.2346691016531016,-0.02223618547210502
BAC,2015-02-12,0.0,0.0041349789298692485,0.0,0.0013783263099564162,0.003859274160274356
BAC,2015-02-13,-0.4844982624053955,0.0018121458888344932,-0.4990987479686737,-0.32726162149507826,-0.031124916458691924
BAC,2015-02-17,0.0,0.0003553997812559828,0.9958071708679199,0.332054190216392,0.03523177509683157
BAC,2015-02-23,0.0,0.000820601693703793,0.0,0.0002735338979012643,0.0007658870559435548
BAC,2015-02-24,0.0,0.0009118723392020911,0.0,0.00030395744640069705,0.0008510721297943887
BAC,2015-02-25,0.0,0.00015892503870418295,0.0,5.2975012901394315e-05,0.00014832851839920264
BAC,2015-02-26,0.0,0.00025225675926776603,0.0,8.408558642258868e-05,0.00023543721537645933
BAC,2015-02-27,-0.3986527919769287,0.0001258846218661347,-0.4964175820350647,-0.2983148297967091,-0.02988955021721802
BAC,2015-02-28,0.0,0.0011648438849078957,0.0,0.0003882812949692986,0.0010871764757183853
BAC,2015-03-03,0.0,0.0005052704946137965,0.0,0.00016842349820459882,0.00047158094807952464
BAC,2015-03-05,-0.07160983979701996,0.007756048786480581,0.16117196281750998,0.03243939060232353,0.010622536138127706
BAC,2015-03-08,0.0,0.0026708145160228014,0.0,0.0008902715053409338,0.002492734594711081
BAC,2015-03-09,0.0,0.022134023194666952,0.0,0.007378007731555651,0.020658208943679042
BAC,2015-03-10,0.0,0.0008205747726606205,0.0,0.00027352492422020685,0.0007658619027315427
BAC,2015-03-11,-0.34707534313201904,0.0003890330481226556,0.49560657143592834,0.04964008711734399,0.006754896585573234
BAC,2015-03-12,-0.2700736920038859,0.0008280822318435336,0.0,-0.08974853659068079,-0.007769356834430488
BAC,2015-03-14,-0.7130721807479858,0.005427716940175742,-0.9981643557548523,-0.5686029398542208,-0.052470799377723996
BAC,2015-03-16,0.3981911242008209,0.036764662250789115,0.911674827337265,0.44887687126295833,0.07885930091826412
BAC,2015-03-17,0.3138553897539775,0.0021011648350395262,0.6033715407053629,0.30644269843145994,0.03303444852132272
BAC,2015-03-19,0.0,0.002442979224724695,0.0,0.000814326408241565,0.002280090535545015
BAC,2015-03-21,-0.7152777314186096,0.002455010690027848,0.0,-0.23760757357619391,-0.02033237201297612
BAC,2015-03-22,0.0,-3.803111758315936e-05,0.9800542593002319,0.32667207606088294,0.034312484106813194
BAC,2015-03-25,0.0,0.00031940312328515574,0.0,0.00010646770776171859,0.00029810652459472787
BAC,2015-03-26,0.0,0.00017043658954207785,0.0,5.681219651402595e-05,0.0001590725119018215
BAC,2015-03-31,0.0,0.001123603797168471,0.0,0.000374534599056157,0.0010486860854146288
BAC,2015-04-06,0.0,0.005453746271086857,0.9995410442352295,0.33499826350210543,0.04012104405531645
BAC,2015-04-07,0.0,0.0043798591614176985,0.9954462051391602,0.33327535476685927,0.03897524782418553
BAC,2015-04-08,0.0,-0.0017536332597956061,0.0,-0.0005845444199318687,-0.0016367075537832493
BAC,2015-04-12,0.0,0.0010604241688270122,0.7915023565292358,0.26418759356602095,0.028729516510559158
BAC,2015-04-13,0.0,0.1907844305213075,0.0,0.06359481017376917,0.17806363277504028
BAC,2015-04-14,0.0,0.00024849292094586417,0.0,8.28309736486214e-05,0.00023192434929625958
BAC,2015-04-15,-0.21432256698608398,0.011840688509323627,0.004766575992107391,-0.06590510082821766,0.004439389397330445
BAC,2015-04-16,0.0,-4.227290446578991e-06,0.0,-1.4090968155263302e-06,-3.945430532469497e-06
BAC,2015-04-17,0.0,0.0007294551833183505,0.0,0.0002431517277727835,0.0006808178607130709
BAC,2015-04-20,0.3024016320705414,0.00038572120683966205,0.0,0.10092911775912701,0.009924736910810885
BAC,2015-04-22,-0.4233795702457428,-8.849748542161251e-05,-0.3658141791820526,-0.2630940823044057,-0.026294467521711874
BAC,2015-04-28,-0.2996533215045929,0.00037428465111588594,0.0,-0.099759678951159,-0.009128478407617956
BAC,2015-04-29,-0.9501668810844421,0.0003104021161561832,0.0,-0.316618826322762,-0.029763351735208308
BAC,2015-04-30,0.0,0.0005157299638085533,0.0,0.00017190998793618442,0.00048134300201666317
BAC,2015-05-01,0.0,0.002915928795118816,0.0,0.0009719762650396054,0.0027215056113117993
BAC,2015-05-03,0.0,4.992891626898199e-05,0.0,1.6642972089660663e-05,4.6599842899409266e-05
BAC,2015-05-05,-0.722612202167511,0.006746983039192855,-0.9969565868377686,-0.5709406019886956,-0.05149891167445988
BAC,2015-05-07,-0.9452400803565979,2.9456366974045523e-05,-0.9433709979057312,-0.6295272072984517,-0.0629320746404481
BAC,2015-05-15,-0.9272666573524475,0.002155891388611053,-0.9906954765319824,-0.6386020808319396,-0.06203751848620752
BAC,2015-05-20,-0.7882022261619568,0.008139212404785212,-0.9769582152366638,-0.5856737429979452,-0.05157319025941617
BAC,2015-05-21,0.0,0.004868540912866592,0.0,0.0016228469709555309,0.004543924816366849
BAC,2015-05-24,-0.7897500395774841,0.00014091666162130423,0.0,-0.2632030409719543,-0.02484767358632717
BAC,2015-05-25,0.0,0.0001768302172422409,0.0,5.8943405747413635e-05,0.00016503983981875538
BAC,2015-05-28,-0.3964214026927948,0.000318561733365641,-0.9110997319221497,-0.4357341909605263,-0.044172515784924385
BAC,2015-05-31,0.0,0.005909483414143324,0.0,0.0019698278047144413,0.005515461165473408
BAC,2015-06-01,0.0,0.00018240597273688763,0.0,6.080199091229588e-05,0.0001702438247940406
BAC,2015-06-07,0.0,0.0012728625697491225,0.0,0.0004242875232497075,0.0011879928311801142
BAC,2015-06-08,0.0,0.00556927835168608,0.0,0.0018564261172286933,0.005197939620800775
BAC,2015-06-09,0.0,0.0007265791828103829,0.0,0.0002421930609367943,0.0006781335838112945
BAC,2015-06-11,-0.2943332592646281,0.0010102618543896824,-0.32099755605061847,-0.20477351782028563,-0.019616643508851356
BAC,2015-06-18,0.2173051635424296,0.0035744690685532987,-0.004467626412709554,0.07213733539942445,0.010052757484244326
BAC,2015-06-22,0.42106733719507855,0.002094097827163447,-0.33142930269241333,0.030577377443276228,0.0036569025202378563
BAC,2015-06-24,-0.2523479461669922,0.0048927171037576045,-0.4817207455635071,-0.2430586582089139,-0.02029796073397734
BAC,2015-06-29,0.0,0.0013652336565428413,0.9990941286087036,0.3334864540884155,0.03628947510128037
BAC,2015-07-02,0.0,0.00023626610345672816,0.0,7.875536781890939e-05,0.00022051276347007304
BAC,2015-07-06,-0.9729521870613098,0.0012716654382529669,-0.9835104942321777,-0.6517303386184116,-0.06405597398010024
BAC,2015-07-07,0.0,3.908485723513877e-05,0.0,1.3028285745046256e-05,3.6478826006826765e-05
BAC,2015-07-09,-0.6151878237724304,0.0017695747374091297,0.0,-0.20447274967834042,-0.01780633794345987
BAC,2015-07-13,0.0,0.014457451349517213,0.0,0.004819150449839071,0.013493482415417056
BAC,2015-07-15,0.2499915361404419,0.0038625770553678126,0.11877965468626756,0.12421125596069242,0.01567495003687136
BAC,2015-07-16,0.0,0.01963388606782246,0.0,0.006544628689274153,0.01832477143341871
BAC,2015-07-17,-0.3193308512369792,0.002086626448241683,-0.33197931448618573,-0.21640784642497443,-0.01978757898553508
BAC,2015-07-20,0.46132975816726685,0.08547079645177291,0.4997813403606415,0.3488606316598937,0.11187927859215656
BAC,2015-07-21,0.0,0.00012745252752210945,0.0,4.248417584070315e-05,0.00011895446974387197
BAC,2015-07-22,0.0,0.0019149847503285855,0.0,0.0006383282501095285,0.0017873007576523145
BAC,2015-07-27,0.0,8.415299816988409e-05,0.0,2.8050999389961362e-05,7.854199103991146e-05
BAC,2015-07-28,0.0,0.0007785519119352102,0.0,0.0002595173039784034,0.000726640982747596
BAC,2015-07-29,0.0,0.0015389001637231559,0.0,0.0005129667212410519,0.0014362920844760876
BAC,2015-07-30,0.0,0.0010114548786077648,0.0,0.00033715162620258826,0.0009440148236506075
BAC,2015-07-31,0.0,0.0005201172753004357,0.0,0.00017337242510014525,0.0004854378145484279
BAC,2015-08-03,0.0,-4.172284388914704e-05,0.0,-1.3907614629715681e-05,-3.894092072971149e-05
BAC,2015-08-04,0.0,0.0005201172753004357,0.0,0.00017337242510014525,0.0004854378145484279
BAC,2015-08-05,0.0,0.0007400500326184556,0.0,0.00024668334420615184,0.0006907062783027804
BAC,2015-08-06,0.0,2.1765208657598123e-06,0.0,7.255069552532708e-07,2.031398596061726e-06
BAC,2015-08-10,-0.29223014911015827,0.0012902455103661243,-0.3246987859408061,-0.20521289651353278,-0.019418525263908443
BAC,2015-08-11,0.0,0.003174921606841963,0.0,0.0010583072022806543,0.002963229608546736
BAC,2015-08-12,0.0,0.0005201172753004357,0.0,0.00017337242510014525,0.0004854378145484279
BAC,2015-08-13,0.0,0.0009371568539791042,0.0,0.0003123856179930347,0.0008746707320550902
BAC,2015-08-14,0.3982379734516144,0.0002956812459160574,0.49909618496894836,0.29920994655549293,0.030363764288987297
BAC,2015-08-18,0.0,0.006970968846871983,0.0,0.0023236562822906612,0.006506170889977459
BAC,2015-08-19,0.0,0.0015389001637231559,0.0,0.0005129667212410519,0.0014362920844760876
BAC,2015-08-21,0.0,0.0005201172753004357,0.0,0.00017337242510014525,0.0004854378145484279
BAC,2015-08-24,0.4033370514710744,-0.16429051199520472,0.4983660082022349,0.2458041825593682,-0.1231127530273222
BAC,2015-08-25,0.2901705238554213,0.0035466803674353287,0.6090510421329074,0.30092274878525466,0.03383349749880803
BAC,2015-08-26,0.6178919076919556,0.3330444882061177,0.6417031089464823,0.5308798349481852,0.3528715711415098
BAC,2015-09-01,-0.3758937120437622,0.001803227100026561,-0.37692543864250183,-0.2503386411954125,-0.023416350889061566
BAC,2015-09-02,0.0,0.0003116171501460485,0.0,0.00010387238338201617,0.00029083969101983574
BAC,2015-09-03,0.4665393978357315,0.0012644799953704933,0.49715152382850647,0.3216518005532028,0.03336013429628017
BAC,2015-09-04,-0.8998860120773315,0.00014170377107802778,-0.6624248027801514,-0.5207230370288016,-0.051546470300059224
BAC,2015-09-08,0.0,0.0019694943766808137,0.49961692094802856,0.16719547177490313,0.01934825918835366
BAC,2015-09-16,0.0,0.0037644372532668058,0.0,0.001254812417755602,0.003513438682477501
BAC,2015-09-18,0.0,0.0004944755346514285,0.0,0.00016482517821714282,0.00046150575566714146
BAC,2015-09-22,0.0,0.00011322900536470115,0.9956234097480774,0.33191221291781403,0.03499931106950632
BAC,2015-09-23,0.0,0.0002567491928857635,0.0,8.558306429525449e-05,0.0002396301145697533
BAC,2015-09-25,0.822579026222229,0.009045098922797479,0.9966694712638855,0.6094311988029707,0.06938984901926723
BAC,2015-09-29,-0.9576933979988098,0.008352221921086311,-0.9974429607391357,-0.6489280456056198,-0.0574531900125541
BAC,2015-10-01,0.0,0.44267164790653624,0.0,0.1475572159688454,0.4131559664313487
BAC,2015-10-12,-0.4632357358932495,0.3609615202440182,0.0,-0.03409140521641044,0.322242167472766
BAC,2015-10-13,-0.23152966797351837,0.006978956027523964,0.011111140251159668,-0.07114652389827825,-0.0004200699992393282
BAC,2015-10-14,-0.02402269381743211,0.031532115797867494,-0.07524737486472496,-0.022579317628096524,0.0260326568759503
BAC,2015-10-15,-0.27301710844039917,0.006493987784779165,0.0,-0.08884104021854,-0.0025743308060124127
BAC,2015-10-19,0.0,0.0025616229977458715,0.0,0.0008538743325819572,0.0023908235584241995
BAC,2015-10-23,0.7187497019767761,0.00022956507746130228,0.0,0.23965975568474582,0.02294776618591592
BAC,2015-10-28,0.0,-0.0001610996796443942,0.0,-5.369989321479807e-05,-0.00015035815986956023
BAC,2015-10-30,0.0,0.0005939628317719325,0.9164261221885681,0.30567336167344666,0.032672362598609256
BAC,2015-11-03,0.0,0.0006663718304480426,0.0,0.00022212394348268086,0.0006219406562569517
BAC,2015-11-04,0.0,0.00019813276412605774,0.0,6.604425470868591e-05,0.00018492201425971137
BAC,2015-11-05,0.5183839201927185,0.0003087128861807287,0.4370066821575165,0.31856643841213855,0.032000000223114645
BAC,2015-11-06,0.02608540654182434,0.006771354160264309,0.011316120624542236,0.014724293775543629,0.007541523348375302
BAC,2015-11-07,-0.8347289562225342,0.001902999974845443,0.9227501153945923,0.029974719715634517,0.007713911649197496
BAC,2015-11-11,-0.9407937526702881,0.012946341157658026,0.0,-0.30928247050421004,-0.017673464889698932
BAC,2015-11-12,0.0,0.0007720276407781057,0.0,0.00025734254692603525,0.0007205517323769724
BAC,2015-11-13,0.0,-4.521298251347616e-05,0.0,-1.5070994171158722e-05,-4.219834996600229e-05
BAC,2015-11-25,0.0,0.004324634886870626,0.0,0.0014415449622902088,0.004036284538640876
BAC,2015-12-01,0.0,4.8288631660398096e-05,0.0,1.6096210553466033e-05,4.506892633277402e-05
BAC,2015-12-02,0.9287936687469482,-0.00019930486814700998,0.9974023699760437,0.6419989112849483,0.06414700196627271
BAC,2015-12-07,0.0,0.001493413859861903,0.0,0.0004978046199539676,0.0013938385692991355
BAC,2015-12-10,-0.47828811407089233,0.007200686204669182,0.0,-0.15702914262207437,-0.008407318661804965
BAC,2015-12-11,0.0,-5.0598508096300066e-05,0.0,-1.6866169365433354e-05,-4.722478884839905e-05
BAC,2015-12-15,0.0,0.0013458733665174805,0.0,0.0004486244555058268,0.0012561355445241465
BAC,2015-12-16,0.0,0.09102892642840743,0.9992751479148865,0.36343469144776464,0.11998107458037045
BAC,2015-12-17,0.5736985206604004,0.0032799588076765454,0.6602237423261007,0.4124007405980592,0.044345785130700914
BAC,2015-12-18,0.0,0.00035388252217671834,0.0,0.00011796084072557278,0.0003302869627485961
BAC,2015-12-22,-0.0033580859502156577,0.019761091823966126,0.002283672491709391,0.00622889278848662,0.01841731766955467
BAC,2015-12-24,0.0,0.0014678216375614284,0.0,0.0004892738791871428,0.0013699527966740787
BAC,2015-12-28,0.8182570934295654,-0.00016282324213534594,0.606194794178009,0.4747630214551464,0.046974204109508345
BAC,2015-12-29,0.7972785830497742,0.004617620397766586,0.6229254603385925,0.47494055459537776,0.05135873111801062
BAC,2015-12-30,0.0,-0.0001689849596004933,0.0,-5.63283198668311e-05,-0.00015771767461009558
BAC,2016-01-04,0.0,0.06692118250066414,0.0,0.022307060833554715,0.06245912789216281
BAC,2016-01-05,-0.23888693253199259,0.32625899349053117,-0.3327465057373047,-0.08179148159292203,0.28528767295531615
BAC,2016-01-07,0.6347101330757141,-6.07177680649329e-05,-0.9984651803970337,-0.1212719216964615,-0.014974496814382243
BAC,2016-01-08,0.0,0.0026155878440476954,0.989716112613678,0.33077723348590854,0.03712778877686399
BAC,2016-01-11,0.0,0.0003259021177655086,0.0,0.00010863403925516953,0.0003041721972245021
BAC,2016-01-13,0.0,-1.2914305443700869e-05,0.0,-4.304768481233623e-06,-1.2053227864777699e-05
BAC,2016-01-14,-0.3245657483736674,0.0004935715145014304,9.04997189839681e-05,-0.10799389238006069,-0.009801934254829876
BAC,2016-01-15,-0.19560937583446503,0.008351535274414346,-0.4975300133228302,-0.22826261796096028,-0.015829233158488405
BAC,2016-01-17,0.0,0.4043352633016184,0.0,0.13477842110053947,0.37737569771024143
BAC,2016-01-19,-0.16757640471825233,0.00207664149327404,-0.22536293818400457,-0.1302875671363276,-0.011260434815714527
BAC,2016-01-20,-0.23675520718097687,0.026749383290962214,0.4947874844074249,0.09492722017247009,0.034818273240859954
BAC,2016-01-22,0.6917317509651184,0.999998600262046,-0.9980189800262451,0.23123712373363978,0.9202238221784088
BAC,2016-01-25,0.0,0.0013423302734736353,0.0,0.00044744342449121177,0.0012528286848801243
BAC,2016-01-26,0.45903828740119934,-0.029999877355294302,0.9987252950668335,0.4759212350375795,0.021521777675637715
BAC,2016-01-27,0.0,-3.9901529817143455e-05,0.0,-1.3300509939047819e-05,-3.724104506710718e-05
BAC,2016-01-28,0.0,0.00014602253213524818,0.0,4.867417737841606e-05,0.0001362862959135333
BAC,2016-01-29,0.26320482790470123,0.002327814504193763,0.33305254578590393,0.199528396064933,0.02217007163628394
BAC,2016-02-01,0.0,0.0032482982907822587,0.19846891164779662,0.06723906997952629,0.00998745737948989
BAC,2016-02-04,-0.5175014138221741,-7.554527837783098e-05,0.0,-0.1725256530335173,-0.016438685214174166
BAC,2016-02-05,0.5759646892547607,0.0053746642952319235,-0.990167498588562,-0.13627604834618978,-0.011468790363028055
BAC,2016-02-07,0.0,0.00041062719537876546,0.0,0.0001368757317929218,0.0003832481100088106
BAC,2016-02-08,0.0,0.00814670539330109,0.0,0.0027155684644336966,0.007603513283516565
BAC,2016-02-09,-0.5671129624048868,0.0015251950680976734,-0.6558465162913004,-0.4071447612093632,-0.03949931797673495
BAC,2016-02-10,0.6726627349853516,0.002952498492959421,-0.9966907501220703,-0.10702517221458645,-0.010899590155952264
BAC,2016-02-11,-0.6011216640472412,0.0023648787537240423,-0.662027637163798,-0.42026147415243836,-0.04000791990411768
BAC,2016-02-12,0.8448953032493591,-2.3757869712426327e-05,0.999123752117157,0.6146650991656012,0.06171753182105624
BAC,2016-02-23,0.0,0.00013012802264711354,0.0,4.3376007549037844e-05,0.00012145157795518404
BAC,2016-02-29,0.0,0.0021030640782555565,0.0,0.0007010213594185188,0.001962839537299641
BAC,2016-03-01,-0.8421812057495117,-6.650551586062647e-05,-0.9976112842559814,-0.6132863318404512,-0.06166292444536545
BAC,2016-03-03,0.0,0.0011563376683625393,0.0,0.00038544588945417974,0.0010792374048963248
BAC,2016-03-07,0.44639530777931213,0.001740351283842756,0.4997659921646118,0.31596721707592224,0.03325876385818431
BAC,2016-03-08,0.0,0.00024468293122481555,0.0,8.156097707493852e-05,0.0002283684022287474
BAC,2016-03-09,0.0,5.329007308318978e-06,0.0,1.7763357694396593e-06,4.973689035020016e-06
BAC,2016-03-10,0.0,0.0010163632687181234,0.0,0.00033878775623937446,0.0009485959678323359
BAC,2016-03-11,-0.8408945798873901,8.061914923018776e-05,0.0,-0.28027132024605333,-0.026521613678234995
BAC,2016-03-14,0.0,0.0008381095540244132,0.0,0.0002793698513414711,0.0007822275168840552
BAC,2016-03-18,0.8990236520767212,0.0011684135242830962,0.9994969367980957,0.6332296674663667,0.06455533132149543
BAC,2016-03-20,0.0,-3.248169377911836e-08,0.0,-1.0827231259706119e-08,-3.0315935940992467e-08
BAC,2016-03-21,0.0,0.03291997099586297,0.0,0.010973323665287657,0.03072498899197223
BAC,2016-03-26,0.0,-3.6012911550642457e-06,0.0,-1.2004303850214153e-06,-3.3611705320606526e-06
BAC,2016-03-30,-0.7334810495376587,0.2976874750456773,0.0,-0.14526452483066046,0.25463933490739005
BAC,2016-04-06,0.0,0.007260888203745708,0.0,0.002420296067915236,0.0067767594746712964
BAC,2016-04-09,0.0,0.05006042214517947,0.0,0.016686807381726492,0.046722579600057226
BAC,2016-04-11,0.1496041864156723,0.016944980734024284,-0.43790145218372345,-0.09045076167800896,0.005199879602855958
BAC,2016-04-12,-0.012550661961237589,0.0166752408016085,0.16655059655507407,0.05689172513181499,0.021003532267844353
BAC,2016-04-13,-0.3164234161376953,0.028855775593304617,-0.4401252468427022,-0.24256429579569763,0.0014984707690924668
BAC,2016-04-14,-0.2537527552672795,0.00048794693153857746,-0.4148572257586888,-0.2227073446981432,-0.0221101042189802
BAC,2016-04-15,0.4362802505493164,0.00868583690316882,0.49961549043655396,0.31486052596301306,0.03941594391049357
BAC,2016-04-18,0.7883899211883545,-0.0003881016054947395,0.9994598031044006,0.5958205408957534,0.05960203638218038
BAC,2016-04-19,0.7829430798689524,0.17257427436379658,0.9867197672526041,0.6474123738284511,0.22041315562232114
BAC,2016-04-20,0.0,0.00014239312804420479,0.0,4.746437601473493e-05,0.00013289888351549156
BAC,2016-04-25,0.0,0.876149092335254,0.0,0.29204969744508463,0.8177307721404138
BAC,2016-04-27,0.0,4.157515650149435e-05,0.0,1.3858385500498116e-05,3.8803080584618745e-05
BAC,2016-05-02,0.0,0.010875521599700733,0.0,0.003625173866566911,0.0101503821539116
BAC,2016-05-03,-0.9701694250106812,0.004714869777671993,-0.9983524084091187,-0.6546023212140426,-0.061274497708463355
BAC,2016-05-04,0.5081405639648438,0.0028186297276988626,-0.5842593908309937,-0.024433399046150345,-0.0017737551302248673
BAC,2016-05-06,-0.9640058279037476,0.006950832030270249,-0.9978274703025818,-0.651627488725353,-0.05897427380326317
BAC,2016-05-13,0.0,0.0008944494547904469,0.0,0.0002981498182634823,0.0008348109313513522
BAC,2016-05-16,-0.6825695335865021,-0.00010458744145580567,-0.499026894569397,-0.3939003385324516,-0.039176174025047646
BAC,2016-05-18,0.0,5.2030227379873395e-06,0.0,1.7343409126624465e-06,4.856104644572287e-06
BAC,2016-05-19,0.0,0.0006469481159001589,0.0,0.00021564937196671963,0.0006038120355467292
BAC,2016-05-23,0.0,0.004647649431717582,0.0,0.001549216477239194,0.004337761484992054
BAC,2016-05-25,0.0,0.0018213686271337792,0.0,0.0006071228757112598,0.0016999265394575425
BAC,2016-05-26,-0.6119338274002075,0.009978554669942241,0.0,-0.2006517575767551,-0.010041781050507547
BAC,2016-05-27,0.0,0.0007299504577531479,0.0,0.0002433168192510493,0.0006812800713562669
BAC,2016-05-31,0.0,7.140604429878294e-05,0.0,2.380201476626098e-05,6.664495637087836e-05
BAC,2016-06-02,0.0,0.0016890474944375455,0.0,0.0005630158314791819,0.0015764281799922819
BAC,2016-06-06,0.4758264422416687,0.00012975883328181226,0.9995618164539337,0.49183933917629474,0.05020279640200604
BAC,2016-06-07,0.0,0.007176417682785541,0.0,0.0023921392275951803,0.006697921159236308
BAC,2016-06-14,0.0,0.019282302353531122,0.0,0.006427434117843707,0.017996630126577304
BAC,2016-06-16,-0.9566209316253662,5.331184365786612e-05,0.0,-0.31885587326056947,-0.03020743692454834
BAC,2016-06-19,0.0,0.0002526025928091258,0.0,8.420086426970859e-05,0.00023575999682175187
BAC,2016-06-20,-0.7339552342891693,0.00486246588116046,-0.4985038936138153,-0.40919888734060805,-0.036147268208071084
BAC,2016-06-23,-0.3590809851884842,0.0014164338117552688,-0.0004892498254776001,-0.11938460040073551,-0.0100526140228577
BAC,2016-06-24,-0.23731312155723572,0.0002520302659831941,-0.49773748219013214,-0.24493285782712823,-0.024715022188122333
BAC,2016-06-27,-0.010293930768966675,0.0051529648662835825,0.0008587539196014404,-0.0014274039943605505,0.00451389208176466
BAC,2016-06-28,-0.24230782687664032,0.00360064104279445,0.00032107532024383545,-0.07946203683786734,-0.004292196085408655
BAC,2016-06-29,0.56473508477211,0.03497121591863106,0.49977193772792816,0.3664927461395564,0.06801712299407649
BAC,2016-06-30,0.012487754225730896,0.03943676331982715,0.24979864060878754,0.10057438605144853,0.04595694473432721
BAC,2016-07-01,0.0,0.008584244154917542,0.0,0.002861414718305847,0.00801187888580345
BAC,2016-07-05,-0.4954380691051483,0.00029600322886835784,0.0,-0.16504735529209333,-0.015394063307378863
BAC,2016-07-07,-0.20510798692703247,0.002410731955023948,0.0005820393562316895,-0.06737173853859228,-0.004217017849682643
BAC,2016-07-08,-0.9618346691131592,0.008311185956699774,-0.9951253533363342,-0.6495496121642645,-0.05754124985910945
BAC,2016-07-11,0.699288010597229,0.0010561609960859641,-0.9349680542945862,-0.07820796090042374,-0.009664153140351768
BAC,2016-07-13,0.0,0.00011238201386731816,0.0,3.746067128910605e-05,0.0001048887990193124
BAC,2016-07-14,0.629496157169342,0.01809864491224289,-0.9918017983436584,-0.11473566542069118,0.002042685061195992
BAC,2016-07-15,0.0,-6.258633220568299e-05,0.0,-2.0862110735227663e-05,-5.841330968857681e-05
BAC,2016-07-17,0.0,0.0005110607307869941,0.0,0.00017035357692899802,0.000476985085800719
BAC,2016-07-18,-0.26242595911026,0.0005836429927512654,0.07410156230131786,-0.06258025127206363,-0.005158567382742326
BAC,2016-07-19,0.0,-8.467806037515402e-05,0.0,-2.822602012505134e-05,-7.90320440614147e-05
BAC,2016-08-08,-0.2627667983373006,0.0006000430197066938,-0.10857901970545451,-0.12358192500768282,-0.011556451117741227
BAC,2016-08-12,0.0,0.0008598069480285631,0.0,0.000286602316009521,0.0008024782429239113
BAC,2016-08-13,0.0,0.00044385289402271155,0.9993925094604492,0.33327878745149064,0.035439985891707604
BAC,2016-08-14,0.0,0.001076681110134814,0.0,0.0003588937033782713,0.001004892007257951
BAC,2016-08-15,-0.4029276967048645,0.00010412288611405529,0.07147067785263062,-0.11045096532203995,-0.010142282779577879
BAC,2016-08-17,0.387656569480896,-0.00011148781322845025,0.4995255768299103,0.2956902194991926,0.029664110875445557
BAC,2016-08-18,0.0,0.000631639510174864,0.0,0.00021054650339162131,0.000589524141898334
BAC,2016-08-22,-0.870465099811554,-0.00036452646600082517,-0.6423224806785583,-0.5043840356520377,-0.05038385942137668
BAC,2016-08-25,0.0,2.8759706765413284e-05,0.0,9.586568921804428e-06,2.684211709866264e-05
BAC,2016-08-26,-0.3181024193763733,-0.00014797027688473463,0.1936863660812378,-0.04152134119067341,-0.003411312709664909
BAC,2016-08-29,0.7743955254554749,2.4414388462901115e-05,-0.9940529465675354,-0.07321100224119921,-0.010322262351850436
BAC,2016-08-31,0.0,0.00010093773016706109,-0.5696220397949219,-0.18984036735491827,-0.01986934640955867
BAC,2016-09-08,0.0,0.00010950227442663163,0.0,3.650075814221054e-05,0.00010220107237895544
BAC,2016-09-12,0.778511106967926,0.003248976296163164,0.998936116695404,0.5935653999864977,0.0626657945138673
BAC,2016-09-13,-0.7529063820838928,-2.0138868421781808e-05,-0.9973137974739075,-0.5834134394754074,-0.05878552840507689
BAC,2016-09-15,0.0,0.0029017047854722477,0.0,0.0009672349284907492,0.0027082299307221755
BAC,2016-09-16,-0.5078163544336954,-0.0001870522022121198,0.3285652995109558,-0.05981270237498393,-0.004721192788515309
BAC,2016-09-22,-0.45729994773864746,0.0015196538952295668,0.0,-0.15192676461447263,-0.0130457212185876
BAC,2016-09-23,0.6139346361160278,0.0009707400167826563,0.9636726975440979,0.5261926912256362,0.05409815589042956
BAC,2016-09-26,-0.8094902833302816,0.0007152770158427302,-0.5423202117284139,-0.45036507268095094,-0.04394268333473569
BAC,2016-09-28,-0.377169668674469,0.0004971143462171312,-0.4914679527282715,-0.2893801690188411,-0.028690108085445316
BAC,2016-09-29,0.0,-0.0007043514051474631,0.0,-0.00023478380171582103,-0.0006573878881933756
BAC,2016-10-03,0.0,0.001912010251544416,0.0,0.0006373367505148053,0.0017845245601571802
BAC,2016-10-04,-0.885746955871582,0.002597617931314744,-0.9957517385482788,-0.6263003588295154,-0.060489214885213985
BAC,2016-10-05,-0.8076492547988892,0.0002145180551451631,-0.9786061644554138,-0.5953469670663859,-0.059642346301776096
BAC,2016-10-06,0.7787672281265259,-1.8368195014772937e-05,0.0,0.2595829533105037,0.024614672984328765
BAC,2016-10-11,0.0,0.00022938234269531677,0.0,7.646078089843893e-05,0.0002140879920683753
BAC,2016-10-12,0.3143242299556732,0.002051326879154658,-0.4982132613658905,-0.060612568177020876,-0.005604500258251507
BAC,2016-10-13,-0.23400725424289703,0.06957370040254318,0.0,-0.05481118461345128,0.0575333144603262
BAC,2016-10-14,0.5571887493133545,0.022657068504486233,0.6662720839182535,0.4153726339120314,0.062120687732004305
BAC,2016-10-17,-0.09415289988884559,0.00714282629601607,-0.311622482079726,-0.1328775185575185,-0.007232853598255844
BAC,2016-10-18,0.28581807017326355,0.0009395227825734764,0.49891120195388794,0.26188959830324166,0.027402437526248775
BAC,2016-10-20,0.0,0.002136750510544516,0.0,0.0007122501701815054,0.001994280074436231
BAC,2016-10-24,0.0,0.27034184338117484,0.0,0.09011394779372495,0.25231646050863094
BAC,2016-11-03,-0.6476591229438782,0.002452354659908451,0.0,-0.21506892276132325,-0.01819612577045406
BAC,2016-11-07,0.0,0.0029595575761049986,0.0,0.0009865191920349996,0.0027622253476374398
BAC,2016-11-08,0.13465366760889688,5.1526265451684594e-05,0.001994351545969645,0.04556651514010607,0.004376980245849626
BAC,2016-11-09,0.8828216195106506,-1.9123239326290786e-05,0.996184766292572,0.6263290875212988,0.06281843534486906
BAC,2016-11-10,-0.8123815655708313,5.356010660761967e-06,0.0,-0.27079206985339016,-0.02569001354997061
BAC,2016-11-11,0.0,7.499883213313296e-05,0.0,2.4999610711044323e-05,6.999819055184195e-05
BAC,2016-11-13,-0.9164373278617859,0.004689195775426924,-0.7969229817390442,-0.569557037941801,-0.05253945384318434
BAC,2016-11-14,0.4465170353651047,0.0066053155694589805,0.4990706443786621,0.3173976651044086,0.03777883117011318
BAC,2016-11-15,0.0,0.00043076153906440595,-0.4984530508518219,-0.16600742977091917,-0.017067253162567346
BAC,2016-11-16,-0.1830466389656067,5.925437380938092e-05,-0.33222071329752606,-0.17173603262977447,-0.01737766780574822
BAC,2016-11-17,-0.14208155870437622,0.00026526596169181477,-0.1128074328104655,-0.0848745751843833,-0.00819991692698613
BAC,2016-11-18,0.0,0.0005252153168839868,0.0,0.00017507177229466228,0.0004901959004397108
BAC,2016-11-29,0.19947513341903686,0.0011833713608211838,0.03981108665466308,0.08015653047817371,0.008808975768411
BAC,2016-11-30,0.8265342712402344,0.0030953793320804834,0.9996057152748108,0.6097451219490418,0.06406484248427863
BAC,2016-12-01,-0.125225293636322,0.0008162937889210298,-0.3917843699455261,-0.17206445659764236,-0.01692978845639908
BAC,2016-12-05,0.46507424116134644,0.005343424170860089,0.49921202659606934,0.3232098973094253,0.037192982923266116
BAC,2016-12-06,0.0,4.414479190018028e-05,0.0,1.4714930633393427e-05,4.120138230706001e-05
BAC,2016-12-07,0.0,0.004174874706222909,0.0,0.0013916249020743028,0.003896509606307094
BAC,2016-12-08,0.9185481667518616,0.0015606273009325378,0.9993376135826111,0.6398154692118018,0.06553335545529095
BAC,2016-12-09,-0.7389546036720276,0.0002021752152359113,0.0,-0.24625080948559722,-0.023183878429037737
BAC,2016-12-12,-0.7107300609350204,-0.24679124671320096,-0.030769169330596924,-0.3294301589929394,-0.2538943471930358
BAC,2016-12-13,-0.8530654311180115,0.18386532051954418,-0.994694173336029,-0.5546314279781654,0.10976299463776817
BAC,2016-12-14,-0.06426498293876648,0.045402074004717484,0.33310731252034503,0.10474813452876534,0.052016597764395885
BAC,2016-12-15,0.3573707640171051,0.001069878155249171,0.49761998653411865,0.28535354290215764,0.029742005434803497
BAC,2016-12-19,0.0,0.00031019531888887286,0.0,0.00010339843962962429,0.00028951265536147317
BAC,2016-12-21,0.059707820415496826,-2.0155194458008435e-05,0.32568806409835815,0.128458576439799,0.013284097235782508
BAC,2016-12-22,0.0,0.00541385856558918,0.0,0.00180461952186306,0.005052882839903983
BAC,2016-12-23,0.0,0.0001717897248454392,0.0,5.72632416151464e-05,0.00016033542860018968
BAC,2016-12-28,0.0,-1.542073005111888e-05,-0.9943033456802368,-0.33143958880342933,-0.03486175997472683
BAC,2016-12-29,-0.001513838768005371,0.0008066646914812736,0.9809988737106323,0.32676389987803606,0.035086083112812125
BAC,2016-12-30,0.0,0.00010331024532206357,0.0,3.443674844068786e-05,9.642190461278665e-05
BAC,2017-01-04,-0.7609413266181946,0.0003037688002223149,-0.9461807012557983,-0.5689394196912568,-0.05694529434681154
BAC,2017-01-05,0.0,0.0006208064442034811,-0.9486503005027771,-0.3160098313528579,-0.03266795091666687
BAC,2017-01-09,0.4770522912343343,0.002651845366320534,0.32871029774347943,0.2694714781147114,0.029084147920077023
BAC,2017-01-10,-0.07797488570213318,0.030076541074777197,0.0,-0.015966114875785326,0.025604863295063278
BAC,2017-01-11,0.050520551204681394,0.19097172676847549,0.0003406763076782227,0.08061098476027836,0.17984831776377458
BAC,2017-01-12,0.13455257415771485,0.005169958102669625,0.5994209170341491,0.24638114976484451,0.030088955414992957
BAC,2017-01-13,0.16617449522018432,0.00437517437628685,0.1730525553226471,0.11453407497303943,0.015404403143609089
BAC,2017-01-17,-0.3054992953936259,0.0038330834189158245,0.5620754361152649,0.08680307471351827,0.013613865233254658
BAC,2017-01-18,0.0,0.0017379886412527412,0.0,0.0005793295470842471,0.001622106087046875
BAC,2017-01-23,0.0,0.00028809918148908764,0.0,9.603306049636255e-05,0.000268889792167657
BAC,2017-01-24,0.0,0.0003844285092782229,0.0,0.0001281428364260743,0.000358796254297
BAC,2017-01-27,0.0,3.97114658881037e-05,0.0,1.3237155296034567e-05,3.706365516317022e-05
BAC,2017-01-30,-0.7955502271652222,-2.1700419893022627e-05,-0.9833081960678101,-0.5929600412176418,-0.05964492373048047
BAC,2017-01-31,0.0,0.0022850325040053576,0.0,0.0007616775013351192,0.00213267511133781
BAC,2017-02-01,-0.08108288049697876,0.003947420511394739,0.0009091198444366455,-0.025408780047049124,0.0011514932371501031
BAC,2017-02-03,0.0016546050707499187,0.005562930969366183,-0.5815425316492716,-0.19144166520305184,-0.015136983064436445
BAC,2017-02-09,0.8987289071083069,0.000546844741620589,0.9853984117507935,0.6282247212002403,0.06347177256277575
BAC,2017-02-10,0.0,0.0066711643667076714,0.0,0.002223721455569224,0.006226355911541819
BAC,2017-02-13,0.0,0.007790325093083084,0.0,0.0025967750310276947,0.007270895465509271
BAC,2017-02-14,-0.13969825506210326,0.0011610273621045053,-0.1866343855857849,-0.1083905377619279,-0.009875914228530881
BAC,2017-02-15,0.0,0.0013370081142056733,0.0,0.0004456693714018911,0.0012478613872837466
BAC,2017-02-16,0.04111101627349854,0.00029349668402574026,0.1998823881149292,0.08042896702415116,0.008579519307863286
BAC,2017-02-17,0.0,0.0001747233618516475,0.0,5.8241120617215834e-05,0.000163073461664571
BAC,2017-02-21,-0.4811362624168396,0.37397739753942005,-0.2680153250694275,-0.12505806331561567,0.32443086643412167
BAC,2017-02-23,0.7763408422470093,0.00024251535069197416,0.9835028052330017,0.5866953876102343,0.05925025775075142
BAC,2017-02-24,0.0,7.96917365732952e-05,0.0,2.65639121910984e-05,7.437819052736054e-05
BAC,2017-02-25,0.3897473216056824,0.009015234052640153,0.0,0.1329208518861075,0.020741544116562823
BAC,2017-03-01,0.0,0.03567008645404712,0.0,0.011890028818015708,0.03329173878729661
BAC,2017-03-06,-0.2851792573928833,0.0005949540336587233,-0.48664379119873047,-0.25707603151931835,-0.025520132605446243
BAC,2017-03-07,0.254763662815094,0.0004924811273667729,0.968065470457077,0.4077738714665126,0.04244543483190047
BAC,2017-03-08,-0.794177234172821,5.465239519253373e-05,0.0,-0.2647075272592095,-0.02506821487622697
BAC,2017-03-13,0.0,0.009328950953204185,0.0,0.003109650317734728,0.008706931563084708
BAC,2017-03-16,-0.4865444302558899,0.00024276892872876488,-0.9654610455036163,-0.4839209022769258,-0.04899897888374531
BAC,2017-03-17,0.0,0.0018399050604784861,0.0,0.000613301686826162,0.0017172270599286681
BAC,2017-03-20,-0.6486683487892151,0.0005829898291267455,-0.9725307822227478,-0.5402053803942787,-0.05405707339479611
BAC,2017-03-21,-0.5556623737017313,0.0025483345783262243,-0.661280632019043,-0.40479822371414936,-0.038372672949436
BAC,2017-03-22,0.0,0.002167441605706699,0.0,0.0007224805352355664,0.0020229247478514476
BAC,2017-03-23,0.0,0.03465581979253329,0.7230998873710632,0.25258523572119884,0.05768759500295035
BAC,2017-03-27,0.0,-0.00215905619552359,0.0,-0.0007196853985078633,-0.0020150984590340034
BAC,2017-03-28,-0.5370783805847168,0.09020991972647607,0.0,-0.14895615361941358,0.06720767484936202
BAC,2017-03-29,0.0,5.032436456531286e-05,0.5041879415512085,0.1680794219719246,0.017717252882317548
BAC,2017-03-31,0.0,0.0007965965580751799,0.0,0.00026553218602505996,0.000743482497844443
BAC,2017-04-03,0.0,0.001545263447042089,0.0,0.0005150878156806963,0.00144223106749374
BAC,2017-04-04,-0.6306590437889099,3.868604835588485e-05,-0.498393177986145,-0.376337845242233,-0.03737835514506468
BAC,2017-04-06,0.0,0.008473281915939879,0.0,0.002824427305313293,0.007908315017287067
BAC,2017-04-07,0.4466531574726105,0.03626517966222309,0.499496728181839,0.32747168843889085,0.06548032434584576
BAC,2017-04-10,-0.2404969334602356,0.01219903712399173,-0.24928897619247437,-0.15919562417623942,-0.004957920149522362
BAC,2017-04-11,-0.4172646999359131,0.003116821368166711,0.4990120530128479,0.028288058148367174,0.007200122093709922
BAC,2017-04-17,-0.1665429174900055,0.00786258878360968,0.0,-0.05289344290213194,0.0020707143092747104
BAC,2017-04-18,0.14990072590964182,0.001726017686191231,-0.09041860273906163,0.020402713618923807,0.003183276983388213
BAC,2017-04-19,0.0,0.3140880534010648,0.0,0.10469601780035494,0.2931458305042388
BAC,2017-04-23,0.0,0.00024404119176324457,0.0,8.134706392108153e-05,0.00022776943797229505
BAC,2017-04-24,0.010642302036285401,0.00012204619670228568,-0.19882707595825194,-0.06268757590842142,-0.00651777948382701
BAC,2017-04-25,0.0,3.835083634839975e-05,0.0,1.278361211613325e-05,3.5793747311517337e-05
BAC,2017-04-26,0.0,1.1900337085535284e-05,0.0,3.966779028511762e-06,1.1106867123820811e-05
BAC,2017-04-28,0.0,0.000738855087547563,0.7497862577438354,0.250175037610461,0.026967363620583804
BAC,2017-05-01,-0.400890588760376,0.0009300068268203177,0.0009187757968902588,-0.13301393537888848,-0.011779667283099511
BAC,2017-05-03,0.0,0.00012644367598113604,0.0,4.2147891993712015e-05,0.00011801288125446519
BAC,2017-05-04,0.0,0.0009474968101130798,0.0,0.00031583227003769326,0.0008843212534992243
BAC,2017-05-12,0.0,0.00042528234189376235,-0.9785330891609192,-0.3260359356063418,-0.033897740868022545
BAC,2017-05-16,0.0,0.0005492111095009022,-0.4972304105758667,-0.16556039982212192,-0.016913851477208672
BAC,2017-05-17,0.0,-4.0669168811291456e-05,0.0,-1.3556389603763819e-05,-3.7957500764604075e-05
BAC,2017-05-18,-0.1163443684577942,0.0010186238960159244,-0.14510507583618165,-0.08681027346598665,-0.007814678565895157
BAC,2017-05-24,0.0,0.0018532985632191412,0.0,0.0006177661877397137,0.0017297275000530347
BAC,2017-05-28,0.0,0.0013904488732805476,0.0,0.0004634829577601825,0.0012977389571923149
BAC,2017-05-30,0.0,0.017039945063515916,0.0,0.005679981687838638,0.015903785533910243
BAC,2017-05-31,-0.48732301592826843,0.00023393726769427303,-0.4979436695575714,-0.3283442494060485,-0.03264675882105335
BAC,2017-06-02,0.0,0.0007470993150491267,0.0,0.0002490331050163756,0.0006972855002050195
BAC,2017-06-04,0.0,0.00011457415530458093,0.0,3.8191385101526976e-05,0.00010693477921215953
BAC,2017-06-07,0.0,6.569958895852324e-05,0.0,2.1899862986174412e-05,6.131898782448758e-05
BAC,2017-06-12,-0.7125802040100098,0.0026200160646112636,-0.9773979783058167,-0.5624527220837384,-0.05434793270743939
BAC,2017-06-13,0.0,0.008272069928352721,0.0,0.00275735664278424,0.007720518854687171
BAC,2017-06-14,0.0,0.0034491774822527077,0.0,0.0011497258274175692,0.003219199124688449
BAC,2017-06-15,0.0,0.0004509830778260948,0.0,0.00015032769260869827,0.0004209132250562449
BAC,2017-06-16,0.897916316986084,6.308444062597118e-05,0.9985612034797668,0.6321802016354923,0.06345588259146412
BAC,2017-06-20,0.0,0.0034491661172069144,0.0,0.0011497220390689715,0.00321918869398282
BAC,2017-06-23,-0.5848559141159058,0.0005240089376457036,-0.906027615070343,-0.49678650674953434,-0.049763045067713146
BAC,2017-06-26,0.8931835293769836,0.000126730006741127,0.0,0.2977700864612416,0.02836899736769803
BAC,2017-06-27,0.0,0.000601267020101659,0.0,0.00020042234003388634,0.0005611767979201425
BAC,2017-06-28,0.23170824845631918,0.0004979154370327402,0.33229726552963257,0.18816780980766148,0.019439500512751662
BAC,2017-06-29,-0.7096738815307617,0.0001671002792136278,-0.9648284316062927,-0.5581117376192802,-0.056104847266139596
BAC,2017-06-30,0.0,0.00051859105406038,0.0,0.00017286368468679333,0.0004840133169843421
BAC,2017-07-01,0.0,0.004863685033342335,0.0,0.0016212283444474451,0.004539392674770941
BAC,2017-07-02,0.0,-0.002764861797913909,0.0,-0.0009216205993046364,-0.002580511155644865
BAC,2017-07-03,0.0,0.000629850423138123,0.0,0.000209950141046041,0.0005878543597721854
BAC,2017-07-06,0.2073613554239273,0.005314001150509284,0.0,0.07089178552481219,0.011518365931423507
BAC,2017-07-07,0.0,0.0007755679835099727,0.0,0.0002585226611699909,0.0007238559843445872
BAC,2017-07-09,0.0,0.031881013041129336,0.0,0.010627004347043112,0.029755305396953063
BAC,2017-07-10,0.0,0.002826221860232181,0.0,0.000942073953410727,0.002637779858370407
BAC,2017-07-11,0.0,0.0006964490094105713,0.0,0.00023214966980352378,0.0006500124014348455
BAC,2017-07-12,0.0,0.0028056730407115538,0.0,0.0009352243469038513,0.0026186012676200987
BAC,2017-07-13,0.0,0.02670830585702788,0.0,0.008902768619009294,0.024927496757729702
BAC,2017-07-17,0.0,0.00960793021522477,0.0,0.003202643405074923,0.008967309790805716
BAC,2017-07-18,-0.24832064977713994,0.02633065729112007,-0.05653055650847299,-0.09284018299816428,0.014739606240413738
BAC,2017-07-19,0.0,0.00011742269634851255,0.0,3.914089878283752e-05,0.00010959338679930151
BAC,2017-07-21,0.0,0.004264188264642144,0.0,0.001421396088214048,0.003979868328794157
BAC,2017-07-23,-0.9281726479530334,0.002183567972679157,0.9714404940605164,0.015150471360054022,0.006726671976803374
BAC,2017-07-26,0.0,0.0004930405775667168,0.0,0.0001643468591889056,0.00046016649652561964
BAC,2017-07-30,0.0,0.002089493063976988,0.0,0.0006964976879923294,0.0019501734010702266
BAC,2017-07-31,0.0,0.0006240021539269947,0.0,0.00020800071797566488,0.0005823960041123557
BAC,2017-08-02,0.0,0.0005002643447369337,0.0,0.0001667547815789779,0.00046690858955013217
BAC,2017-08-07,0.0,0.00023964516367414035,0.0,7.988172122471345e-05,0.0002236665171967013
BAC,2017-08-09,0.0,0.00023082634652382694,0.0,7.694211550794232e-05,0.00021543571257657293
BAC,2017-08-10,0.772222101688385,3.58525721821934e-06,0.9942084550857544,0.5888113806771192,0.05927218708891023
BAC,2017-08-11,0.0,0.002198214191594161,0.0,0.0007327380638647204,0.002051645478495211
BAC,2017-08-14,0.0,0.0009110833416343667,0.0,0.00030369444721145555,0.0008503357328422822
BAC,2017-08-15,0.0,0.006170261431179824,-0.32735008001327515,-0.1070599395273651,-0.005713792523101881
BAC,2017-08-22,-0.3666248023509979,0.0016424839704995975,-0.49175092577934265,-0.28557774805328034,-0.02729749862776501
BAC,2017-08-23,0.0,0.0011487192059576046,0.0,0.00038290640198586817,0.0010721269232526877
BAC,2017-08-25,0.0,0.0030449944097199477,0.0,0.0010149981365733158,0.0028419654844966235
BAC,2017-08-29,0.3053080240885417,0.00402827984119843,0.3330737352371216,0.21413667972228723,0.025089591232620435
BAC,2017-08-30,0.1762937068939209,0.0008639996445708676,0.19991384744644164,0.1256905179949778,0.013388811510290262
BAC,2017-09-01,0.0,0.005536657459742855,0.0,0.0018455524865809518,0.005167493694907208
BAC,2017-09-06,0.0,0.00021535276755457744,0.0,7.178425585152581e-05,0.00020099385736696272
BAC,2017-09-08,0.0,0.0014985369707574137,0.0,0.0004995123235858046,0.001398620178604676
BAC,2017-09-12,0.28900665044784546,0.000700309537933208,0.0,0.09656898666192622,0.009794676544462198
BAC,2017-09-13,0.0,-2.8712292532873107e-05,0.0,-9.570764177624369e-06,-2.6797864694214083e-05
BAC,2017-09-14,0.0,5.1317607812961796e-05,0.0,1.7105869270987267e-05,4.789594295914288e-05
BAC,2017-09-15,0.0,4.742921646538889e-05,0.0,1.5809738821796298e-05,4.426681457703852e-05
BAC,2017-09-18,0.0,0.0003822557391686132,0.0,0.00012741857972287107,0.00035676835127758063
BAC,2017-09-19,0.0,0.00014296664448920637,0.0,4.7655548163068793e-05,0.00013343416342468411
BAC,2017-09-21,0.0,0.00032289675255015027,0.0,0.00010763225085005008,0.0003013672066357038
BAC,2017-09-22,0.0,0.0020237907447153702,0.0,0.0006745969149051234,0.0018888519345949873
BAC,2017-09-25,0.0,1.7911308077600552e-05,0.0,5.97043602586685e-06,1.671704947957764e-05
BAC,2017-09-27,0.23624634742736816,0.0005124549919628407,0.24988742172718048,0.16221540804883716,0.016708388132599915
BAC,2017-09-28,0.0,3.684821422211826e-05,0.0,1.228273807403942e-05,3.4391313134534005e-05
BAC,2017-10-03,0.0,0.0009497096713554735,0.2924003601074219,0.0977833565929258,0.011134147326646247
BAC,2017-10-04,0.0150108536084493,0.002890271992631218,-0.0006321469942728678,0.005756326202269217,0.0031501865670880294
BAC,2017-10-05,0.0,0.00010976140583807137,0.0,3.658713527935712e-05,0.00010244292757490963
BAC,2017-10-06,0.3143778443336487,0.0002109805282088928,0.48183634877204895,0.2654750578779688,0.027027373072152725
BAC,2017-10-09,0.0,0.0009865342405343351,0.0,0.00032884474684477836,0.0009207558712419583
BAC,2017-10-10,0.0,0.0002989511585838045,0.0,9.96503861946015e-05,0.0002790182246400228
BAC,2017-10-11,-0.10459018498659134,0.043233899689766986,0.0,-0.020452095098941452,0.03704311826687676
BAC,2017-10-12,-0.25151602427164715,0.001825117088931923,-0.32411279280980426,-0.19126789999750649,-0.017611022899823702
BAC,2017-10-13,0.11600831482145521,0.009870549792241137,0.21660266319910684,0.1141605092709344,0.020472950845639885
BAC,2017-10-16,0.0,0.005777239157396252,0.0,0.0019257463857987507,0.005392034625762532
BAC,2017-10-17,0.0,0.000152129070556839,-0.4979981780052185,-0.16594868297822055,-0.01731136553105612
BAC,2017-10-19,0.0,0.002698116436780159,0.0,0.0008993721455933863,0.002518216156644229
BAC,2017-10-23,0.0,0.00012381917622406036,0.0,4.127305874135345e-05,0.00011556337671923452
BAC,2017-10-24,0.0,0.0011558348069229396,0.0,0.0003852782689743132,0.0010787680231430087
BAC,2017-10-25,0.0,0.00017248661606572568,0.0,5.749553868857523e-05,0.00016098585372074258
BAC,2017-10-26,0.0,0.0004349360242486,0.0,0.00014497867474953333,0.00040593611710073804
BAC,2017-10-30,0.0,0.0005092401916044764,0.0,0.00016974673053482547,0.00047528596731498813
BAC,2017-10-31,0.0,0.000810168723546667,0.0,0.0002700562411822223,0.0007561497206056939
BAC,2017-11-02,0.0,0.0004194046814518515,0.0,0.0001398015604839505,0.00039144034274874747
BAC,2017-11-07,0.0,0.0010201607474300545,0.0,0.0003400535824766848,0.000952140234682607
BAC,2017-11-08,-0.9679028391838074,0.00016091000361484475,-0.9981946349143982,-0.6553121880315302,-0.06544759671142249
BAC,2017-11-09,-0.9552369117736816,0.00952361710005789,0.9987236857414246,0.017670130355933605,0.013677486483409544
BAC,2017-11-10,0.0,1.3000503258808749e-05,0.0,4.333501086269583e-06,1.2133677907584653e-05
BAC,2017-11-13,0.0,0.0009757158106822317,0.0,0.0003252386035607439,0.0009106587308864803
BAC,2017-11-14,0.30844369530677795,0.002484923262045413,0.4997491240501404,0.27022591420632125,0.02958979450296687
BAC,2017-11-15,0.0,0.004517946090345504,0.0,0.0015059820301151678,0.0042167061923608935
BAC,2017-11-21,0.0,0.0024871743885341857,0.0,0.0008290581295113952,0.002321338978262238
BAC,2017-11-26,0.0,0.04855531853536377,0.0,0.01618510617845459,0.04531783127324218
BAC,2017-11-27,0.0,0.0007895821418060223,0.0,0.00026319404726867407,0.0007369357632441117
BAC,2017-11-29,-0.5470173835754395,0.0007349847449404478,-0.38281946182250975,-0.3097006202176696,-0.030032447449840422
BAC,2017-11-30,0.0,0.0022646935773688406,0.0,0.0007548978591229469,0.0021136923136244176
BAC,2017-12-04,0.0,0.00014179796369262476,0.0,4.7265987897541585e-05,0.0001323434076957903
BAC,2017-12-05,-0.06144428253173828,0.00013275238501364583,0.0002955794334411621,-0.020338650237761158,-0.0018091759049268035
BAC,2017-12-07,-0.3233036398887634,0.00012203908045194112,0.0002401272455851237,-0.10764715785424211,-0.010103531071582197
BAC,2017-12-08,0.0,-0.00045930640771985054,0.0,-0.00015310213590661684,-0.00042868157456351405
BAC,2017-12-13,0.0,0.003962779730500188,0.0,0.001320926576833396,0.0036985565441007198
BAC,2017-12-15,0.0,5.392752791522071e-05,0.0,1.7975842638406903e-05,5.033184207853488e-05
BAC,2017-12-18,0.0,8.039401791393175e-05,0.0,2.6798005971310584e-05,7.503364764848067e-05
BAC,2017-12-21,0.8545401692390442,-3.521563485264778e-08,0.9993743300437927,0.6179714880224007,0.06205351453868171
BAC,2017-12-22,0.0,3.3141265703307e-05,0.0,1.1047088567769e-05,3.093153092536541e-05
BAC,2017-12-24,0.0,0.015185950323939323,0.0,0.0050619834413131075,0.0141734079618595
BAC,2017-12-26,0.45280200242996216,0.0005215607370701036,0.4993661344051361,0.3175632325240561,0.03230986272804752
BAC,2018-01-01,0.0,0.0001521368722023908,0.0,5.071229073413027e-05,0.00014199295126127168
BAC,2018-01-04,-0.8039190173149109,-1.5124245692277327e-05,0.0,-0.26797804718686774,-0.0254414642799241
BAC,2018-01-05,0.0,0.00021366528380895033,0.0,7.122176126965012e-05,0.0001994188751435383
BAC,2018-01-06,0.9129613041877747,0.0043470219388836995,0.0,0.30576944204221945,0.03293345222969129
BAC,2018-01-09,0.2657662630081177,0.0011910233806702308,0.00042062997817993164,0.08912597212232261,0.009532337451917939
BAC,2018-01-10,0.0,0.0004556309933529216,0.0,0.0001518769977843072,0.00042525123057628736
BAC,2018-01-11,0.093828946352005,0.01106149103725329,0.0,0.03496347912975276,0.01329169094334287
BAC,2018-01-16,-0.19409534931182862,0.0018785978096275357,-0.19969700574874877,-0.13063791908364994,-0.01138453300763829
BAC,2018-01-17,-0.09323572119077046,0.003527843733839594,0.16652478774388632,0.025605636762318484,0.006179842112833694
BAC,2018-01-18,0.0,6.539645187331189e-05,0.0,2.1798817291103962e-05,6.103606172511824e-05
BAC,2018-01-19,-0.9330743551254272,0.026209794959868304,-0.9891074895858765,-0.6319906832504785,-0.03971547726335385
BAC,2018-01-23,0.0,0.012995126919122413,0.0,0.004331708973040804,0.012128660222074364
BAC,2018-01-25,0.0,0.0007911153634267976,0.0,0.00026370512114226585,0.0007383667256726239
BAC,2018-01-26,0.0,0.007061673059070017,0.0,0.0023538910196900056,0.0065908269314771594
BAC,2018-01-30,0.0,8.793861752565135e-06,0.0,2.931287250855045e-06,8.207519733562942e-06
BAC,2018-01-31,0.0,0.00016973864580904774,0.0,5.6579548603015915e-05,0.00015842110890261585
BAC,2018-02-01,0.0,0.0038055900222389027,-0.9174877405166626,-0.30456071683147456,-0.028603361947024317
BAC,2018-02-02,0.41726571321487427,-0.002546804480971332,0.49811723828315735,0.30427871567235343,0.02827832868179345
BAC,2018-02-05,0.0,1.0642811957950471e-05,0.0,3.5476039859834905e-06,9.933189492192306e-06
BAC,2018-02-06,0.4195571541786194,0.0056115520565072075,0.4994925558567047,0.3082204206972771,0.03601339372937617
BAC,2018-02-14,0.34364740550518036,0.008834648064976136,0.07877443730831146,0.14375216362615598,0.021875702935639688
BAC,2018-02-15,0.0,0.0035697427004682445,0.0,0.001189914233489415,0.0033317255770167623
BAC,2018-02-16,0.0,3.781985424211598e-05,0.0,1.2606618080705326e-05,3.5298166559296527e-05
BAC,2018-02-20,-0.5327920317649841,1.2882335795438848e-05,0.9995844960212708,0.15560178219736068,0.018192671748576163
BAC,2018-02-21,0.0,3.6535519484459655e-05,0.0,1.2178506494819885e-05,3.4099467287870385e-05
BAC,2018-02-22,0.0,9.117349691223353e-05,0.0,3.0391165637411177e-05,8.509438918744e-05
BAC,2018-02-24,0.0,0.00079845559594105,-0.9782383441925049,-0.32581329619885463,-0.03353911946139366
BAC,2018-02-26,0.0,0.0004109665587748168,0.0,0.00013698885292493893,0.00038356483403911536
BAC,2018-02-28,0.0,0.0020242364444129635,0.0,0.0006747454814709878,0.0018892678589819535
BAC,2018-03-05,0.0,0.02018369126858488,-0.45671629905700684,-0.14551086926280732,0.0028313742489172395
BAC,2018-03-06,0.7615662217140198,0.0033396639264537953,-0.6744390726089478,0.03015560434384194,0.003567670785705371
BAC,2018-03-09,0.4601174294948578,0.0004911919641017448,0.49966946244239807,0.32009269463378587,0.032523531010948716
BAC,2018-03-12,0.0,0.00017931203547050245,0.0,5.9770678490167484e-05,0.00016735617629578975
BAC,2018-03-13,0.0,6.15598696640518e-06,0.0,2.0519956554683936e-06,5.745528570743878e-06
BAC,2018-03-20,0.0,9.326795407105237e-07,0.0,3.1089318023684126e-07,8.704919577756692e-07
BAC,2018-03-21,0.0,0.0010790894884848967,0.0,0.00035969649616163224,0.0010071398243210537
BAC,2018-03-23,-0.4963563283284505,0.0041360912518939585,0.5039813121159872,0.003920358346476878,0.005823979213328221
BAC,2018-03-26,0.0,5.897904429730261e-06,0.0,1.9659681432434204e-06,5.50465422442793e-06
BAC,2018-03-27,0.0,6.998616868258978e-05,0.0,2.332872289419659e-05,6.53197542349897e-05
BAC,2018-04-09,0.0,0.005180991218367126,0.0,0.001726997072789042,0.004835542138221982
BAC,2018-04-10,0.0,6.503882468678057e-05,0.0,2.1679608228926856e-05,6.070227914498235e-05
BAC,2018-04-12,0.2846512198448181,0.3189968308220159,0.0,0.20121601688894467,0.3067306044595994
BAC,2018-04-13,0.3086310029029846,0.0015495774536399647,0.33316099643707275,0.2144471922645658,0.022884321347120318
BAC,2018-04-16,-0.153789991682226,0.0010995377914778974,0.0626508431001143,-0.030013203596877938,-0.001642310863320023
BAC,2018-04-17,0.9029752016067505,0.02875573665369302,0.9994780421257019,0.6437363267953818,0.09042755798398819
BAC,2018-04-18,0.7252447009086609,0.7831022739701439,0.9396080374717712,0.8159850041168587,0.786757343152462
BAC,2018-04-19,0.0,2.2898014321981464e-05,0.0,7.632671440660488e-06,2.1371259531890607e-05
BAC,2018-04-23,0.0,0.00048667993928575015,0.0,0.0001622266464285834,0.0004542299310413033
BAC,2018-04-25,0.0,4.666167069444782e-05,0.0,1.5553890231482608e-05,4.355044376484134e-05
BAC,2018-04-30,0.0,0.0009396224049851298,0.0,0.0003132074683283766,0.0008769718978313591
BAC,2018-05-01,0.0,0.0005428758067864692,0.0,0.0001809586022621564,0.0005066788600305524
BAC,2018-05-02,0.0,0.00019823768889182247,0.0,6.607922963060749e-05,0.0001850199379414651
BAC,2018-05-10,-0.9189671874046326,8.435061681666411e-05,-0.9947275519371033,-0.637870129574973,-0.06384974295365149
BAC,2018-05-12,0.0,0.00044660688581643626,0.0,0.00014886896193881208,0.0004168288160668134
BAC,2018-05-15,-0.06290623545646667,0.007462983685400104,0.0027087628841400146,-0.017578162962308852,0.005070637234101094
BAC,2018-05-16,0.279063085714976,0.002674795858486808,0.3095675508181254,0.1971018107971961,0.022172423089085843
BAC,2018-05-21,0.0,0.01694642609800212,-0.7206301689147949,-0.2345612476055976,-0.009439437248173189
BAC,2018-05-30,-0.9614076614379883,0.000994770998659078,-0.9983731508255005,-0.6529286804216099,-0.06447015333172686
BAC,2018-05-31,0.0,0.010157718894333811,0.0,0.0033859062981112706,0.009480440531207284
BAC,2018-06-02,0.0,0.0005055003566667438,0.0,0.00016850011888891459,0.00047179548379061787
BAC,2018-06-07,0.7840465903282166,0.021924430940998718,0.9965112805366516,0.6008274339352889,0.08018613914164813
BAC,2018-06-14,0.0,0.00036853363963018637,-0.9842374920845032,-0.32795631948162435,-0.034150628104000165
BAC,2018-06-16,-0.7973131537437439,-0.0004733210080303252,-0.9897819757461548,-0.5958561501659764,-0.06034907865117739
BAC,2018-06-18,0.0,2.6574024104775162e-05,0.0,8.858008034925055e-06,2.4802167157507407e-05
BAC,2018-06-19,-0.6902355551719666,0.022442661982495338,0.0,-0.22259763106315708,-0.0008853582979776219
BAC,2018-06-22,0.0,0.010747672524303198,0.0,0.003582557508101066,0.010031058358414896
BAC,2018-06-27,0.8235739469528198,4.679226549342275e-06,-0.9921755194664001,-0.056198964429010324,-0.008719407272396094
BAC,2018-06-28,0.5889770984649658,0.00042640155470508034,0.8960292339324951,0.495144244650722,0.05043002223541505
BAC,2018-06-29,-0.9711275100708008,6.109677997301333e-05,-0.9980237483978271,-0.6563633872295517,-0.06563675958614282
BAC,2018-07-02,0.0,3.50394338965998e-05,0.0,1.1679811298866602e-05,3.270313466623073e-05
BAC,2018-07-03,0.0,1.3207778465584852e-05,0.0,4.402592821861617e-06,1.2327133203346093e-05
BAC,2018-07-05,-0.9258241057395935,0.000651545895379968,-0.9889677166938782,-0.6380467588460306,-0.06333538021777942
BAC,2018-07-10,0.5367486476898193,0.002292918972671032,0.9989977478981018,0.5126797715201974,0.05412888036760384
BAC,2018-07-12,-0.3110784888267517,0.046141847861387454,0.0,-0.08831221365512142,0.03322610560753479
BAC,2018-07-13,0.2969237267971039,0.020693999722880108,0.0,0.10587257550666133,0.02870567425016334
BAC,2018-07-16,-0.08244019475850192,0.0003189447988089259,0.014174618504264137,-0.02264887715180962,-0.0018130640075715832
BAC,2018-07-17,-0.4847196638584137,0.0010854078427655622,0.4996444582939148,0.005336734092755553,0.0031927701474837524
BAC,2018-07-18,0.0,0.6281315606902353,0.0,0.20937718689674512,0.5862501050772507
BAC,2018-08-01,0.0,0.0013379681622609496,0.0,0.0004459893874203165,0.001248757450089209
BAC,2018-08-06,0.0,0.00030076738039497286,0.0,0.00010025579346499096,0.000280713322957959
BAC,2018-08-14,0.4721902012825012,0.00017672937428869773,-0.5288230180740356,-0.018818695805748575,-0.0034337064698854902
BAC,2018-08-20,-0.28066638112068176,0.00011776205792557448,0.0,-0.09351620635425206,-0.008767354526276234
BAC,2018-08-24,0.0,0.008776847505941987,0.5735488533973694,0.19410856696777046,0.02829281702536829
BAC,2018-08-27,0.9200261235237122,0.9972688023899536,0.999638557434082,0.972311161115916,0.9949087219266872
BAC,2018-08-28,0.0,5.3812590977031505e-05,0.0,1.793753032567717e-05,5.02245674321643e-05
BAC,2018-08-30,0.0,-0.0001651911195494904,0.4195127487182617,0.13978251919957074,0.01454849414518566
BAC,2018-09-05,0.0,3.427473711781204e-05,0.0,1.1424912372604012e-05,3.1989425857032684e-05
BAC,2018-09-06,0.0,-8.278207678813487e-05,0.0,-2.7594025596044958e-05,-7.726247756774259e-05
BAC,2018-09-07,0.0,0.0004325232803239487,0.0,0.00014417442677464956,0.00040368425270654484
BAC,2018-09-11,0.0,0.004124111983401235,0.0,0.0013747039944670785,0.0038491316028881175
BAC,2018-09-12,0.0,0.0014043562769074924,0.0,0.00046811875896916416,0.0013107191011224432
BAC,2018-09-13,0.0,0.004486447527597193,0.0,0.0014954825091990642,0.004187308117770331
BAC,2018-09-14,0.0,7.899244883446954e-05,0.0,2.6330816278156515e-05,7.37255312257191e-05
BAC,2018-09-17,-0.9161816835403442,0.005852269736351445,0.0,-0.30344313793466426,-0.023516068932512853
BAC,2018-09-19,-0.7738166749477386,0.004946884675518959,-0.49835023283958435,-0.42240667437060136,-0.037323879901808896
BAC,2018-09-20,0.0,-2.5991606889874674e-05,0.0,-8.663868963291558e-06,-2.4258583768296534e-05
BAC,2018-09-21,-0.8925826549530029,-0.00011622087185969576,0.0,-0.2975662919416209,-0.02834018373716802
BAC,2018-09-28,-0.8520382642745972,-0.04077454371144995,-0.9861292243003845,-0.6263140107621439,-0.09956606143461001
BAC,2018-10-01,-0.9144350290298462,0.0005792115553049371,-0.9961777925491333,-0.6366778700078916,-0.0632953553534062
BAC,2018-10-09,0.21786882479985556,0.004195721132418839,0.0,0.07402151531075814,0.010806991790395327
BAC,2018-10-10,0.0,0.007502350323193241,0.49015307426452637,0.16588514152923986,0.0241805255326557
BAC,2018-10-11,0.4993056058883667,0.0018989175441674888,0.993777871131897,0.4983274648548104,0.05239391342042023
BAC,2018-10-12,0.46846458315849304,0.25025687829747767,0.0,0.23957382048532358,0.24838785377405803
BAC,2018-10-15,-0.2336733455841358,0.0013222909502264184,-0.1525077407176678,-0.1282862651171924,-0.011501726588066865
BAC,2018-10-16,0.7110062360763549,0.010845479546696879,0.7995786428451538,0.5071434528227352,0.06063377894449262
BAC,2018-10-21,0.0,6.292413308983669e-05,0.0,2.0974711029945563e-05,5.872858727337436e-05
BAC,2018-10-22,0.5450831055641174,0.006646142646786757,0.0,0.18390974940363472,0.023443567857229366
BAC,2018-10-25,0.0,2.1192779968259856e-05,0.0,7.064259989419952e-06,1.9779724675021327e-05
BAC,2018-10-28,0.0,0.00010732388545875438,0.0,3.577462848625146e-05,0.00010016792684342554
BAC,2018-11-05,0.0,0.00036454425935517065,-0.49096590280532837,-0.16353378618199108,-0.01686665312412236
BAC,2018-11-09,-0.7118772268295288,0.008631057455204427,-0.9953480362892151,-0.5661980685545132,-0.04934454670341455
BAC,2018-11-14,0.3541454076766968,0.007885832761530764,0.001219034194946289,0.12108342487772461,0.018604108551939193
BAC,2018-11-15,0.0,0.0030648973552160896,0.0,0.0010216324517386965,0.002860541484690475
BAC,2018-11-20,-0.8166226744651794,0.0009406158424098976,-0.9953060746192932,-0.6036627110806876,-0.0598337665086945
BAC,2018-12-03,0.0,0.00015632972099410836,0.0,5.2109906998036117e-05,0.00014590624506812127
BAC,2018-12-04,-0.9654874602953593,-0.3332010639029856,-0.9947207172711691,-0.7644697471565046,-0.37638408179704136
BAC,2018-12-06,0.0,-0.00010248257603961974,0.0,-3.416085867987325e-05,-9.564942122206442e-05
BAC,2018-12-07,-0.4869449734687805,-0.05535231437534094,-0.9938714504241943,-0.5120562460894386,-0.10189556076854107
BAC,2018-12-10,-0.934893399477005,-0.49915280836103193,-0.9969706982374191,-0.8103389686918187,-0.5303819857687962
BAC,2018-12-12,-0.05323155224323273,0.0007330077851293026,0.00027501583099365234,-0.017407842875703256,-0.0009899015421770728
BAC,2018-12-14,-0.8322941660881042,2.8718364774249494e-05,-0.989028811454773,-0.607098086392701,-0.06096054009822368
BAC,2018-12-15,0.0,0.0007573274015157949,0.0,0.00025244246717193164,0.0007068316602662694
BAC,2018-12-17,0.0,2.8966853278689086e-05,0.0,9.655617759563029e-06,2.7035451857298483e-05
BAC,2018-12-19,0.0,6.105779903009534e-06,0.0,2.0352599676698446e-06,5.698669338741005e-06
BAC,2018-12-20,-0.6468249559402466,2.1818967070430517e-05,-0.9889272451400757,-0.5452434607044173,-0.05509716950006653
BAC,2018-12-24,0.0,0.012987477297428995,0.0,0.0043291590991429985,0.012121521273296612
BAC,2019-01-07,0.0,0.0013615398511319654,0.49941882491111755,0.16692678825408316,0.018773898078564083
BAC,2019-01-08,-0.4875709116458893,0.0007591403209517011,-0.4993531107902527,-0.3287216273717301,-0.032213811835892996
BAC,2019-01-09,-0.20805227756500244,8.063669156399556e-05,0.33281628290812176,0.04161488067822777,0.00515894244911225
BAC,2019-01-14,0.016472160816192627,0.5093123913314701,0.9361943304538727,0.4873262942005118,0.5086851668263559
BAC,2019-01-15,-0.18632644414901733,0.008382048891993085,0.0,-0.05931479841900808,0.0019298007868131489
BAC,2019-01-16,0.17151870330174765,0.02002222086535106,0.07006732225418091,0.08720274880709321,0.026567871156502082
BAC,2019-01-17,-0.3126290440559387,0.0024010599433192206,-0.33223871390024823,-0.21415556600428923,-0.019291229062776038
BAC,2019-01-22,0.0,2.667504531927989e-06,0.0,8.891681773093296e-07,2.489645307974176e-06
BAC,2019-01-30,0.9540544748306274,0.01159932219889015,0.9996060729026794,0.6550866233107323,0.07603515372958479
BAC,2019-01-31,-0.5248333215713501,0.04738810966955498,0.0,-0.15914840396726504,0.027628368686678707
BAC,2019-02-04,0.9553090333938599,7.177842780947685e-05,0.999506950378418,0.6516292540666958,0.06531243056888485
BAC,2019-02-05,0.0,0.0060667940124403685,0.0,0.002022264670813456,0.005662282908685214
BAC,2019-02-07,-0.6307083368301392,-0.24145378172155083,-0.3388792077700297,-0.4036804421072399,-0.25718007824603417
BAC,2019-02-08,-0.9552692174911499,0.0017122162917075912,-0.998275637626648,-0.6506108796086968,-0.06360297275165348
BAC,2019-02-12,0.0,3.562015626812354e-05,0.0,1.1873385422707846e-05,3.324513749116087e-05
BAC,2019-02-13,0.8769265413284302,0.999993967760588,0.9995198249816895,0.9588134446902359,0.9960848325206885
BAC,2019-02-15,0.23808154463768005,0.2506254121393221,0.24992185831069946,0.24620960502923386,0.25020399195503634
BAC,2019-02-20,-0.8802757263183594,0.0004737735725939274,-0.9956896901130676,-0.6251638809529444,-0.06229622378154534
BAC,2019-02-21,0.0,0.000197232497157529,0.9991894364356995,0.33312888964428566,0.035202692124878095
BAC,2019-02-23,0.0,0.005603837060334627,0.96412193775177,0.3232419249373682,0.039019793058921046
BAC,2019-02-25,0.0,0.0002488904137862846,0.0,8.296347126209487e-05,0.0002322953455917915
BAC,2019-02-28,0.0,0.0015494311228394508,0.0,0.0005164770409464836,0.0014461208514679798
BAC,2019-03-05,0.0,0.0060667940124403685,0.0,0.002022264670813456,0.005662282908685214
BAC,2019-03-06,0.0,1.5181248272710945e-05,0.0,5.060416090903648e-06,1.4169019425818241e-05
BAC,2019-03-07,-0.48527851700782776,-0.4885130952529835,-0.49922531843185425,-0.4910056435642218,-0.4887862073570507
BAC,2019-03-13,0.9522030353546143,0.10423421842278913,0.9996521472930908,0.6853631336901648,0.16243655722247033
BAC,2019-03-15,0.0,0.00015099928077688674,0.0,5.0333093592295576e-05,0.0001409312195140572
BAC,2019-03-20,-0.96540766954422,-0.3878865987062454,-0.9696430563926697,-0.7743124415477117,-0.4265419671704048
BAC,2019-03-22,-0.9631466865539551,-0.2240781241428825,-0.997120181719462,-0.7281149974720998,-0.27454711669185533
BAC,2019-03-25,-0.6342834234237671,0.0029645134636666626,-0.9837064743041992,-0.5383417947547665,-0.0517710313395875
BAC,2019-03-26,0.460245281457901,-0.00011662164615700021,0.4976091682910919,0.3192459427009453,0.03188808081559437
BAC,2019-04-01,0.9154066145420074,0.9994893959487854,0.9996601939201355,0.9715187348036428,0.9968358793853073
BAC,2019-04-02,0.0,0.035326058088685386,0.0,0.011775352696228461,0.03297065037591151
BAC,2019-04-04,0.0,0.0014179211830196436,0.0,0.0004726403943398812,0.0013233794787331252
BAC,2019-04-05,0.8925203680992126,0.00031160772323346464,0.9987810254096985,0.6305376670773816,0.06352486960668786
BAC,2019-04-09,0.0,0.00025625945863794186,0.0,8.541981954598062e-05,0.00023917303778948418
BAC,2019-04-10,-0.2692265808582306,0.0004977665630576666,0.0,-0.08957627143172431,-0.008050855122656006
BAC,2019-04-11,0.0,0.0006763036362826824,0.0,0.0002254345454275608,0.000631210239639251
BAC,2019-04-12,0.8295272588729858,0.3340966963457201,0.6663598020871481,0.609994585768618,0.3614116228610441
BAC,2019-04-16,0.22343838214874268,0.027938974695643992,0.14273720128195627,0.13137151937544764,0.03814580821361618
BAC,2019-04-17,-0.27867865562438965,-0.16451360554875313,-0.06525137027104695,-0.1694812104813966,-0.1646457116539247
BAC,2019-04-24,0.0,8.426900421909522e-06,0.0,2.808966807303174e-06,7.865026223970073e-06
BAC,2019-04-29,0.825282096862793,0.9922984418517444,0.9994490742683411,0.9390098709942928,0.9872664335109529
BAC,2019-04-30,-0.6709977686405182,-1.786239408829715e-06,-0.49832022190093994,-0.38977325892695563,-0.03868945431215096
BAC,2019-05-06,-0.48350396752357483,-0.14831802814740058,-0.49892857670783997,-0.3769168574596051,-0.1712075540454357
BAC,2019-05-07,-0.6372578342755636,-0.32764117419719696,-0.660846491654714,-0.5419151667091582,-0.3491119796067661
BAC,2019-05-08,0.6804089844226837,0.36568924519087886,-0.01168641448020935,0.3448039383777844,0.3624177016446834
BAC,2019-05-09,-0.3216250538825989,-0.33307459065387474,-0.3327210148175557,-0.32914021978467645,-0.33270006732416535
BAC,2019-05-13,-0.9693200588226318,-0.9984376808279194,-0.9972688555717468,-0.9883421984074326,-0.9974757690723084
BAC,2019-05-15,-0.48321813344955444,-0.490864300118119,-0.4991815984249115,-0.491088010664195,-0.490913960305853
BAC,2019-05-17,-0.9615726470947266,-0.9896413268288597,-0.9974598288536072,-0.9828912675923979,-0.9890275341302617
BAC,2019-05-20,0.0,0.0008085097288130783,0.0,0.00026950324293769273,0.000754601304085669
BAC,2019-05-22,-0.008190572261810303,-0.49874657896361896,0.0018760263919830322,-0.1683537082778154,-0.46568533047261523
BAC,2019-05-23,-0.4830067455768585,-0.49701857858963194,-0.49896129965782166,-0.4929955412747707,-0.496643478798438
BAC,2019-05-28,0.0,0.0006871028454042971,0.0,0.00022903428180143237,0.000641289397892837
BAC,2019-05-29,-0.4833666682243347,0.00040764716686680913,-0.4953974187374115,-0.3261188132649598,-0.03227025647885886
BAC,2019-05-31,-0.9552137851715088,-0.011090678119217046,-0.9978458881378174,-0.6547167838095144,-0.0755354033800504
BAC,2019-06-04,0.7705660760402679,0.47759683495678473,0.4998007118701935,0.5826545409557488,0.4876414236491545
BAC,2019-06-10,0.46298879384994507,0.029629268574353773,0.49917837977409363,0.33059881406613084,0.05979239697661352
BAC,2019-06-11,0.0,0.0013718731970584486,0.0,0.0004572910656861495,0.0012804018205983033
BAC,2019-06-17,0.9526774883270264,0.0004666275344789028,0.9995761513710022,0.6509067557441691,0.06560014412905323
BAC,2019-06-18,0.2663594037294388,0.2503667178972315,0.7491704076528549,0.42196550975984176,0.26835413615358034
BAC,2019-06-26,0.0,-0.00013560810111812316,0.0,-4.520270037270772e-05,-0.00012656626359516677
BAC,2019-06-27,0.9256726205348969,0.5000847861248431,0.9985891878604889,0.808115531506743,0.5310168726704643
BAC,2019-06-28,0.6928880363702774,0.49665990340862076,0.7495773285627365,0.6463750894472116,0.5117304532191711
BAC,2019-07-01,-0.9639348983764648,0.009237435384420678,-0.9983059167861938,-0.651001126592746,-0.056854656984049554
BAC,2019-07-05,0.0,0.0018900448048952967,0.0,0.0006300149349650989,0.0017640236601619977
BAC,2019-07-06,0.0,0.0003059330629184842,0.0,0.00010197768763949473,0.0002855345906755274
BAC,2019-07-09,0.47367745637893677,-0.002156224800273776,-0.9634288549423218,-0.16396920778788626,-0.020795705904786653
BAC,2019-07-11,0.0,0.0058705207193270326,0.0,0.0019568402397756777,0.005479096248747977
BAC,2019-07-12,0.0,0.0038367993183783256,0.0,0.0012789331061261084,0.003580975980282302
BAC,2019-07-15,0.0,0.008880039007635787,0.0,0.0029600130025452622,0.008287950979369128
BAC,2019-07-16,0.7215449213981628,0.008393568263272755,-0.997657060623169,-0.08923952365391112,-0.004309070560705702
BAC,2019-07-17,-0.3466533507619585,0.11082822592338656,-0.28438945753233774,-0.17340486079030323,0.08250723165711958
BAC,2019-07-18,-0.9394364953041077,0.005105773452669382,-0.6627350449562073,-0.5323552556025485,-0.04817521105062404
BAC,2019-07-22,0.0,0.0002808791905408725,0.0,9.36263968469575e-05,0.00026215123037161275
BAC,2019-07-23,0.0,0.0030117213173070922,-0.9833325147628784,-0.32677359781519044,-0.03165196142978983
BAC,2019-07-25,0.3527534604072571,0.00020383105720611638,0.498515248298645,0.2838241799210361,0.02881903760994453
BAC,2019-07-26,0.16649499535560608,6.866735020594206e-05,0.4997491240501404,0.22210426225198412,0.02284491586837946
BAC,2019-07-29,0.0,0.0003642392548499629,-0.982419490814209,-0.3273517505197863,-0.03409092060621418
BAC,2019-07-31,0.0,0.009296637843362987,0.0,0.0030988792811209955,0.00867677291620868
BAC,2019-08-01,-0.9703632593154907,-0.8653287811321206,-0.9971255660057068,-0.9442725354844393,-0.8732700334049462
BAC,2019-08-05,-0.4855601489543915,-0.09479354200993839,-0.498821884393692,-0.3597251917860073,-0.12131318304699007
BAC,2019-08-07,-0.9634488224983215,-0.9504693023627624,-0.996749997138977,-0.9702227073333537,-0.95250184692993
BAC,2019-08-08,0.9165602922439575,0.8486782759609923,0.9990155696868896,0.9214180459639465,0.856094220381941
BAC,2019-08-09,-0.972260057926178,-0.9815100168198114,-0.9979550838470459,-0.9839083861976784,-0.9817938227717741
BAC,2019-08-12,-0.9718117117881775,-0.6841430272907019,-0.9980077147483826,-0.884654151275754,-0.7042417717706887
BAC,2019-08-13,0.8181248307228088,-0.12879827385768294,0.9996212720870972,0.562982609650741,-0.0593000764557105
BAC,2019-08-14,-0.9720833897590637,-0.9984644292271696,-0.9986390471458435,-0.9897289553773589,-0.9976361146945391
BAC,2019-08-15,-0.1942073106765747,0.0010769481705210637,0.2771275043487549,0.027999047280900413,0.004575004081044916
BAC,2019-08-16,0.9485427141189575,0.9999850083449928,0.9995959401130676,0.9827078875256726,0.998344265133459
BAC,2019-08-19,0.9396461248397827,0.02219471661373973,0.9995285272598267,0.6537897895711163,0.08546564471925781
BAC,2019-08-20,-0.47883811593055725,0.03811576053703902,-0.31031668186187744,-0.25034634575179854,0.009553385097296929
BAC,2019-08-22,0.0,0.00040445796912536025,0.0,0.00013481932304178676,0.0003774902246849869
BAC,2019-08-28,-0.8555559515953064,0.02435550648078788,0.9986269474029541,0.0558088340961452,0.03066988373574808
BAC,2019-08-29,-0.6196041405200958,0.00011242736400163267,-0.4988900125026703,-0.3727939085529215,-0.03697728405055467
BAC,2019-09-03,-0.4852456748485565,-0.49996658436850794,-0.4992818534374237,-0.49483137088482937,-0.499476982140136
BAC,2019-09-04,0.0,0.0014272050066210795,0.0,0.0004757350022070265,0.0013320443528218873
BAC,2019-09-05,0.926276445388794,0.0018269506117576384,0.9995643496513367,0.642555915217296,0.06603430735529306
BAC,2019-09-06,-0.3494657377401988,0.0008886006889952114,-0.3327171603838603,-0.2270980991450213,-0.02188472766031604
BAC,2019-09-09,0.47059664130210876,0.24537766062712763,0.499458372592926,0.4051442248407208,0.26140593663761436
BAC,2019-09-10,-0.8660303354263306,0.00016549469728488475,-0.997342050075531,-0.6210689636015255,-0.06219128716049925
BAC,2019-09-13,-0.9597051739692688,0.9995656880055321,0.9995238780975342,0.34646146404459915,0.9375939468763986
BAC,2019-09-17,0.011938532193501791,-0.0009609993891596483,-0.33190826574961346,-0.1069769109817571,-0.012151711530686757
BAC,2019-09-19,0.0,7.68147328926716e-05,0.0,2.5604910964223866e-05,7.169301044599511e-05
BAC,2019-09-20,0.0,3.5535604183678515e-06,0.49904873967170715,0.1663507644107085,0.01749348687869035
BAC,2019-09-24,-0.9707512259483337,-0.9997864430188201,-0.9982401132583618,-0.9895925940751719,-0.9988138808588121
BAC,2019-10-01,-0.6442790826161703,-0.33250336572928063,-0.6654253204663595,-0.5474025896039368,-0.35403252735900614
BAC,2019-10-02,-0.9693566560745239,-0.9999985038201373,-0.998499870300293,-0.9892850100649847,-0.998976808451769
BAC,2019-10-04,0.6524573564529419,-0.009077033086214215,-0.961426317691803,-0.10601533144169177,-0.021530204996951623
BAC,2019-10-07,0.0,0.001962658658158034,0.0,0.0006542195527193447,0.001831795974803008
BAC,2019-10-08,-0.3179812431335449,-0.005169863735015194,-0.3327326575915019,-0.21862792148668733,-0.026543949206492036
BAC,2019-10-10,0.816527932882309,0.002614046272356063,0.08720004558563232,0.30211400824676576,0.03132201281064577
BAC,2019-10-11,0.43919748067855835,0.4939273141283138,0.49972662329673767,0.4776171393678699,0.4923994863136686
BAC,2019-10-14,0.0,0.0009593961367500015,0.0,0.0003197987122500005,0.0008954271843381892
BAC,2019-10-15,0.8226564824581146,0.2642586148984287,0.6914021521806717,0.592772416512405,0.29689043112527375
BAC,2019-10-16,0.054496126249432564,0.06325173132253928,0.0005862899124622345,0.03944471582814469,0.06077856354797832
BAC,2019-10-17,0.31000439325968426,0.0010948320201957056,0.3331877589225769,0.21476232806748563,0.02250427351287614
BAC,2019-10-18,0.3141493598620097,0.0026002265743348594,0.333193560441335,0.21664771562589316,0.02404059983822709
BAC,2019-10-21,0.8005315959453583,0.4998757857830469,0.9995888471603394,0.7666654096295815,0.5268987528606637
BAC,2019-10-22,0.259874959786733,0.002978390903081163,0.3256881833076477,0.19618051133248726,0.02241385081235914
BAC,2019-10-23,0.3300721049308777,0.0014594806834793417,0.0,0.110510528538119,0.011802098216559401
BAC,2019-10-24,0.0,8.502544005750678e-06,0.9483594298362732,0.31612264412675967,0.033245105813198804
BAC,2019-10-25,0.0,8.502544005750678e-06,0.9561024904251099,0.31870366432303854,0.03351647699849299
BAC,2019-10-28,0.0,4.300158252590336e-05,0.9778430163860321,0.32596200598951935,0.03431061742344365
BAC,2019-10-29,0.0,0.059810544771607965,0.0,0.019936848257202655,0.05582260186626025
BAC,2019-10-30,0.9435276389122009,0.0022888669627718627,0.0,0.3152721686249909,0.031979317151143195
BAC,2019-10-31,-0.486025869846344,-0.4991650981392013,-0.49900567531585693,-0.4947322144338007,-0.49874391750369923
BAC,2019-11-04,0.6104867657025655,0.23332118204659005,0.9844284852345785,0.6094121443279114,0.2715747066405873
BAC,2019-11-05,0.23208630084991455,0.004678031722050946,0.48646561801433563,0.2410766501954337,0.028756001689301203
BAC,2019-11-06,0.3535667061805725,0.015196889637991262,0.0,0.12292119860618793,0.025366664496016024
BAC,2019-11-07,0.4742332100868225,0.5000031920899346,0.9740234315395355,0.6494199445720975,0.5158011289030209
BAC,2019-11-09,0.0,8.518680988345295e-05,0.0,2.8395603294484317e-05,7.950687205556065e-05
BAC,2019-11-12,0.0,0.012024487077724189,0.0,0.004008162359241396,0.011222739530566784
BAC,2019-11-13,0.0,0.022230323673284147,0.0,0.007410107891094715,0.02074808859563532
BAC,2019-11-14,0.0,0.003395392093807459,0.0,0.0011317973646024864,0.003169000050009496
BAC,2019-11-18,0.8940399885177612,-0.0048483754217159,0.9938657879829407,0.627685800359662,0.05858473482985298
BAC,2019-11-19,0.0,0.003332906198920682,0.0,0.0011109687329735607,0.003110680453691807
BAC,2019-11-21,0.0,0.005478296872752253,0.9786863923072815,0.32805489639334456,0.03941306434246694
BAC,2019-12-01,0.0,0.021869003685424104,0.0,0.007289667895141368,0.0204108604057399
BAC,2019-12-02,-0.4553850591182709,3.992856727563776e-05,-0.015291363000869751,-0.156878831183955,-0.014902134247640395
BAC,2019-12-03,-0.783292680978775,-0.49916193846365786,-0.4990483820438385,-0.5938343338287572,-0.5081447885464502
BAC,2019-12-05,-0.4806768000125885,0.0007153619735618122,-0.9920879006385803,-0.4906831128925357,-0.049305500814291275
BAC,2019-12-06,0.0,8.502544005750678e-06,0.9561017155647278,0.31870340603624453,0.03351644984194709
BAC,2019-12-09,0.0,0.005643603180942591,-0.47293347120285034,-0.1557632893406359,-0.01130759893876567
BAC,2019-12-10,0.0,0.0017448689868615475,0.0,0.0005816229956205158,0.0016285275988530635
BAC,2019-12-11,0.0,0.001462105245688387,0.25118929147720337,0.08421713224096393,0.010168053157986088
BAC,2019-12-12,0.4757732152938843,0.5000041834976674,0.9740206301212311,0.6499326763042609,0.5158506279156417
BAC,2019-12-13,0.0,8.502544005750678e-06,0.9561017155647278,0.31870340603624453,0.03351644984194709
BAC,2019-12-14,0.0,-1.4624642062699422e-05,0.0,-4.874880687566474e-06,-1.3649525635814107e-05
BAC,2019-12-16,0.2550809184710185,-0.00013142664829501882,0.651649276415507,0.30219958941274344,0.030783716703818624
BAC,2019-12-21,0.0,0.00010100044164573774,0.0,3.366681388191258e-05,9.426611000540139e-05
BAC,2019-12-22,0.0,0.0007970869282871718,0.0,0.0002656956427623906,0.0007439401450539262
BAC,2019-12-24,0.9438396692276001,2.055032382486388e-05,0.0,0.3146200731838083,0.02987211260843811
BAC,2019-12-27,0.0,8.50259129947517e-06,0.9561022520065308,0.3187035848659434,0.03351646868677307
BAC,2020-01-03,-0.41876132786273956,0.003054649088426231,-0.02113182842731476,-0.14561283573387604,-0.011134733598868556
BAC,2020-01-06,-0.47831881046295166,0.014147891655738931,0.0018720924854278564,-0.15409960877392828,-0.0018586865730960225
BAC,2020-01-07,0.0,0.026330896420404315,0.9950569868087769,0.3404626277430604,0.059449030405790665
BAC,2020-01-08,0.0,0.0007285507017513737,0.0,0.00024285023391712457,0.0006799736798027956
BAC,2020-01-09,-0.32144856452941895,0.0001264679258383694,0.0,-0.10710736553452686,-0.010049138642415141
BAC,2020-01-10,-0.6925287842750549,0.0011623451500781812,0.999505877494812,0.10271314612327842,0.014210385092213304
BAC,2020-01-11,-0.48258161544799805,0.0017187939120049123,-0.4991551637649536,-0.32667266176698223,-0.031153399259439697
BAC,2020-01-13,0.22087278962135315,0.013942042176267933,0.2497401237487793,0.1615183185154668,0.028751124518744196
BAC,2020-01-14,-0.3306529760360718,0.010036467402824201,0.00019509792327880858,-0.10680713690332293,-0.0010841918439018533
BAC,2020-01-15,-0.01820341083738539,0.02803025677470335,-0.11076510614818996,-0.033646086736957334,0.021703558139175485
BAC,2020-01-16,0.45842939615249634,-0.016571836233197246,0.4976181089878082,0.3131585563023691,0.016472916362340523
BAC,2020-01-21,-0.8421809077262878,-6.650551586062647e-05,-0.9976112842559814,-0.6132862324993766,-0.061662915019117026
BAC,2020-01-22,0.4998920261859894,3.0437189707299694e-05,0.0,0.16664082112523224,0.01583961319610321
BAC,2020-01-27,-0.9717744588851929,-0.9999898559362919,-0.9986554384231567,-0.9901399177482139,-0.999050667506395
BAC,2020-01-30,0.0,0.0003929578379029408,0.0,0.00013098594596764693,0.00036675686561271663
BAC,2020-01-31,-0.972564160823822,-0.9998582098123734,-0.9985226988792419,-0.9903150231718124,-0.9989481054343171
BAC,2020-02-03,0.0,0.0002264817085233517,0.0,7.549390284111723e-05,0.00021138074859990738
BAC,2020-02-04,0.8995836973190308,0.981598480604589,0.9895071387290955,0.9568964388842384,0.9792816049082962
BAC,2020-02-05,0.9420733451843262,0.9999999935679149,0.9997000694274902,0.9805911360599104,0.9981573121936904
BAC,2020-02-18,0.0,0.0005391947943280684,0.0,0.00017973159810935613,0.0005032433006905111
BAC,2020-02-19,0.0,0.004001720431915601,0.0,0.0013339068106385337,0.0037349005994148916
BAC,2020-02-24,-0.48606252670288086,-0.4997445614458229,-0.4993096590042114,-0.4950389157176384,-0.4992965696947894
BAC,2020-02-25,-0.9702451825141907,-0.9999901693817606,-0.9982481002807617,-0.9894944840589043,-0.9989882998201387
BAC,2020-02-27,-0.4856850802898407,-0.49985372681885565,-0.49936026334762573,-0.49496635681877404,-0.4993882920151014
BAC,2020-02-28,-0.9731849431991577,-0.9999930611688796,-0.998534083366394,-0.9905706959114772,-0.9990940309652367
BAC,2020-03-02,0.6186333298683167,-0.010415535769425333,-0.9627515077590942,-0.11817790455340098,-0.023895733310344277
BAC,2020-03-03,-0.9633873701095581,-0.9684627183014527,-0.9951804876327515,-0.9756768586812541,-0.9692385551941017
BAC,2020-03-05,-0.48606258630752563,-0.500034947104723,-0.49890708923339844,-0.49500154088188236,-0.49955346634981446
BAC,2020-03-06,-0.633536676565806,-0.3332449240007473,-0.6644418040911356,-0.5437411348858964,-0.3543503847206229
BAC,2020-03-07,0.0,0.0016960933426162228,0.0,0.0005653644475387409,0.0015830041966256039
BAC,2020-03-09,-0.32341323296229046,-0.33316185757636657,-0.33287664254506427,-0.32981724436124044,-0.3328435229946348
BAC,2020-03-10,0.4523130456606547,0.3143246177205583,0.333206574122111,0.36661474583444137,0.3193508422782498
BAC,2020-03-11,-0.9727187752723694,-0.9999972748810251,-0.9988092184066772,-0.9905084228533573,-0.9990928232203277
BAC,2020-03-12,-0.7002688050270081,-0.24964306263558456,-0.9664749503135681,-0.6387956059920535,-0.28901882840104887
BAC,2020-03-13,-0.916980504989624,-0.9999608376397191,0.9985902905464172,-0.3061170173609753,-0.9272929769149784
BAC,2020-03-16,-0.9690442085266113,-0.999648070341209,-0.996987521648407,-0.988559933505409,-0.9985868713641162
BAC,2020-03-17,0.23595909277598062,4.3625677927187447e-05,0.9971299568812052,0.41104422511170435,0.04245035651620108
BAC,2020-03-18,-0.9726028442382812,-0.9999948021634282,-0.9987945556640625,-0.9904640673552573,-0.9990863616766559
BAC,2020-03-19,-0.9530715942382812,-0.5000040467549525,-0.9967165291309357,-0.8165973900413898,-0.531742525767513
BAC,2020-03-20,-0.961539626121521,-0.9997243960533524,-0.9979203343391418,-0.9863947855046717,-0.9984534063712762
BAC,2020-03-21,0.0,0.0013351687885005958,0.0,0.00044505626283353195,0.00124614477563545
BAC,2020-03-23,-0.954517275094986,-0.5000147848804772,-0.9968666136264801,-0.8171328912006478,-0.5318035241047776
BAC,2020-03-24,0.9363999366760254,0.9999905996711789,0.9996463060379028,0.9786789474617024,0.9979671927334123
BAC,2020-03-25,0.0,0.0013372517423704267,0.0,0.00044575058079014224,0.0012480887983971009
BAC,2020-03-26,-0.22534199555714926,0.2510870224844742,0.17016547918319702,0.06530350203684064,0.23318186380087147
BAC,2020-03-27,0.15747284889221191,0.2509002765648347,-0.24068868160247803,0.055894814618189535,0.2307165032907324
BAC,2020-03-30,-0.25825580954551697,-0.02711722083768109,-0.9817408621311188,-0.42237129750477226,-0.0678846699314099
BAC,2020-04-01,-0.23663138846556345,-0.19299404162014375,-0.5525511701901754,-0.32739220009196085,-0.20697566397575032
BAC,2020-04-02,-0.005304373800754547,0.208977378131749,0.4995597302913666,0.234410911540787,0.21238384767540805
BAC,2020-04-03,-0.04130925238132477,-0.24464182286074276,-0.00011008977890014648,-0.0953537216736559,-0.22964046237493133
BAC,2020-04-04,0.0,0.0025619774824008346,0.0,0.0008539924941336116,0.0023911545160215605
BAC,2020-04-06,0.08819870437894549,0.1499899887972934,-0.24185765641076223,-0.0012229877448411235,0.1343024890001749
BAC,2020-04-07,0.37076033651828766,0.2517568748365875,0.2498961240053177,0.29080444512006426,0.2554556515298323
BAC,2020-04-08,0.13122546672821045,0.3357084754704071,0.3331955075263977,0.2667098165750051,0.32915275514622916
BAC,2020-04-09,0.3142240047454834,0.33341228434639686,0.5594884355862936,0.4023749082260579,0.34072867283338437
BAC,2020-04-12,0.0,0.002123835300153587,0.0,0.0007079451000511957,0.0019822258729370653
BAC,2020-04-13,-0.4643656760454178,-0.24783934789465434,-0.4409552961587906,-0.38438677336628757,-0.2614560472250232
BAC,2020-04-14,0.0,0.0009529925300739706,0.0,0.0003176641766913235,0.0008894505529924063
BAC,2020-04-15,-0.33792610632048714,-0.038064291940549486,-0.2588695353931851,-0.2116199778847406,-0.05528726066366439
BAC,2020-04-16,0.23566400011380514,-0.16578017722789204,0.16567266980806986,0.07851883089799432,-0.1414663634485813
BAC,2020-04-17,0.47272956371307373,0.4997655019222975,0.49983716011047363,0.4907774085819483,0.4989128996301822
BAC,2020-04-18,0.7752022743225098,0.031140484468778595,0.9980480670928955,0.6014636086280613,0.0885618213683444
BAC,2020-04-20,-0.9735226631164551,-0.9998798442429688,-0.9982447624206543,-0.9905490899266928,-0.9989888751364508
BAC,2020-04-21,-0.9731806516647339,-0.9999993615817857,-0.9987756609916687,-0.9906518914127295,-0.999108202997839
BAC,2020-04-22,0.0,3.340823241160251e-06,0.0,1.1136077470534171e-06,3.1180696443331235e-06
BAC,2020-04-23,0.9344198107719421,0.9999995094472034,0.9996356964111328,0.9780183388767595,0.997912535582409
BAC,2020-04-24,-0.4921882152557373,0.00012798151874449104,0.0,-0.16402007791233095,-0.01544809156086613
BAC,2020-04-27,0.9420077204704285,0.9891974710626528,0.9996803998947144,0.9769618638092652,0.9880723105597314
BAC,2020-04-28,0.23277859389781952,0.1485969189654952,0.24984313547611237,0.21040621611314236,0.15480789353368274
BAC,2020-04-29,0.952168345451355,0.9995613711798796,0.9996932744979858,0.9838076637097402,0.9980669869149739
BAC,2020-04-30,-0.9702121019363403,-0.9999661384708816,-0.9984011054039001,-0.9895264486037073,-0.998970196816599
BAC,2020-05-01,-0.4853677451610565,-0.4998525314967992,-0.49928155541419983,-0.49483394402401853,-0.4993743838588134
BAC,2020-05-04,-0.031054067611694335,-0.19854467071936596,0.00013175010681152344,-0.07648899607474959,-0.18628404968795234
BAC,2020-05-05,0.6137951612472534,8.470116881653666e-06,0.9990596175193787,0.5376210829611713,0.05443584111885179
BAC,2020-05-07,-0.9710797071456909,-0.9999954733691538,-0.9891452789306641,-0.9867401531485029,-0.9987006195637981
BAC,2020-05-08,0.46905916929244995,0.516726359976019,0.9995034039020538,0.6617629777235076,0.5321385913754941
BAC,2020-05-11,-0.4845879077911377,-0.4991103153123504,-0.4992713928222656,-0.4943232053085846,-0.4986566240961824
BAC,2020-05-12,0.0,4.722217272501439e-05,0.0,1.5740724241671462e-05,4.407357488993836e-05
BAC,2020-05-13,-0.9735248684883118,-0.9999995372800612,-0.9987521171569824,-0.9907588409751185,-0.9991184320648469
BAC,2020-05-14,0.4769444167613983,0.5012749591265724,0.49978557229042053,0.49266831605946376,0.5004531892442782
BAC,2020-05-15,0.0,0.0011464032177173067,0.0,0.0003821344059057689,0.0010699653768173937
BAC,2020-05-16,0.0,0.002905042332713492,0.0,0.0009683474442378307,0.0027113450174970763
BAC,2020-05-18,0.4647180140018463,0.5001261782651625,0.9983206391334534,0.6543882771334874,0.5164664796806119
BAC,2020-05-19,0.26163578033447266,0.019933284747821745,0.0,0.09385635502743146,0.026879549487998693
BAC,2020-05-20,0.9395936727523804,0.9999999987676692,0.9996968507766724,0.9797635074322407,0.9980787692322579
BAC,2020-05-23,0.0,0.0018725648042163812,0.0,0.000624188268072127,0.001747709167332387
BAC,2020-05-26,0.9315705299377441,0.999999730896775,0.999657154083252,0.9770758049725904,0.99782333391052
BAC,2020-05-27,0.951690673828125,0.9999999972693425,0.9996957778930664,0.9837954829968446,0.9984613505950827
BAC,2020-05-28,-0.31510523955027264,0.3335728230782327,-0.002116044362386068,0.005450513055191336,0.3012907455566998
BAC,2020-05-29,-0.9352130889892578,0.017729168670484796,-0.9902571439743042,-0.6359136880976924,-0.04773858634930898
BAC,2020-06-01,0.4717993140220642,0.49996554039275054,0.4998209476470947,0.49052860068730314,0.4990696040630342
BAC,2020-06-03,0.43291178345680237,0.5015524598748016,0.4998282790184021,0.478097507450002,0.4993209824927501
BAC,2020-06-04,0.2158985435962677,0.5004016373108948,0.9992390275001526,0.5718464028024384,0.5088857636396876
BAC,2020-06-05,0.9515991806983948,0.999927315523891,0.9996888637542725,0.9837384533255195,0.9983904009226733
BAC,2020-06-06,0.0,0.0012428599584382027,0.0,0.00041428665281273425,0.0011599907326929327
BAC,2020-06-08,0.9403123259544373,0.9999868888542096,0.9996613264083862,0.9799868470723444,0.9980880159699013
BAC,2020-06-09,-0.037115514278411865,-0.4544371415977366,0.9981719553470612,0.16887309982363755,-0.39032795419568667
BAC,2020-06-10,-0.48154416680336,-0.47752832054811734,-0.4961957037448883,-0.4850893970321219,-0.47830958707748317
AMZN,2020-04-27,-0.1352603038152059,0.005381827210536964,0.32949235041936237,0.06653795793823114,0.012292531270061904
AMZN,2020-04-28,-0.41221474011739095,-0.06576410452817072,-0.19774094820022584,-0.22523993094859585,-0.08134747154886815
AMZN,2020-04-29,0.20289909839630127,0.0043816795182465285,-0.04002775251865387,0.05575100846529798,0.009104216609219448
AMZN,2020-04-30,0.23106486929787529,0.04185246817552807,0.25253549770072653,0.1751509450580433,0.05522092334645159
AMZN,2020-05-01,0.048854495584964755,0.02594661286842239,0.25223214030265806,0.10901108291868174,0.034601805122817395
AMZN,2020-05-02,0.35498690605163574,0.0009321107863797806,-0.493169367313385,-0.045750116825123165,-0.0051861882249261875
AMZN,2020-05-03,0.0,0.00662962174101267,0.0,0.00220987391367089,0.006187583240266971
AMZN,2020-05-04,-0.2903291702270508,0.009774083750380668,0.1996293067932129,-0.026975259894485737,0.006935905815604232
AMZN,2020-05-05,-0.2969660609960556,-0.0034028780978587747,0.12489918619394302,-0.058489917633323785,-0.008191454461438962
AMZN,2020-05-06,0.18488368391990662,0.0016026269717258402,0.4534425139427185,0.21330960827811699,0.023235308471907645
AMZN,2020-05-07,-0.20707184076309204,0.03587396672628529,0.21751511096954346,0.015439078977578902,0.03455575701406757
AMZN,2020-05-08,0.0,0.003198048652848229,0.0,0.0010660162176160763,0.0029848146500082583
AMZN,2020-05-09,0.0,0.00023294330821954645,0.0,7.764776940651548e-05,0.00021741151639443788
AMZN,2020-05-11,-0.13329768677552542,0.004485551254883073,-0.16018421947956085,-0.09633211833340107,-0.0056436122878375855
AMZN,2020-05-12,-0.04844117826885647,0.001421454132165915,0.0,-0.015673241378896852,-0.00020548084960743632
AMZN,2020-05-13,-0.021574265427059598,0.02947057488098734,0.3329945471551683,0.11363028553636534,0.0384936748655327
AMZN,2020-05-14,0.13759076595306396,0.0038216040877159683,0.19950488805770875,0.11363908603282957,0.014910736662566815
AMZN,2020-05-15,-0.04435894389947256,0.0029774185364885852,-0.10983926057815552,-0.050406928647046496,-0.0024736829040509748
AMZN,2020-05-16,0.0,0.002141635566658806,-0.3377510905265808,-0.111869818319974,-0.009838329233654873
AMZN,2020-05-17,0.0,0.0001423908761353232,0.0,4.7463625378441066e-05,0.00013289677836005859
AMZN,2020-05-18,0.20834681391716003,0.00046780293951087515,0.161121795574824,0.12331213747716496,0.012673301894083
AMZN,2020-05-19,-0.05832585692405701,0.0026499583985544937,0.16652960578600565,0.036951235753501045,0.006464832862765151
AMZN,2020-05-20,0.07924423615137736,0.002356460217924905,0.11020173629124959,0.06393414422018395,0.00856801767826413
AMZN,2020-05-21,-0.061825606558057994,0.005934628253372567,0.43144657214482623,0.1251851979467136,0.018704348561486617
AMZN,2020-05-22,-0.19037011861801148,0.002490658898022957,-0.19662247896194457,-0.12816731289397768,-0.010587702507384479
AMZN,2020-05-23,0.0,-7.206446025520563e-05,0.0,-2.402148675173521e-05,-6.72594716142389e-05
AMZN,2020-05-26,0.5508844157059988,0.0010727297932978293,0.0006660719712575277,0.1842077391568514,0.018448604388778992
AMZN,2020-05-27,0.24499176849018445,0.001736595472969136,-0.10185564106160944,0.04829090763384805,0.0057999728546476404
AMZN,2020-05-28,-0.35827872157096863,0.005940488670603372,0.016020119190216064,-0.11210603790338307,-0.005226227689048943
AMZN,2020-05-29,-0.24075938761234283,0.003033167260582559,0.02097393572330475,-0.07225076154281851,-0.0040490358497643235
AMZN,2020-05-30,0.0,0.0010634573845891282,0.0,0.0003544857948630427,0.0009925499834753286
AMZN,2020-05-31,-0.38929688930511475,0.0006690963073197054,0.48726651072502136,0.03287957257574211,0.005388556540786565
AMZN,2020-06-01,-0.02901543180147807,0.009692100562157671,-0.0008403211832046509,-0.006721217474175016,0.00809868095940162
AMZN,2020-06-02,0.09447039025170463,0.00607851909168338,0.03534749576023647,0.045298801701208154,0.009900077051895955
AMZN,2020-06-03,0.17784455147656528,0.009537979248720645,0.30207219990816986,0.1631515768778186,0.025113840346647678
AMZN,2020-06-04,0.11188447972138722,0.001580356736212707,0.40784352521101636,0.17376945388953877,0.019307505349808716
AMZN,2020-06-05,0.06651943922042847,0.0011340177748024871,0.29743426442146303,0.121695907138898,0.013586549432820335
AMZN,2020-06-07,0.0,0.0004629390314221382,0.0,0.00015431301047404608,0.0004320719885057538
AMZN,2020-06-08,0.4020085876638239,0.0064965802097999995,0.4031835035844283,0.2705628904860174,0.032909018486644244
AMZN,2020-06-09,0.11479770392179489,0.12500502033594785,0.2528003603219986,0.1642010281932471,0.12916101701130858
AMZN,2020-06-10,0.44321052233378094,0.007255468948339209,0.4997588594754537,0.3167416169191913,0.03830517181404568
BHP,2009-08-04,0.0,0.0001737581187626347,0.0,5.791937292087823e-05,0.0001621725773740846
BHP,2009-08-10,0.7111606001853943,0.0003029879335372243,0.0,0.23715452937297718,0.02277625594654481
BHP,2009-08-16,-0.9037185907363892,0.0004417301170178689,0.0,-0.3010922868731238,-0.028171656038217825
BHP,2009-08-17,0.0,0.00859999330714345,0.0,0.0028666644357144833,0.008026577488485996
BHP,2009-09-03,0.0,-0.0004254045197740197,0.0,-0.00014180150659133992,-0.0003970401376903779
BHP,2009-09-08,0.88934725522995,-0.00126317935064435,0.99936443567276,0.6291495038506886,0.0619751670778728
BHP,2009-09-14,0.0,-0.0013839488128724042,0.0,-0.0004613162709574681,-0.001291672306683888
BHP,2009-09-21,0.0,0.0001059277419699356,0.0,3.5309247323311865e-05,9.886487637535108e-05
BHP,2009-09-25,0.0,3.496854878903832e-05,0.0,1.165618292967944e-05,3.263697845904315e-05
BHP,2009-10-02,-0.8008995056152344,-0.00032156804809346795,-0.6508889198303223,-0.48403666449788335,-0.04844368650438746
BHP,2009-10-06,0.7588573694229126,0.00011509678188303951,0.9994639754295349,0.5861454805447769,0.05913773741791284
BHP,2009-10-13,0.0,-0.00016032642452046275,0.0,-5.344214150682092e-05,-0.00014963645826054082
BHP,2009-10-22,0.0,0.0001999454980250448,0.0,6.66484993416816e-05,0.00018661388014543434
BHP,2009-10-23,0.0,0.013151577790267766,0.0,0.004383859263422589,0.012274679670178187
BHP,2009-10-26,0.0,0.00020568727723002667,0.4994816184043884,0.16656243522720615,0.01769731418334808
BHP,2009-11-01,0.0,0.0006000269913783995,0.0,0.00020000899712613318,0.0005600194242080307
BHP,2009-11-06,0.0,0.015790891979122534,-0.7398366332054138,-0.24134858040876375,-0.011191052836947497
BHP,2009-11-11,0.0,0.0005197658319957554,0.0,0.00017325527733191848,0.00048510979058702483
BHP,2009-11-17,0.0,0.00012001191498711705,0.0,4.000397166237235e-05,0.00011200996941988987
BHP,2009-11-24,0.0,0.0071517928736284375,0.0,0.002383930957876146,0.006674937968607732
BHP,2009-11-26,-0.8312020301818848,-1.866332070221688e-06,0.0,-0.2770679655046517,-0.02629203134755769
BHP,2009-11-27,0.0,0.0015960762684699148,0.0,0.0005320254228233049,0.0014896559004348644
BHP,2009-12-07,0.28220683336257935,0.00010743828534032218,0.474977970123291,0.2524307472570702,0.025672824250089037
BHP,2009-12-08,0.0,-8.499619434587657e-05,0.0,-2.833206478195886e-05,-7.93289660490014e-05
BHP,2009-12-22,0.0,-2.962096914416179e-05,0.0,-9.873656381387264e-06,-2.7645953723688393e-05
BHP,2010-01-04,0.0,6.918914004927501e-05,-0.9850025773048401,-0.3283111293882636,-0.034456827375845094
BHP,2010-01-07,0.0,4.7626863306504674e-06,0.3170565366744995,0.10568709978694339,0.01111633133594099
BHP,2010-01-14,0.0,0.00038484589458676055,0.0,0.00012828196486225352,0.0003591858031236381
BHP,2010-01-15,0.7414717078208923,0.000793909071944654,0.0,0.24742187229761234,0.024193161636084443
BHP,2010-01-18,0.0,0.002759315073490143,0.0,0.000919771691163381,0.002575334266057249
BHP,2010-01-20,-0.3306860625743866,0.0017897885718411999,0.0,-0.1096320913341818,-0.008788897027215938
BHP,2010-01-25,-0.25688934326171875,1.2042457001371076e-05,0.0,-0.0856257669349058,-0.008113975475014303
BHP,2010-02-01,0.0,0.0016888125101104379,0.0,0.0005629375033701459,0.001576208809214517
BHP,2010-02-04,-0.8710899949073792,0.00013685192971024662,0.0,-0.29031771432588965,-0.027424188355845203
BHP,2010-02-09,0.0,0.0008120068414427806,0.0,0.00027066894714759354,0.0007578652457221541
BHP,2010-02-10,0.12185532706124443,0.000344805016473921,0.1414347461291722,0.08787829273563019,0.009132872240267395
BHP,2010-02-11,0.5280280113220215,0.0208846457535401,0.0,0.18297088569185385,0.03619326132623537
BHP,2010-02-12,0.0,9.025432518683374e-06,-0.9914498925209045,-0.33048028902946197,-0.034738938766056236
BHP,2010-02-14,0.0,0.00019942709695897065,0.997288703918457,0.33249604367180535,0.035138125393265544
BHP,2010-02-15,0.0,0.00029060930864943657,0.0,9.686976954981219e-05,0.00027123257211325927
BHP,2010-02-16,0.0,0.0009971655235858634,0.0,0.00033238850786195445,0.0009306782972781465
BHP,2010-03-02,0.0,0.004364214873930905,0.0,0.0014547382913103017,0.004073225317239588
BHP,2010-03-08,0.9418876767158508,9.08984675334068e-05,0.9993903636932373,0.6471229796255406,0.06490168241160166
BHP,2010-03-09,0.0,0.00015406584134325385,0.0,5.1355280447751284e-05,0.0001437933073508572
BHP,2010-03-12,0.0,0.0006045397058187518,0.0,0.00020151323527291728,0.0005642312562185736
BHP,2010-03-15,0.5899050235748291,0.0029621528010466136,0.0,0.1976223921252919,0.02142289568965058
BHP,2010-03-18,0.0,0.000612371222814545,-0.9828341007232666,-0.32740724316681735,-0.033873863977137805
BHP,2010-03-19,0.46231135725975037,0.0010808399674715474,0.4992274045944214,0.3208732006072144,0.03312776297579528
BHP,2010-03-22,0.0,0.0028700106049655005,0.0,0.0009566702016551668,0.0026786491014767337
BHP,2010-03-23,0.0,0.0002259688208141597,0.0,7.532294027138657e-05,0.00021090206341774226
BHP,2010-03-29,0.9449126124382019,0.0013098642230033875,0.9994627833366394,0.6485617533326149,0.06613758660591446
BHP,2010-03-30,0.0,0.03488094505883055,0.0,0.01162698168627685,0.03255521275520799
BHP,2010-03-31,0.6747133135795593,0.02572125638835132,0.9990791082382202,0.5665045594020436,0.08036167235469081
BHP,2010-04-06,0.0,-3.633046890172409e-05,0.0,-1.2110156300574696e-05,-3.3908088286540027e-05
BHP,2010-04-21,0.0,-0.00030716128094354644,0.0,-0.00010238709364784881,-0.0002866809089262041
BHP,2010-05-17,0.0,0.00043533220969038666,-0.24167071282863617,-0.0804117935396486,-0.008063531977165252
BHP,2010-05-21,0.0,5.236461402091663e-05,0.0,1.7454871340305544e-05,4.887313913407503e-05
BHP,2010-05-24,0.0,0.001481241823057644,0.0,0.0004937472743525481,0.0013824781183774985
BHP,2010-05-27,0.0,-0.0010131571325473487,-0.9842498302459717,-0.3284209957928397,-0.03544062536214032
BHP,2010-06-03,-0.7667014002799988,0.005897642935451586,-0.9847175478935242,-0.5818404350793571,-0.053257187022611896
BHP,2010-06-04,-0.35489338636398315,0.0016774756677477853,0.0,-0.11773863689874513,-0.0096593806630119
BHP,2010-06-08,0.0,-0.0014718754682689905,-0.6554104089736938,-0.21896076148065427,-0.02434391684228559
BHP,2010-06-09,0.0,0.0004325456939113792,0.0,0.00014418189797045974,0.0004037051684443952
BHP,2010-06-10,0.0,0.0004077691392012639,0.0,0.0001359230464004213,0.00038058062002390623
BHP,2010-06-14,0.9430570006370544,-0.00015173980500549078,0.0,0.31430175361068297,0.029686554927329308
BHP,2010-06-16,-0.3085118532180786,0.00011608698605414247,-0.5893566608428955,-0.2992508090249733,-0.030304842673899452
BHP,2010-06-22,0.0,0.0005060428884462453,0.0,0.00016868096281541511,0.0004723018619529627
BHP,2010-07-02,-0.09505483508110046,0.0015373872774944175,0.0007636547088623047,-0.030917931031581247,-0.0015448684529192611
BHP,2010-07-09,0.889449417591095,-0.0002427405142952921,0.9953063130378723,0.6281709967048906,0.06278857309158899
BHP,2010-07-12,0.0,2.915903678513132e-05,0.0,9.719678928377107e-06,2.721482128642485e-05
BHP,2010-07-14,0.0,0.8006711289635859,0.0,0.26689037632119533,0.7472853466680033
BHP,2010-07-16,0.408079594373703,0.0011687396267916483,0.950763076543808,0.4533371368481009,0.04731947222538631
BHP,2010-07-19,-0.8090446591377258,0.0056953547755256295,-0.9979745745658875,-0.6004412929760292,-0.05524989197557355
BHP,2010-07-20,0.0,9.017086540552555e-05,0.0,3.0056955135175183e-05,8.415860685253386e-05
BHP,2010-07-21,0.4461623430252075,0.0011799860276369145,-0.49792468547821045,-0.016860785475122004,-0.0022376901744730585
BHP,2010-07-23,0.0,0.026352508924901485,0.0,0.008784169641633829,0.024595423074866066
BHP,2010-07-29,0.0,0.0009864019193628337,0.0,0.00032880063978761126,0.000920632332572162
BHP,2010-08-03,0.0,0.06133820257673506,0.0,0.020446067525578353,0.057248399357035115
BHP,2010-08-04,0.0,0.0019791319500654936,0.0,0.0006597106500218312,0.0018471708349005176
BHP,2010-08-05,0.7355746924877167,0.008248710842963192,0.8674501180648804,0.5370911737985201,0.06136592815032837
BHP,2010-08-12,0.0,0.004126359170186333,0.0,0.0013754530567287777,0.0038512290439450653
BHP,2010-08-13,0.0,0.1782227715884801,0.0,0.05940759052949337,0.16633954746298202
BHP,2010-08-17,0.06346059176656935,0.0011915117324861058,0.17754210035006204,0.08073140128303917,0.009341597853755464
BHP,2010-08-18,-0.06706659396489462,0.005975421590361899,0.08187225659688314,0.006927028074116809,0.006325115654846427
BHP,2010-08-19,0.0,0.0006857194377516862,0.0,0.00022857314591722875,0.000639998217785075
BHP,2010-08-20,0.0,0.01783775276981032,0.0,0.005945917589936774,0.016648398839763396
BHP,2010-08-21,0.0,0.0007573355687782168,0.0,0.00025244518959273893,0.000706839265989124
BHP,2010-08-22,0.0,0.0024538320176361594,0.0,0.0008179440058787198,0.0022902196199364824
BHP,2010-08-23,-0.13030649349093437,0.0019952823499238548,-0.13294485211372375,-0.08708535441824476,-0.0069185719827172506
BHP,2010-08-24,0.0,0.005491205548120585,0.0,0.0018304018493735285,0.005125072449725796
BHP,2010-08-25,-0.22159825563430785,0.001149431202429696,-0.001618194580078125,-0.0740223396706521,-0.00599290602162753
BHP,2010-08-26,0.41655513644218445,0.07292600572691299,0.24986086785793304,0.24644733667567684,0.08999577508456039
BHP,2010-08-30,0.0,-0.0014463939587585628,0.0,-0.0004821313195861876,-0.0013499538743873038
BHP,2010-08-31,0.40668749809265137,-0.00012458177479857113,0.0,0.13552097210595093,0.012746941826192078
BHP,2010-09-01,0.0,8.179593351087533e-05,0.0,2.7265311170291778e-05,7.634209003079316e-05
BHP,2010-09-02,0.0,0.004180268399068154,0.0,0.0013934227996893849,0.003901543725611409
BHP,2010-09-03,0.0,0.0004088726736881654,0.0,0.00013629089122938845,0.0003816105707149066
BHP,2010-09-07,0.19820971148354666,0.0007798902287114677,0.4262258155005319,0.20840513907093003,0.021935056783371445
BHP,2010-09-08,0.021759192148844402,0.00032750016180216335,0.33218711614608765,0.11809126948557808,0.01263605829717392
BHP,2010-09-09,-0.8677166104316711,3.480441591818817e-05,-0.9963091015815735,-0.6213303025324421,-0.06233039733690311
BHP,2010-09-14,0.0,0.010060137894470245,0.0,0.003353379298156748,0.009389365694230985
BHP,2010-09-15,0.0,0.0004560608531392063,0.0,0.00015202028437973544,0.00042565243245687066
BHP,2010-09-16,0.203010693192482,0.12887898796907393,0.2492877095937729,0.19372579691844294,0.13544367758614145
BHP,2010-09-17,-0.15419747829437255,0.0037910330763679667,-0.19957751035690308,-0.11666131852496923,-0.008333484895319343
BHP,2010-09-19,0.0,0.0008874445775290951,0.6791768074035645,0.22668808399369786,0.02463139502881765
BHP,2010-09-21,0.0,0.028058775438694283,0.48313644528388977,0.17039840690752803,0.04312041241165779
BHP,2010-09-22,-0.4180360734462738,0.0010949516945402138,-0.48581424355506897,-0.3009184551022675,-0.029226560042132303
BHP,2010-09-24,0.1863451838493347,-2.1835110601386985e-06,0.0,0.062114333446091526,0.005891919022652401
BHP,2010-09-27,-0.3772570788860321,0.00018295397421752568,-0.4609222412109375,-0.27933212204091734,-0.027915550011854796
BHP,2010-09-29,0.0,0.0043978000758215785,0.0,0.0014659333586071928,0.004104571326106411
BHP,2010-09-30,-0.9482887983322144,0.00022869739768793806,0.0,-0.31602003364484216,-0.02978020636320304
BHP,2010-10-04,0.0,-0.002195504002884263,0.33310770988464355,0.1103040686272531,0.009625315934787156
BHP,2010-10-05,0.0,-0.00018365220080340805,0.0,-6.121740026780269e-05,-0.00017140695712488524
BHP,2010-10-07,0.0,7.551184535259381e-05,0.0,2.517061511753127e-05,7.047699796883865e-05
BHP,2010-10-08,0.0,-0.0008421877901128028,0.0,-0.00028072926337093423,-0.0007860338552132611
BHP,2010-10-12,0.0,0.010573288149316795,0.6166170835494995,0.20906345723293876,0.03147889124738185
BHP,2010-10-15,0.0,-0.0010471935966052115,0.0,-0.00034906453220173717,-0.0009773705904551839
BHP,2010-10-18,-0.14630998174349466,0.0009573292051451668,0.014782081047693888,-0.04352352383021854,-0.0032161078764562736
BHP,2010-10-19,-0.19631224870681763,-9.568458381181699e-05,0.0,-0.06546931109687648,-0.006298512147976105
BHP,2010-10-20,0.07242769665188259,0.014762322269638794,-0.11360638671451145,-0.008805455930996691,0.012087294017269599
BHP,2010-10-21,0.0,0.00014002165698911995,0.0,4.667388566303998e-05,0.00013068553667489806
BHP,2010-10-22,0.0,0.07223512095515616,0.49529409408569336,0.18917640501361652,0.08477733569801815
BHP,2010-10-24,0.5819968581199646,0.002500989026884781,0.9990346431732178,0.5278441634400224,0.05575553670054777
BHP,2010-10-25,0.47017666697502136,0.0005824095169373322,0.4998205900192261,0.3235265555037283,0.03293212910358328
BHP,2010-10-26,0.0,0.004338327553341514,0.0,0.0014461091844471714,0.004049063891487641
BHP,2010-10-27,0.0,0.0016978585008473601,0.0,0.0005659528336157867,0.001584651596195923
BHP,2010-10-28,0.9089425206184387,0.005847522988915443,0.0,0.3049300145357847,0.034206794204213395
BHP,2010-10-29,0.0,1.5178792637016159e-05,0.0,5.0595975456720526e-06,1.4166727522725878e-05
BHP,2010-11-01,0.313794806599617,-5.190723641135264e-06,0.7493212521076202,0.35437028932786535,0.03618172101951799
BHP,2010-11-02,0.0,-0.0013997184699595284,0.0,-0.0004665728233198428,-0.0013063904669394896
BHP,2010-11-03,-0.22549033164978027,0.00012605899974005297,-0.2432760794957479,-0.1562134507152627,-0.015540535234885673
BHP,2010-11-04,-0.1712305188179016,-0.0005447545479910331,-0.06964386701583862,-0.08047304679391042,-0.00836513389809301
BHP,2010-11-05,0.0,0.07868516907910816,0.0,0.026228389693036053,0.07343873897444296
BHP,2010-11-09,0.0,-0.00012036581756547093,0.0,-4.012193918849031e-05,-0.00011234027509814935
BHP,2010-11-10,-0.36097243428230286,-0.0003807189059443772,-0.4924995005130768,-0.2846175512337747,-0.029033257117714376
BHP,2010-11-15,0.0,0.0002448800078127533,-0.3224128683408101,-0.10738932944433245,-0.011071057684309363
BHP,2010-11-16,0.0,-3.039567673113197e-06,0.982781708240509,0.32759288955761195,0.03444073150368583
BHP,2010-11-17,0.0,-0.0016317052068188787,0.0,-0.0005439017356062928,-0.00152290920728727
BHP,2010-11-18,0.0,0.004206597621305264,0.6648947795232137,0.22303379238150634,0.027228696334136267
BHP,2010-11-19,-0.9393812417984009,0.002714371992624365,-0.994595468044281,-0.6437541126166858,-0.062036133450823164
BHP,2010-11-24,0.0,2.6659196919354144e-05,-0.5833168029785156,-0.19443004792719876,-0.02041863294329638
BHP,2010-11-27,0.0,0.00042934249358950183,0.0,0.00014311416452983394,0.0004007155489333001
BHP,2010-11-29,-0.9447599649429321,-2.6737967345979996e-05,-0.9970366954803467,-0.6472744661302082,-0.06485015913957577
BHP,2010-11-30,0.0,0.011105899388591448,0.0,0.003701966462863816,0.010365399850527422
BHP,2010-12-01,0.0,0.0395888698209698,0.664541761080424,0.23471021030046457,0.060239438831318944
BHP,2010-12-02,-0.1969489852587382,-8.544181279527644e-06,0.3330596884091695,0.045367386323050596,0.005435427712521773
BHP,2010-12-06,0.0,0.0036322290907264687,0.0,0.0012107430302421562,0.0033900456079471856
BHP,2010-12-07,0.0,6.665718501608353e-06,0.0,2.2219061672027842e-06,6.221273326126777e-06
BHP,2010-12-08,0.0,3.305001257558615e-05,0.0,1.1016670858528718e-05,3.084636041104118e-05
BHP,2010-12-09,-0.13563016057014465,0.0017016866028522297,0.16646264990170798,0.010844725311471848,0.003132364836616457
BHP,2010-12-10,0.9276439547538757,0.0003864426980726421,0.0,0.30934346581731614,0.029701350489192584
BHP,2010-12-13,0.22937843203544617,0.0011114619846921414,-0.498075932264328,-0.08919534608139656,-0.009163656632097922
BHP,2010-12-15,0.0,0.02206353412475437,0.9632776379585266,0.32844705736109364,0.05435242964325205
BHP,2010-12-20,0.0,0.0007661222480237484,-0.9297409057617188,-0.3096582611712317,-0.031869606352801526
BHP,2010-12-21,0.44868502020835876,0.0003830493187706452,0.49403053522109985,0.3143662015827431,0.031863372870400704
BHP,2010-12-22,0.0,0.0008553309307899326,0.0,0.00028511031026331085,0.0007983006909928061
BHP,2010-12-23,0.0,0.00035713551187654957,0.0,0.00011904517062551652,0.0003333230586589924
BHP,2010-12-27,0.0,0.0004880742635577917,0.9988721013069153,0.333120058523491,0.03546302000020533
BHP,2010-12-29,-0.2386021465063095,-0.0006599063181056408,0.20391963422298431,-0.011780806200476945,-0.0010159359220952978
BHP,2010-12-30,0.18095009241785323,0.0009772137358855357,0.42802487100873676,0.20331739238749183,0.021636365804842246
BHP,2010-12-31,0.0,-0.00159835640079109,0.1992473602294922,0.0658830012762337,0.005491241876350176
BHP,2011-01-03,0.0,0.01106590089815048,0.0,0.0036886336327168266,0.010328068355080348
BHP,2011-01-04,0.0,-0.002125967323081568,0.0,-0.0007086557743605226,-0.0019842157473422112
BHP,2011-01-06,0.0,-0.000506048061652109,0.0,-0.00016868268721736968,-0.0004723066970196346
BHP,2011-01-07,0.0,1.9636187062133104e-05,0.0,6.5453956873777015e-06,1.8326919561185827e-05
BHP,2011-01-10,0.2571336030960083,0.00038614241930190474,0.0,0.08583991517177007,0.008493336613285425
BHP,2011-01-11,0.28522104024887085,0.0030060543431318365,0.33307210604349774,0.20709973354516684,0.023500130736934684
BHP,2011-01-12,0.0,4.5143822717363946e-05,-0.9530834555625916,-0.31767943724662473,-0.033360599399392905
BHP,2011-01-14,0.0,0.00011418649137340253,0.999530553817749,0.33321491343637416,0.03513713846405461
BHP,2011-01-17,0.9328648447990417,0.00763152539730072,0.999408483505249,0.6466349512338638,0.07165477826517673
BHP,2011-01-19,0.28263650337855023,0.0014583337033400312,0.3178926308949788,0.20066248932562303,0.02144186442725219
BHP,2011-01-20,0.0,0.00023208615743897099,0.0,7.7362052479657e-05,0.00021661151658495934
BHP,2011-01-21,0.0,0.0073871147372604655,0.9510841170946757,0.31949041061064537,0.04022723256126157
BHP,2011-01-24,-0.7180484731992086,0.002318856404599501,-0.9963866074879965,-0.5707054080942019,-0.05546746290406581
BHP,2011-01-28,0.0,0.0008235895002144389,0.0,0.00027452983340481296,0.0007686756399016238
BHP,2011-02-07,0.0,0.002530542726162821,0.0,0.0008435142420542737,0.0023618155487628973
BHP,2011-02-08,0.0,0.0035196605931560043,0.0,0.001173220197718668,0.003284982760109333
BHP,2011-02-15,-0.11451001465320587,0.07390160087379627,-0.21396327018737793,-0.08485722798892918,0.05785347932361433
BHP,2011-02-16,0.0,0.013656719951541163,0.0,0.004552239983847055,0.012746140610816383
BHP,2011-02-17,0.0,0.0007862895727157593,0.0,0.0002620965242385864,0.0007338627252512785
BHP,2011-02-20,0.0,-0.00010435532021801919,0.0,-3.478510673933973e-05,-9.73972978239528e-05
BHP,2011-02-21,0.0,0.009128781130129937,0.0,0.0030429270433766455,0.00852010806378474
BHP,2011-02-22,0.4232504367828369,0.002733895380515605,0.47761085629463196,0.3011983961526615,0.03267753590766757
BHP,2011-02-23,0.0,0.00017817135903896997,0.4984123110771179,0.16619682747871897,0.017634156897096753
BHP,2011-02-24,0.0,0.001776809003786184,0.0,0.0005922696679287279,0.0016583380122755322
BHP,2011-02-28,0.0,-0.0012610950143425725,0.0,-0.00042036500478085753,-0.0011770099500716194
BHP,2011-03-07,0.0,6.390444468706846e-06,0.0,2.1301481562356153e-06,5.96435353603179e-06
BHP,2011-03-11,0.0,-9.978847810998559e-05,0.0,-3.326282603666186e-05,-9.31349556646662e-05
BHP,2011-03-13,0.8058522343635559,0.0031974281009752303,0.9991482496261597,0.6027326373635636,0.06348989705711063
BHP,2011-03-15,0.0,0.000400645666559285,-0.9841189384460449,-0.32790609759316186,-0.034116502231138775
BHP,2011-03-19,0.0,0.0011771083882194944,0.0,0.0003923694627398315,0.0010986231972678307
BHP,2011-03-21,0.5415160655975342,2.724035039136652e-05,0.0,0.1805144353159752,0.017153166290188773
BHP,2011-03-22,-0.9588726162910461,0.010758670498034917,0.0,-0.31603798193100374,-0.02028709103841939
BHP,2011-03-23,0.0,0.005661706207320094,0.0,0.0018872354024400313,0.005284205033256521
BHP,2011-03-25,0.2399291197458903,0.004628769607127954,0.0,0.08151929645100608,0.011908916690329289
BHP,2011-03-28,-0.3255528211593628,0.006336187027045526,-0.39587241411209106,-0.23836301608146945,-0.018257422620763047
BHP,2011-03-31,0.0,0.000902061234228313,0.0,0.00030068707807610434,0.0008419151654369302
BHP,2011-04-03,0.0,0.0004914368910249323,0.0,0.00016381229700831076,0.0004586697445944146
BHP,2011-04-05,0.851412832736969,8.819243521429598e-05,0.972590446472168,0.6080304905481171,0.061098248964723816
BHP,2011-04-07,0.0,0.0008553342195227742,0.0,0.0002851114065075914,0.000798303733281948
BHP,2011-04-10,0.0,0.0002991532346641179,0.0,9.97177448880393e-05,0.00027920681940352246
BHP,2011-04-11,0.0,0.008243553920086319,0.0,0.0027478513066954394,0.007693904909274148
BHP,2011-04-15,0.0,0.000568279061553767,0.0,0.00018942635385125564,0.0005303883428651564
BHP,2011-04-20,-0.47578251361846924,0.00040499948772776406,-0.4949784576892853,-0.32345199060667557,-0.03201816324213191
BHP,2011-04-25,0.0,0.00036831961551797576,0.0,0.00012277320517265858,0.00034376145150098145
BHP,2011-04-26,0.0,-1.6766716726124287e-07,0.0,-5.588905575374762e-08,-1.564877477346095e-07
BHP,2011-05-05,0.0,3.282660827608197e-06,0.0,1.094220275869399e-06,3.0637852829507394e-06
BHP,2011-05-09,0.0,0.000586010786719271,0.0,0.00019533692890642365,0.0005469377982043845
BHP,2011-05-10,0.0,0.0011609686273080417,0.0,0.00038698954243601393,0.001083559628541444
BHP,2011-05-11,0.0,0.00033708292903611436,0.0,0.00011236097634537145,0.0003146074934507574
BHP,2011-05-12,0.0,0.0008553342195227742,0.0,0.0002851114065075914,0.000798303733281948
BHP,2011-05-23,0.0,9.754735219758004e-05,0.0,3.251578406586001e-05,9.104325964480337e-05
BHP,2011-05-24,0.9211859107017517,4.68298967462033e-05,0.9996442794799805,0.6402923400261594,0.06421467001170733
BHP,2011-05-31,0.8195051550865173,-4.42441669292748e-05,0.9990928173065186,0.6061845760753689,0.06089425618160071
BHP,2011-06-01,0.933974027633667,0.024368791870074347,0.9994993209838867,0.6526140468292093,0.08731433345419912
BHP,2011-06-03,0.0,-0.00017604402091819793,0.0,-5.868134030606598e-05,-0.00016430606412470419
BHP,2011-06-10,0.0,-0.000876550046086777,0.0,-0.0002921833486955923,-0.0008181049611010937
BHP,2011-06-27,0.4131135642528534,0.005368494341382757,0.4996824562549591,0.30605483828306507,0.03558939198031283
BHP,2011-06-30,0.8580368757247925,0.002610915656987345,0.0,0.28688259712725994,0.029575884745875927
BHP,2011-07-01,0.0,0.010447324719280005,0.0,0.0034824415730933347,0.009750736621530767
BHP,2011-07-13,0.0,0.001140192434831988,0.0,0.00038006414494399604,0.0010641686208171235
BHP,2011-07-14,0.0,0.007834020456357393,0.0,0.0026113401521191313,0.007311676916843218
BHP,2011-07-15,0.25055156813727486,0.11918739072158739,0.09703983863194783,0.1555929324969367,0.12256613628032725
BHP,2011-07-18,0.0,0.0311888609721791,0.0,0.010396286990726367,0.02910930398211881
BHP,2011-07-20,0.0,-1.961646557901986e-05,0.7872413992881775,0.26240726094086614,0.027572155126821516
BHP,2011-07-26,-0.46247589588165283,0.0008214908320951508,-0.497775673866272,-0.31981002630527655,-0.0313065978374339
BHP,2011-07-28,0.0,0.0005383149546105415,0.0,0.00017943831820351383,0.0005024220999285752
BHP,2011-08-03,0.0,-0.0008445208077318966,0.0,-0.0002815069359106322,-0.0007882113193399582
BHP,2011-08-10,0.0,0.004552444588625804,0.0,0.0015174815295419346,0.004248904476800174
BHP,2011-08-12,0.7784106731414795,0.004269530498277163,0.9989604949951172,0.5938802328782913,0.06361597973730794
BHP,2011-08-15,0.0,-0.0006237378402147442,0.0,-0.00020791261340491474,-0.0005821493070589058
BHP,2011-08-21,0.0,7.463141082553193e-05,0.0,2.4877136941843975e-05,6.965526752263252e-05
BHP,2011-08-22,0.0,0.0007526580302510411,0.0,0.00025088601008368033,0.0007024735810705498
BHP,2011-08-24,0.4363597184419632,0.0934793176711537,0.488731786608696,0.3395236075739376,0.11817678762447378
BHP,2011-08-26,0.0,-0.023825304888305254,0.36417096853256226,0.11344855454808567,-0.009473615837566427
BHP,2011-09-07,0.765606164932251,0.0008449632296105847,0.9986134767532349,0.5883548683050321,0.060002590954417165
BHP,2011-09-12,0.0,0.0007053495501168072,0.5376896858215332,0.17946501179055,0.019502739679524525
BHP,2011-09-13,0.0,0.00018414069199934602,0.0,6.138023066644867e-05,0.00017186287946507818
BHP,2011-09-20,0.0,0.0013257555910968222,0.0,0.0004419185303656074,0.0012373591878596661
BHP,2011-09-21,0.0,0.0002286998715135269,0.7361817359924316,0.24547014528798172,0.026014425717973612
BHP,2011-09-22,-0.9109376668930054,0.003414578051888384,0.0,-0.30250769628037233,-0.025625360390639004
BHP,2011-09-26,0.0,0.00046001136797713116,0.0,0.00015333712265904373,0.0004293395239170339
BHP,2011-09-27,0.0,0.0011282345440122299,0.0,0.00037607818133740995,0.0010530080917533805
BHP,2011-09-28,-0.762424111366272,0.0032087743747979403,-0.9968622922897339,-0.5853592097604027,-0.05605712166289374
BHP,2011-09-30,-0.765725314617157,0.00016543795936740935,0.0,-0.2551866255525965,-0.024064903454301623
BHP,2011-10-06,0.0,0.008305787137942389,0.0,0.0027685957126474627,0.007751988293570608
BHP,2011-10-12,0.0,0.0036165162064207834,0.0,0.0012055054021402611,0.0033753804704451996
BHP,2011-10-13,-0.4689073860645294,0.002147785711713368,-0.49840840697288513,-0.32172266910856706,-0.030294333984987504
BHP,2011-10-14,0.36697983741760254,0.0014852138990590902,0.6245392113924026,0.3310014209030214,0.034881715718316574
BHP,2011-10-16,0.0,0.0004383214454719564,0.0,0.00014610714849065212,0.0004090958060075225
BHP,2011-10-19,0.7927284240722656,0.00037567779509117827,0.9987234175205231,0.59727583979596,0.06042630423685668
BHP,2011-10-20,-0.5537985563278198,0.00033466914828750305,0.0,-0.18448796239317744,-0.01720387343449662
BHP,2011-10-21,-0.5491399168968201,8.573511149734259e-05,0.0,-0.18301806059510758,-0.0172888602407196
BHP,2011-10-27,-0.8934260606765747,-0.0020157803082838655,0.0,-0.29848061366161954,-0.030139763830346396
BHP,2011-11-07,0.0,-0.0008541391289327294,0.0,-0.00028471304297757644,-0.0007971882996987205
BHP,2011-11-10,0.0,0.0014410992007469758,0.0,0.00048036640024899196,0.0013450121102890808
BHP,2011-11-11,0.0,0.0020959962566848844,0.0,0.0006986654188949615,0.0019562429852146117
BHP,2011-11-17,0.0,0.012076958315446973,0.0,0.004025652771815658,0.011271711693496098
BHP,2011-11-18,0.0,0.0001790479273040546,0.0,5.968264243468487e-05,0.00016710968296705902
BHP,2011-11-21,0.0,0.002938845587777905,0.0,0.0009796151959259685,0.002742894425123671
BHP,2011-11-27,0.0,0.002240522939246148,0.0,0.000746840979748716,0.0020911333050247644
BHP,2011-11-30,0.0,3.3267926482949406e-05,0.0,1.1089308827649802e-05,3.1049745589163536e-05
BHP,2011-12-01,-0.7159753441810608,0.010778141731861979,0.0,-0.23506573414973295,-0.012586260878479728
BHP,2011-12-08,0.8397781848907471,0.007674981556192506,0.0,0.2824843888156465,0.033724789046766894
BHP,2011-12-13,0.0,-2.8767088224412873e-05,-0.9580902457237244,-0.3193730042706496,-0.033605055274811474
BHP,2011-12-15,0.0,-5.4983618611004204e-05,0.0,-1.8327872870334733e-05,-5.131751659720278e-05
BHP,2011-12-20,-0.9538114666938782,-0.0010353424586355686,-0.9385061264038086,-0.6311176451854408,-0.06402648386884238
BHP,2011-12-23,0.0,0.0005016022495283323,0.0,0.00016720074984277744,0.0004681572862630917
BHP,2011-12-27,0.0,0.001138816587626934,0.0,0.000379605529208978,0.0010628845574928898
BHP,2012-01-10,-0.24912746250629425,0.0012130541799706407,0.0,-0.08263813610877453,-0.006747540330190232
BHP,2012-01-11,0.6977484226226807,0.0003603961813496426,0.9381933212280273,0.5454340466773525,0.055286497812216215
BHP,2012-01-17,-0.9008743464946747,0.014014114989549853,-0.4989125728607178,-0.46192426812194753,-0.03289966502332609
BHP,2012-01-18,0.5296674370765686,0.002857837655028561,-0.3279527227083842,0.06819085067440432,0.007926502078697826
BHP,2012-01-23,0.0,0.06389089458389208,0.8607615232467651,0.3082174726102191,0.08979801549889496
BHP,2012-01-25,0.0,0.004777310507961374,0.0,0.0015924368359871248,0.00445877722786437
BHP,2012-01-26,0.0,-9.844742089626379e-05,0.0,-3.281580696542127e-05,-9.188331173410046e-05
BHP,2012-01-27,0.0,-0.011946936137974262,0.0,-0.003982312045991421,-0.011150359125754504
BHP,2012-02-01,0.0,0.0022466120644821785,0.0,0.0007488706881607262,0.002096816301141765
BHP,2012-02-02,0.0,-6.971490438445471e-05,0.0,-2.3238301461484905e-05,-6.506657873546525e-05
BHP,2012-02-03,0.0,-0.00015598359459545463,0.0,-5.199453153181821e-05,-0.0001455831919898696
BHP,2012-02-07,0.26626196929386686,0.00299551262170488,0.3947807380131313,0.22134607330956768,0.02505333425957876
BHP,2012-02-08,0.4173617959022522,0.0005767397076397174,0.24638673663139343,0.2214417574137618,0.02237424220485427
BHP,2012-02-09,-0.3215094804763794,0.000894364414610512,-0.32518041133880615,-0.2152651758001917,-0.02073097312009524
BHP,2012-02-10,0.0,0.06267268903229706,0.0,0.02089089634409902,0.0584939090548122
BHP,2012-02-13,0.0,0.00707821809919551,0.0,0.00235940603306517,0.006606269156548525
BHP,2012-02-14,0.0,-0.00023727843654341996,0.0,-7.909281218113999e-05,-0.00022145759797334103
BHP,2012-02-22,0.2219076156616211,0.0004920666691759834,0.1640509247779846,0.12881686903626055,0.013227522632538083
BHP,2012-02-28,0.0,0.0020371248756418936,0.0,0.0006790416252139645,0.0019012970702488822
BHP,2012-02-29,0.0,0.0009581771810189821,0.0,0.00031939239367299405,0.0008942895311789077
BHP,2012-03-09,0.0,-0.0013550000185205135,0.0,-0.0004516666728401712,-0.0012646537368149972
BHP,2012-03-15,0.0,-0.00016255623631877825,0.0,-5.418541210625941e-05,-0.00015171760133994282
BHP,2012-03-20,-0.26175934076309204,0.00027144968407810666,-0.6554315686225891,-0.30563981990053435,-0.030996820987717038
BHP,2012-03-27,0.0,7.85760348662734e-05,0.0,2.6192011622091133e-05,7.333687878784602e-05
BHP,2012-04-03,0.0,0.00010224720244877972,0.0,3.4082400816259906e-05,9.542973806639638e-05
BHP,2012-04-18,0.0,-5.3183946874924004e-05,0.0,-1.7727982291641336e-05,-4.9637840240519177e-05
BHP,2012-04-25,0.0,2.2847068976261653e-05,0.0,7.615689658753884e-06,2.1323711880107026e-05
BHP,2012-05-01,0.0,0.0002623938489705324,0.0,8.746461632351081e-05,0.00024489840864810425
BHP,2012-05-03,0.17794491052627565,0.009791401348411454,0.19967710971832275,0.12913780719766996,0.021764897084821853
BHP,2012-05-04,0.0,-0.0016602134564891458,0.0,-0.0005534044854963819,-0.0015495166335092747
BHP,2012-05-25,-0.9208521842956543,0.0017280701977142598,0.0,-0.3063747046993133,-0.027513006854574466
BHP,2012-05-29,0.8647399544715881,0.005781014304375276,0.0,0.2901736562586545,0.03274662658175574
BHP,2012-05-31,0.0,0.001456113939639181,-0.4721568524837494,-0.15690024618137008,-0.015188664033677657
BHP,2012-06-05,0.0,3.623594238888472e-05,0.0,1.2078647462961575e-05,3.3819865296837975e-05
BHP,2012-06-06,0.0,0.00043687212382792495,0.0,0.00014562404127597497,0.0004077431281978214
BHP,2012-06-13,0.0,-0.00011760764755308628,0.0,-3.920254918436209e-05,-0.00010976600954480636
BHP,2012-06-21,-0.6087213158607483,0.00018535376875661314,0.0,-0.20284532069733055,-0.01908039821866989
BHP,2012-06-22,0.0,0.00019103735758108087,0.0,6.367911919369362e-05,0.0001782996977885118
BHP,2012-07-11,0.0,0.022781072668294655,0.785820484161377,0.2695338522765572,0.048802780309056076
BHP,2012-07-23,0.7446752190589905,0.016250010346993804,0.9884748458862305,0.5831333584307382,0.07336312864393249
BHP,2012-08-03,-0.9428582787513733,0.0005750531672674697,0.0,-0.3140944085280353,-0.029285181104332963
BHP,2012-08-06,0.0,7.24392079973768e-05,0.0,2.4146402665792266e-05,6.760923300319356e-05
BHP,2012-08-07,0.0,-2.269018477818463e-05,0.0,-7.563394926061544e-06,-2.1177288133506885e-05
BHP,2012-08-17,0.0,-0.000355296055204235,0.0,-0.00011843201840141167,-0.00033160625686762447
BHP,2012-08-22,-0.9737869501113892,9.145162766799331e-05,-0.9981679916381836,-0.657287830040635,-0.0656976000553719
BHP,2012-08-27,0.0,0.00023137767129810527,0.0,7.712589043270175e-05,0.00021595026689098652
BHP,2012-08-30,0.0,0.0002039269747911021,0.0,6.797565826370071e-05,0.00019032988693409324
BHP,2012-09-17,-0.9577347636222839,0.0024371057661483064,0.0,-0.3184325526187119,-0.028017815029597833
BHP,2012-09-20,0.0,-0.00029117532540112734,0.0,-9.705844180037577e-05,-0.0002717608438921072
BHP,2012-09-21,0.9403029084205627,0.009816515492275357,0.999276340007782,0.6497985879735401,0.07392471024902565
BHP,2012-10-08,0.0,2.3631946532987058e-05,0.0,7.877315510995686e-06,2.205625673731231e-05
BHP,2012-10-09,-0.876825749874115,0.0007999421140993945,-0.864841878414154,-0.5802892287247232,-0.057296857158018424
BHP,2012-10-11,0.0,-2.4239516278612427e-05,-0.9983317255973816,-0.3327853217045534,-0.03501117346150448
BHP,2012-10-16,0.9163371920585632,0.01517912233248353,0.9993531107902527,0.6436231417270998,0.07817443147243075
BHP,2012-10-18,0.0,0.0029561887931777164,0.0,0.0009853962643925722,0.002759081141809324
BHP,2012-10-31,0.0,0.0038725188933312893,0.0,0.0012908396311104298,0.0036143138193115783
BHP,2012-11-05,0.0,0.0004411579720908776,0.0,0.00014705265736362586,0.00041174319515345384
BHP,2012-11-19,0.0,1.249924025614746e-06,0.0,4.1664134187158197e-07,1.1665837671311417e-06
BHP,2012-11-28,0.0,0.004788324768014718,0.0,0.001596108256004906,0.004469057122874727
BHP,2012-11-30,0.2703000605106354,0.030540189074599766,0.4997144639492035,0.26685157117814623,0.05456677093107701
BHP,2012-12-01,0.0,-0.00015603155770804733,0.0,-5.2010519236015775e-05,-0.00014562795710152846
BHP,2012-12-03,0.0,0.000542509435035754,0.0,0.00018083647834525132,0.0005063369284616436
BHP,2012-12-06,-0.18232077360153198,0.006037495727014175,-0.2487579584121704,-0.14168041209556273,-0.008849954463023339
BHP,2012-12-11,0.0,0.00015716049256297993,0.0,5.238683085432664e-05,0.00014668162134985784
BHP,2012-12-13,-0.4825262427330017,0.005136206382303499,-0.4984346926212311,-0.32527490965730976,-0.0279368453715513
BHP,2012-12-19,0.0,-2.6399531634524465e-05,0.0,-8.799843878174821e-06,-2.4639309616882018e-05
BHP,2012-12-20,0.0,3.004781319759786e-05,0.0,1.001593773253262e-05,2.8044337412321046e-05
BHP,2013-01-03,0.0,0.000540909095434472,0.0,0.00018030303181149065,0.000504843327472764
BHP,2013-01-07,0.0,-0.00013856963050784543,0.0,-4.6189876835948475e-05,-0.0001293303190970294
BHP,2013-01-10,-0.09739516178766887,-6.765327755905066e-05,-0.3327001134554545,-0.14338764284022748,-0.014803823972190131
BHP,2013-01-11,-0.7534310817718506,0.0007926442558527924,-0.9969538450241089,-0.5831974275133689,-0.05803091919171447
BHP,2013-01-15,0.0,7.666650344617665e-05,-0.9949842691421509,-0.3316358675462349,-0.03479967711044674
BHP,2013-01-18,0.0,-0.00035644532908918336,0.0,-0.00011881510969639446,-0.00033267888109649865
BHP,2013-01-23,-0.8180118203163147,0.00015099335632839939,-0.9958551327387491,-0.6045719865662451,-0.06063392109560345
BHP,2013-01-24,0.0,0.00021817898232256994,0.0,7.272632744085665e-05,0.00020363163070614211
BHP,2013-01-25,0.0,-0.0004186201740594697,0.0,-0.00013954005801982325,-0.000390708156107507
BHP,2013-01-30,0.0,0.0009659954521339387,0.0,0.0003219984840446462,0.0009015865160122594
BHP,2013-02-14,0.0,0.007405310869216919,0.0,0.0024684369564056396,0.006911552441228909
BHP,2013-02-19,0.0,3.8915342884138227e-05,0.0,1.2971780961379409e-05,3.632061338980191e-05
BHP,2013-02-20,-0.9683597683906555,0.006078111589886248,-0.9981887936592102,-0.6534901501533265,-0.05993917970341948
BHP,2013-02-21,-0.6902697682380676,0.0002566744660725817,-0.9970299005508423,-0.5623476647742791,-0.05653607363001046
BHP,2013-03-12,0.7407750487327576,0.0001748065697029233,0.0,0.24698328510082015,0.02359330377454168
BHP,2013-03-15,0.49778592586517334,0.0017026838152863395,0.6663034359614054,0.3885973485472884,0.040685695695820756
BHP,2013-03-19,0.27134211858113605,0.016380000175558962,-0.6294405659039816,-0.11390614904909552,0.0018101750250470667
BHP,2013-03-27,0.0,-0.0001381546535412781,0.0,-4.605155118042603e-05,-0.0001289430248239518
BHP,2013-04-01,-0.8260916471481323,0.004131117835640907,-0.9408196806907654,-0.5875934033344189,-0.05524590602834781
BHP,2013-04-05,0.8968440294265747,-0.00013543809654947836,0.9704379439353943,0.6223821784218065,0.06225104476218303
BHP,2013-04-08,0.0,-0.013280127692269161,-0.9941970109939575,-0.3358257128954089,-0.04723829958926623
BHP,2013-04-09,0.9500455856323242,0.0006628566770814359,0.9994978904724121,0.6500687775939392,0.06569730155030813
BHP,2013-04-10,0.0,0.010083435379783623,0.9985621571540833,0.336215197511289,0.04440773545379909
BHP,2013-04-15,-0.7646403908729553,0.0010051526078314055,-0.9969015121459961,-0.5868455834703733,-0.058185287968406836
BHP,2013-04-22,0.0,0.0062019145389058394,0.9983298182487488,0.3348439109292182,0.04077687734987466
BHP,2013-05-07,0.0,-0.00013482457143254578,0.0,-4.4941523810848594e-05,-0.00012583497334269132
BHP,2013-05-08,0.0,-1.9675660951179452e-05,0.0,-6.558553650393151e-06,-1.8363761478969076e-05
BHP,2013-05-29,0.0,-4.103398532606661e-05,0.0,-1.367799510868887e-05,-3.8297992678829615e-05
BHP,2013-06-05,0.31324299176534015,0.00022528247730709458,0.9990319212277731,0.4375000651568068,0.045130989141933836
BHP,2013-06-18,0.672585666179657,0.019046801797230728,0.4990188777446747,0.3968837819071875,0.05653933047248324
BHP,2013-06-28,0.0,-0.0017626448243390769,0.0,-0.0005875482747796923,-0.0016451182880754822
BHP,2013-07-01,-0.125639870762825,0.0006558914075185385,0.0,-0.04166132645176882,-0.003361734725452225
BHP,2013-07-05,-0.4814044237136841,0.010276099252223503,-0.00019171833992004395,-0.15710668093379354,-0.005642247983061056
BHP,2013-07-10,0.6638684272766113,0.0007195507314463612,0.0,0.2215293260026859,0.021669228333578754
BHP,2013-07-16,-0.9457417130470276,0.06578113324940205,-0.9946147799491882,-0.624858453248938,-0.003376283378810341
BHP,2013-07-22,0.0,0.00047838148020673543,0.0,0.00015946049340224514,0.0004464847789887408
BHP,2013-07-23,0.0,3.682405895233387e-05,0.9977508187294006,0.33259588092945097,0.03500255985953025
BHP,2013-08-01,0.0,0.00021698983255191706,0.9987842440605164,0.3330004112976894,0.03520693133390631
BHP,2013-08-14,0.9035471081733704,0.005480722160427831,0.0,0.3030092767779327,0.03369379738649994
BHP,2013-08-15,0.0,0.002140050070011057,0.0,0.000713350023337019,0.0019973595229668983
BHP,2013-08-20,-0.9222093224525452,0.0007507933223678265,-0.9976309239864349,-0.639696484372204,-0.06343203800353919
BHP,2013-08-31,0.0,0.0005506151137524284,0.9602388143539429,0.32026314315589843,0.0341674093702905
BHP,2013-09-23,-0.8891956806182861,0.005185779547900893,-0.9924954175949097,-0.6255017728884317,-0.05806857830211479
BHP,2013-10-11,0.0,0.008023114409297705,0.9982938170433044,0.3354389771508674,0.04247538515057982
BHP,2013-10-17,0.0,-0.0004792126046595513,0.0,-0.0001597375348865171,-0.0004472605083933242
BHP,2013-10-21,0.9025585055351257,-0.00036146354977972806,0.9995030164718628,0.6339000194857363,0.06323947850771036
BHP,2013-11-11,0.0,0.0028136915293544007,0.0,0.0009378971764514669,0.002626085081602716
BHP,2013-11-19,0.0,0.0005630566738545895,0.9833502769470215,0.3279711112069587,0.0349890092032024
BHP,2013-12-10,0.0,1.3492166544892825e-05,0.0,4.497388848297608e-06,1.2592559349325739e-05
BHP,2013-12-17,-0.9260841012001038,-0.00017157732509076595,-0.8648266196250916,-0.5970274327167621,-0.0597610688195206
BHP,2013-12-18,0.7102443873882294,0.001060392894942197,0.49916958808898926,0.4034914561240536,0.040948587484344705
BHP,2013-12-26,0.0,-0.00031639900407753885,0.0,-0.00010546633469251294,-0.00029530270202765373
BHP,2014-01-21,0.0,0.0006259542678890284,0.0,0.00020865142262967615,0.0005842179550221893
BHP,2014-01-22,-0.35672473907470703,0.014150108105241088,-0.4986838400363922,-0.28041949033528607,-0.015553682481956817
BHP,2014-01-28,0.0,0.001573401823407039,0.9973152279853821,0.3329628766029297,0.03642141823775414
BHP,2014-01-30,0.0,6.891219709359575e-05,0.0,2.2970732364531916e-05,6.431738787098543e-05
BHP,2014-02-18,0.9360077381134033,0.002068782167043537,0.9994946718215942,0.6458570640340137,0.06656536597352661
BHP,2014-03-11,-0.9403494000434875,0.0050837823364418,-0.9956652522087097,-0.6436436233052518,-0.059892821584963334
BHP,2014-04-01,0.8061491847038269,0.003541221383784432,0.9686057567596436,0.5927653876157516,0.06274973652110578
BHP,2014-04-02,-0.9466745257377625,7.247313624247909e-05,-0.9961983561515808,-0.6476001362510336,-0.0647887378726284
BHP,2014-04-15,-0.2690861076116562,-0.0001299015693803085,0.25015757977962494,-0.00635280980047052,0.0001350476918826264
BHP,2014-04-16,0.4544910788536072,0.0016830717722768895,0.9986131489276886,0.48492909985119087,0.05094447087717576
BHP,2014-04-17,0.0,0.0023914912017062306,0.0,0.0007971637339020768,0.0022320354054856063
BHP,2014-05-14,0.0,0.0004906347376163467,0.4986400008201599,0.16637687851925875,0.017933766248255902
BHP,2014-05-21,0.0,1.4244775229599327e-05,-0.9963627457618713,-0.33211616699554725,-0.0349062482864887
BHP,2014-06-16,0.9424976706504822,-0.00029428024572553113,0.9993997812271118,0.6472010572106228,0.0645618096843461
BHP,2014-06-17,0.3057786822319031,0.005193790124394582,0.0,0.10365749078543256,0.014519035147554238
BHP,2014-06-19,0.0,-0.00010380311869084835,0.0,-3.460103956361612e-05,-9.688191502901397e-05
BHP,2014-06-26,0.0,0.000490162186906673,0.0,0.00016338739563555768,0.0004574799922335786
BHP,2014-07-29,0.0,0.003929587626771536,0.0,0.0013098625422571786,0.003667577348381857
BHP,2014-08-15,-0.48231422901153564,0.0010754977556644008,-0.44361576437950134,-0.3082848318784575,-0.029798855274078297
BHP,2014-08-18,0.875953733921051,0.0003987981181126088,0.9988064765930176,0.6250530028773937,0.06308314838859
BHP,2014-08-19,-0.11324836526598249,0.00012722824976663105,0.00022645507540021623,-0.037631560646938546,-0.003455278062932103
BHP,2014-08-20,-0.534319539864858,0.0003140756004237725,-0.6654040217399597,-0.39980316200146465,-0.03992741359927292
BHP,2014-08-21,0.0,0.004385073960293084,0.0,0.0014616913200976949,0.004092693794683842
BHP,2014-09-08,0.0,0.000534716282345471,0.0,0.00017823876078182366,0.0004990634127159578
BHP,2014-09-15,0.6338576078414917,-0.0005334167326509487,0.0,0.2111080637029469,0.019550584614877846
BHP,2014-09-24,0.0,0.00022270972840487957,0.0,7.423657613495986e-05,0.00020786027679685297
BHP,2014-09-25,0.0,0.000994156755041331,0.9992552399635315,0.3334164655728576,0.0359487867260346
BHP,2014-10-02,0.45096057653427124,1.769061418599449e-05,0.9995737671852112,0.4835173447778895,0.04931213189340621
BHP,2014-10-05,0.8752183318138123,0.02205306569521781,0.9991757273674011,0.632149041625477,0.08328327047733984
BHP,2014-10-06,-0.0007334550221761068,0.0008382454955911575,0.33309614658355713,0.11106697901899072,0.012433182506592167
BHP,2014-10-07,0.0,0.0009106170861438537,0.0,0.0003035390287146179,0.0008499005225152203
BHP,2014-10-16,-0.9029535055160522,-3.0687719117850065e-05,0.9975323677062988,0.03151605815704291,0.006372159286479295
BHP,2014-10-29,0.0,0.0017115967275458388,0.9795504808425903,0.3270873591900454,0.035927797386019616
BHP,2014-11-05,-0.7984038591384888,-4.9288890295429155e-05,0.0,-0.26615104934292805,-0.025298910685890446
BHP,2014-11-12,-0.1739252209663391,1.7736307199811563e-05,0.0,-0.05796916155304643,-0.005484569039134905
BHP,2014-11-13,0.0,-0.00016085341121652164,0.0,-5.361780373884054e-05,-0.00015012830405957406
BHP,2014-11-21,-0.6257168650627136,2.915250661317259e-05,0.0,-0.20856257085203347,-0.01976374088910667
BHP,2014-11-23,-0.9719489812850952,0.0008866696166478505,-0.9983312487602234,-0.6564645201428903,-0.06490299234462378
BHP,2014-11-26,-0.8349778056144714,-2.8024598577758297e-05,0.0,-0.27833527673768305,-0.026435870390435937
BHP,2014-12-10,0.3106622099876404,2.880412466765847e-06,0.0,0.10355503013336904,0.009828698312701875
BHP,2014-12-11,0.0,-6.057863538444508e-05,0.0,-2.0192878461481694e-05,-5.65394768835561e-05
BHP,2014-12-16,0.9061442613601685,9.709361256682314e-05,0.9994839429855347,0.63524176598609,0.06378020705725092
BHP,2014-12-30,0.429018497467041,0.0017003483426378807,0.0,0.1435729486032263,0.01515650498395512
BHP,2015-01-14,-0.7961457967758179,0.0003293552654213272,-0.9968403577804565,-0.5975522664302844,-0.059810374450802554
BHP,2015-01-15,0.8346222639083862,9.132040577242151e-05,0.9995488524436951,0.6114208122526179,0.06151490716783542
BHP,2015-01-16,0.0,0.0006846376563771628,0.9995224475860596,0.3334023617474789,0.03566926995877063
BHP,2015-01-20,-0.011589467525482178,0.001241246553036035,0.9078229069709778,0.2991582286661772,0.03260840477792719
BHP,2015-02-23,-0.9314863085746765,-6.944429833311005e-05,-0.9946498274803162,-0.6420685267844419,-0.06438652968988214
BHP,2015-02-24,-0.25240198771158856,0.005734099463249247,-0.33154769738515216,-0.19273852854449716,-0.01425127031750797
BHP,2015-03-16,-0.771592915058136,0.0009201733701047488,-0.9970466494560242,-0.5892397970480184,-0.05848959079224124
BHP,2015-03-24,-0.9583669304847717,-0.00014033659317647107,-0.9965664148330688,-0.6516912273036723,-0.06537007949059513
BHP,2015-03-30,0.9277951717376709,0.001510099449660629,0.999495267868042,0.6429335130184578,0.0657841977772013
BHP,2015-03-31,0.0,0.002389616158325225,0.9090833067893982,0.3038243076492411,0.03409094462552151
BHP,2015-04-09,-0.9396706223487854,-0.09780642110854387,-0.9983976483345032,-0.6786248972639441,-0.15599698667266187
BHP,2015-04-13,-0.7818742990493774,9.125009819399565e-05,-0.9956828355789185,-0.5924886281767007,-0.05954063931815284
BHP,2015-04-16,-0.8799633383750916,0.0011775268649216741,-0.9939133524894714,-0.6242330546665471,-0.06156725816848978
BHP,2015-05-19,-0.6578322052955627,8.190249900508206e-05,-0.4541541039943695,-0.37063480226364237,-0.03664703905119775
BHP,2015-05-21,0.6115574240684509,0.010123011168616358,0.0,0.2072268117456891,0.0287911434783206
BHP,2015-05-22,-0.7882592479387919,0.004070885430943842,-0.665010412534078,-0.4830662583473087,-0.044439219732884554
BHP,2015-05-26,-0.93964022397995,0.0005156589904800057,0.0,-0.31304152166315663,-0.029238830459005802
BHP,2015-06-01,-0.7320899963378906,0.0004919409402646124,-0.9956117868423462,-0.5757366140799908,-0.05758953528035747
BHP,2015-06-02,-0.060266315937042236,0.005307492818246828,-0.4978058934211731,-0.18425490551332283,-0.014399181007441763
BHP,2015-06-18,0.0,0.0005637843714794144,0.0,0.00018792812382647148,0.0005261933520980775
BHP,2015-06-24,0.6135491530100504,0.014473518865997903,0.6655253569285074,0.43118267626818524,0.056239253893467844
BHP,2015-07-07,-0.8859245777130127,0.0004527017517830245,-0.9454069137573242,-0.6102929299061847,-0.06073229811082403
BHP,2015-07-10,0.0,0.00011612882371991873,0.9993993043899536,0.3331718110712245,0.035134351387013804
BHP,2015-07-22,-0.964328408241272,-2.2957978217164055e-05,-0.9936570525169373,-0.6526694729121422,-0.06534711978955211
BHP,2015-08-06,-0.8836019039154053,0.0033776572381611913,0.0,-0.29340808222574805,-0.02479521009133206
BHP,2015-08-19,0.0,5.926884477958083e-05,0.0,1.975628159319361e-05,5.531701991444512e-05
BHP,2015-08-25,-0.6028114855289459,0.004038039492570533,-0.6940268576145172,-0.43093343455029753,-0.03962124153836189
BHP,2015-08-26,0.5387841860453287,0.0018241393336211331,0.666179378827413,0.40226256806878763,0.042091448280085035
BHP,2015-08-27,0.0,0.00132804074746673,0.9985566735267639,0.3332949047580769,0.036235925840873366
BHP,2015-09-14,0.0,0.0008666697976877913,0.0,0.0002888899325625971,0.000808883511079146
BHP,2015-09-18,0.0,0.004995434428565204,-0.5496039390563965,-0.1815361682092771,-0.014599621593005518
BHP,2015-09-28,-0.552804172039032,3.459162689978257e-05,-0.9975872039794922,-0.5167855947972081,-0.05241494816141198
BHP,2015-09-29,0.0,8.672339026816189e-05,0.0,2.8907796756053965e-05,8.094099900804638e-05
BHP,2015-10-08,0.7375362515449524,0.006054330850020051,0.0,0.24786352746499082,0.0289783624545755
BHP,2015-11-09,-0.05860704183578491,0.0004142894613323733,0.24961744248867035,0.06380823003807261,0.0072813169912870285
BHP,2015-11-10,-0.3478326002756755,0.00045165767005528323,-0.3321533004442851,-0.22651141434996844,-0.022221120477214012
BHP,2015-11-17,-0.8154162168502808,-3.088755693170242e-05,-0.9972308278083801,-0.6042259774051976,-0.06076979120983397
BHP,2015-11-18,0.0,0.0062346463892026804,-0.9953836798667908,-0.32971634449252935,-0.029066286518176134
BHP,2015-11-25,0.45794478058815,0.0011042062833439559,0.49959710240364075,0.3195486964250449,0.03302441659885466
BHP,2015-11-27,0.0,0.06203648587688804,0.9834181666374207,0.34848488417143625,0.09236599812572745
BHP,2015-11-28,-0.9180106520652771,0.0012279205875529442,0.0,-0.30559424382590805,-0.027889932803940254
BHP,2015-11-30,-0.9640008211135864,0.0002592307937447913,-0.5150368213653564,-0.49292613722839934,-0.04829917303715127
BHP,2015-12-01,-0.8993915319442749,0.00020550136650854256,0.0,-0.29972867685925547,-0.028255272351598932
BHP,2015-12-07,-0.9280645847320557,-2.7235274501435924e-05,-0.9540362358093262,-0.6273760186052945,-0.06281552318833071
BHP,2015-12-15,0.47943128645420074,0.0026741730034700595,0.497595876455307,0.3265671119709926,0.03509916827386449
BHP,2015-12-31,0.0,3.33517964463681e-05,0.0,1.1117265482122699e-05,3.112802341715073e-05
BHP,2016-01-04,-0.8706363439559937,0.0019665222062030807,0.5890477895736694,-0.09320734405870705,-0.00505779632351951
BHP,2016-01-08,-0.671297237277031,0.0008542134783056099,-0.4987900108098984,-0.38974434486954124,-0.037916468045757455
BHP,2016-01-12,-0.7689206401507059,0.0018365445430390537,-0.9978114366531372,-0.5882985107536013,-0.05757660187192787
BHP,2016-01-13,0.5029778281847636,0.0073752873310392415,0.9987780253092448,0.5030437136083492,0.0577965307494312
BHP,2016-01-14,0.3929627388715744,0.001090966302626839,0.7402736842632294,0.37810912981247685,0.039391724753717564
BHP,2016-01-15,-0.9655980467796326,0.010043776424330039,-0.9206012884775797,-0.6253851862776274,-0.05343136913099095
BHP,2016-01-20,-0.6425999999046326,4.9860340368468314e-05,-0.9971991777420044,-0.5465831057687561,-0.055227272239711855
BHP,2016-01-25,0.9465431571006775,0.004248555676895194,-0.9150378704071045,0.01191794745682273,0.0018343708302677637
BHP,2016-02-04,0.0,0.00037287732993718237,0.0,0.0001242924433123941,0.0003480152779670004
BHP,2016-02-09,-0.2968209584554036,0.00033796193868814345,-0.3312779664993286,-0.20925365433868137,-0.020683098998048727
BHP,2016-02-17,0.0,0.010101127030793577,0.0,0.003367042343597859,0.009427622045577186
BHP,2016-02-22,0.22161121666431427,0.003161459784564613,-0.2490379363298416,-0.00808841996032091,0.0012320229177867922
BHP,2016-02-23,-0.7834262847900391,0.004745198675664142,-0.9871727228164673,-0.5886179363102807,-0.05494783248730818
BHP,2016-03-01,0.0,0.003695635125041008,0.9692205786705017,0.32430540459851426,0.0374175152486837
BHP,2016-03-02,-0.8119067549705505,0.0019358451027073897,-0.46577945351600647,-0.42525012112794985,-0.04019740530928397
BHP,2016-03-07,0.0,0.0002521768074075226,0.4988839030265808,0.16637869327799612,0.01771975582129067
BHP,2016-03-08,-0.8601887226104736,-0.0003021352240466513,-0.9929966330528259,-0.6178291636291154,-0.062290677571250896
BHP,2016-03-09,-0.4248918056488037,7.597394069307484e-05,-0.3985863089561462,-0.274467380221419,-0.027337358321988144
BHP,2016-03-10,-0.3190072973569234,0.008918024196342836,-0.33184319734573364,-0.2139774901687714,-0.013396669545017356
BHP,2016-03-15,-0.6147544085979462,-0.0005781572135674651,-0.49855127930641174,-0.37129461503930844,-0.03745655997019859
BHP,2016-03-17,-0.7660369575023651,0.0004698473640019074,-0.9971585869789124,-0.5875752323724251,-0.058738084049250044
BHP,2016-04-18,0.22923071682453156,0.0012764993064138253,0.49956129491329193,0.2433561703480791,0.025949915089182245
BHP,2016-04-25,0.0,-2.5900392756739166e-05,0.0,-8.633464252246389e-06,-2.4173452301210178e-05
BHP,2016-05-10,0.9443299770355225,0.018542122779763304,0.9995784163475037,0.6541501720542632,0.08220648626042393
BHP,2016-05-12,0.0,0.00011272673145867884,0.0,3.757557715289295e-05,0.00010521053467771243
BHP,2016-05-16,0.0,-4.938703204970807e-05,0.0,-1.6462344016569357e-05,-4.609408949287035e-05
BHP,2016-06-07,0.0,0.0003531056709107361,0.0,0.0001177018903035787,0.0003295618928908839
BHP,2016-06-08,0.0,0.0008216691858251579,0.0,0.00027388972860838595,0.0007668833513109234
BHP,2016-06-09,-0.23877716064453125,-0.015506829137545234,0.002620538075764974,-0.08388781723543719,-0.021933390126057068
BHP,2016-07-08,0.0,7.836570148356259e-06,0.0,2.6121900494520864e-06,7.314056964830809e-06
BHP,2016-07-11,0.0,9.557055454934016e-05,0.0,3.185685151644672e-05,8.919826746921458e-05
BHP,2016-08-11,0.0,0.04630537854973227,0.0,0.015435126183244089,0.043217907708354736
BHP,2016-08-23,0.06493244171142579,0.003955158175085671,0.5966705799102783,0.22185272659892993,0.026656731390907795
BHP,2016-08-24,0.0,0.00799848966562422,0.0,0.00266616322187474,0.007465180396236027
BHP,2016-08-30,0.2932404677073161,0.0014254637596119817,0.6663486162821451,0.32033818258302443,0.0339589250431136
BHP,2016-09-20,0.9258416891098022,0.0011611401569098234,0.9995336532592773,0.6421788275086632,0.0653980638508144
BHP,2016-09-23,0.7925278544425964,-0.00014887495490256697,0.9987744688987732,0.5970511494621557,0.0599321730731475
BHP,2016-10-11,-0.7128666639328003,0.001504940606537275,-0.9960940480232239,-0.5691519237831623,-0.056052961083349985
BHP,2016-10-12,0.0,-3.811073474935256e-05,-0.9972763657569885,-0.3324381588305793,-0.034987132583493126
BHP,2016-10-24,-0.6303982734680176,0.00011049472959712148,-0.9974912405014038,-0.5425930064132748,-0.0547949853056958
BHP,2016-11-10,0.0,0.00024101124290609732,0.0,8.033708096869911e-05,0.00022494150798010122
BHP,2016-12-05,0.0,0.0008040243992581964,0.9985860586166382,0.3331300276719655,0.03574787881935125
BHP,2016-12-07,-0.4206784963607788,0.00039151230794232106,-0.49838003516197205,-0.3062223397382695,-0.03040706804554135
BHP,2017-02-13,0.0,0.002090219408273697,0.0,0.0006967398027578989,0.0019508513969361276
BHP,2017-03-31,0.0,0.0009079983792616986,0.0,0.0003026661264205662,0.0008474564234758756
BHP,2017-04-10,0.3767079859972,0.01289117181659094,0.5275613516569138,0.30572016982356826,0.04243607647575791
BHP,2017-04-11,-0.471042275428772,0.018312130436243024,-0.4882843494415283,-0.31367149814468576,-0.014920474410525896
BHP,2017-04-12,0.0,-0.00046262305113486946,0.0,-0.00015420768371162316,-0.00043177707660206437
BHP,2017-04-27,0.0,-9.913269605021924e-05,0.0,-3.304423201673975e-05,-9.252289869958547e-05
BHP,2017-05-01,0.0,0.009252305026166141,0.0,0.003084101675388714,0.008635396045428395
BHP,2017-05-07,-0.8763089776039124,0.0013732315273955464,0.0,-0.2916452486921723,-0.026435318387111776
BHP,2017-06-14,-0.9666063189506531,2.242868231405737e-05,-0.9958813190460205,-0.6541550697714532,-0.06545476183926068
BHP,2017-06-16,0.0,0.00026764442009152845,0.0,8.921480669717614e-05,0.0002497988845365447
BHP,2017-06-27,0.942838728427887,0.019455947243841365,0.9994443953037262,0.6539130236584848,0.08300751557714983
BHP,2017-07-05,0.4165714780489604,0.002524391538221001,0.6661332050959269,0.3617430248943694,0.038877897203856614
BHP,2017-07-19,-0.7588986754417419,0.00025732591166161,-0.9962447285652161,-0.5849620260317655,-0.05867862795278602
BHP,2017-08-04,-0.9465720057487488,0.00025498654576949775,-0.9714450836181641,-0.6392540342737144,-0.0637476227523607
BHP,2017-08-16,0.0,-0.0012314086634432897,0.9993873834609985,0.33271865826585173,0.03387624485221564
BHP,2017-08-17,0.0,-0.0002343460582778789,0.0,-7.811535275929297e-05,-0.0002187207329306838
BHP,2017-08-21,0.0,0.003502289499010658,0.0,0.0011674298330035526,0.0032687699666596073
BHP,2017-08-25,0.0,-3.6525725590763614e-06,0.0,-1.2175241863587871e-06,-3.409032683879684e-06
BHP,2017-08-31,-0.387628510594368,0.0003988875323557295,-0.24948132038116455,-0.2122369811477256,-0.02063168034239556
BHP,2017-10-09,0.0,0.006301767454715446,0.0,0.0021005891515718154,0.0058815893637655945
BHP,2017-10-13,0.15138672788937887,0.001024037238494202,0.3332083225250244,0.1618730292176325,0.017421963583210808
BHP,2017-10-17,-0.7087523937225342,0.00015934230941638816,-0.9942612648010254,-0.5676181054047144,-0.05711447504884683
BHP,2017-10-25,0.0,5.8489240473136306e-05,0.0,1.9496413491045434e-05,5.458939670691743e-05
BHP,2017-12-12,0.0,0.00019455266010481864,0.0,6.485088670160621e-05,0.00018158061648494033
BHP,2018-01-03,0.0,0.0005065486184321344,0.0,0.00016884953947737813,0.0004727738513826861
BHP,2018-01-17,-0.2605462670326233,0.003589563100831583,0.0,-0.08565223464393057,-0.004890656276814691
BHP,2018-01-21,-0.8148006200790405,0.0005971588434476871,0.0,-0.27140115374519763,-0.025214182764543833
BHP,2018-01-22,-0.7043498754501343,0.001884856433510625,-0.6577941377957662,-0.4534197189374633,-0.043572593273829265
BHP,2018-01-26,0.0,0.004011957265902311,0.9989269375801086,0.3343129649486703,0.0387538656764556
BHP,2018-02-20,-0.2650812417268753,-9.35962307266891e-05,-4.48077917098999e-05,-0.08840654858310397,-0.008473244010823285
BHP,2018-02-21,-0.35210172832012177,0.0038726963957742555,-0.24906118214130402,-0.19909673802188385,-0.016251083318958567
BHP,2018-02-22,0.9432766437530518,0.00020470623712753877,0.9995940327644348,0.647691794251538,0.06505897188033372
BHP,2018-03-08,0.40219947695732117,0.00035312354793859413,0.49743354320526123,0.29999538123684033,0.030484405281172147
BHP,2018-03-20,0.801504373550415,-6.867443516966887e-05,0.999485969543457,0.6003072228862342,0.06031588258919227
BHP,2018-04-04,-0.19643813371658325,0.0009474103232302392,0.6658397714296976,0.15678301601211486,0.018006750698605474
BHP,2018-04-16,0.0,0.0023395367024932057,0.9979776740074158,0.3334390702366363,0.03715968692106506
BHP,2018-05-03,0.0,0.001615598172065802,0.0,0.000538532724021934,0.0015078761701054855
BHP,2018-05-04,0.43992072343826294,0.01204788516042754,0.9966675639152527,0.4828787241713144,0.060089161970548435
BHP,2018-05-07,0.0,-0.0011975045927101746,0.0,-0.0003991681975700582,-0.0011176594523475733
BHP,2018-05-21,0.6935265064239502,0.0003395865860511549,0.0,0.23128869767000046,0.022252661330404423
BHP,2018-06-07,0.9469566345214844,0.0018221164646092802,0.9994152784347534,0.6493980098069491,0.06667866971927384
BHP,2018-06-25,0.0,0.002635696524521336,0.0,0.0008785655081737787,0.002459958058028479
BHP,2018-07-06,0.0,0.0015066352716530673,0.0,0.0005022117572176891,0.001406178420018085
BHP,2018-08-01,0.8210328221321106,2.1545969502767548e-05,0.9966051578521729,0.605886508651262,0.060916793581069495
BHP,2018-08-21,0.0,0.001427515617251629,-0.993248462677002,-0.3306069823532501,-0.033478062697954475
BHP,2018-09-20,-0.9356957674026489,0.0005575654358835891,0.0,-0.3117127339889218,-0.029074958023923028
BHP,2018-11-23,-0.9702929854393005,-0.7208749055862427,-0.9983683228492737,-0.8965120712916056,-0.7384891270227603
BHP,2018-12-06,-0.9672634601593018,-0.9999812202045177,-0.998502254486084,-0.9885823116166345,-0.9988945529872919
BHP,2018-12-19,0.0,-9.317401600128505e-05,0.0,-3.1058005333761685e-05,-8.696151944919504e-05
BHP,2019-01-02,-0.9688602089881897,-0.9999991111777149,-0.9985998272895813,-0.9891530491518287,-0.9989651657058798
BHP,2019-01-09,0.0,7.050568910926813e-05,0.0,2.3501896369756043e-05,6.580463264862218e-05
BHP,2019-01-14,-0.96802818775177,0.012634206832444761,-0.996269941329956,-0.6505546407497604,-0.05374248281362758
BHP,2019-01-22,-0.9694329500198364,-0.9999836280180716,-0.9985024929046631,-0.989306356980857,-0.9989654058783208
BHP,2019-01-28,-0.4613106846809387,0.000988189858617261,0.0071602463722229,-0.15105408281669952,-0.013417660577051769
BHP,2019-02-19,-0.6920193433761597,0.0016992376476991922,-0.9982799291610718,-0.5628666782965107,-0.05528884271532619
BHP,2019-03-05,0.0,-5.0907157856272534e-05,0.0,-1.6969052618757512e-05,-4.751285899693125e-05
BHP,2019-03-07,-0.9705570340156555,-0.9770494978874922,-0.9984506368637085,-0.9820190562556187,-0.9775941662122403
BHP,2019-03-26,0.9248212575912476,0.9005980640649796,0.9991573095321655,0.9415255437294642,0.9048184190553624
BHP,2019-03-28,0.6684961318969727,0.010332377685699612,0.9799100160598755,0.5529128418808492,0.06513040285597814
BHP,2019-04-01,0.8506236672401428,0.9999602515999868,0.9814113974571228,0.9439984387657508,0.994586759361039
BHP,2019-04-08,0.9336525797843933,0.9999896200033618,0.9995980858802795,0.9777467618893448,0.9978777158601447
BHP,2019-04-15,0.0,0.009527549293125048,0.0,0.003175849764375016,0.008892287809792829
BHP,2019-05-01,-0.6492640376091003,-9.79304313659668e-05,-0.9977808594703674,-0.549047609170278,-0.055596373541312534
BHP,2019-05-02,-0.9714395403862,0.0001701407163636759,-0.9926929473876953,-0.6546541156858439,-0.06535802689705769
BHP,2019-05-03,0.9255408644676208,0.9999995667827122,0.9996507167816162,0.9750637160106498,0.9976322832982344
BHP,2019-05-06,-0.9721421599388123,-0.9999421972861455,-0.9980242252349854,-0.9900361941533143,-0.9989956711275854
BHP,2019-05-09,-0.9728737473487854,-0.9999775845590193,-0.9981305003166199,-0.9903272774081415,-0.999055579782349
BHP,2019-05-14,0.19935232400894165,0.9985191253031189,0.9954440295696259,0.7311051596272288,0.9731343114132793
BHP,2019-05-24,0.9504761695861816,0.9999999874562597,0.9996223449707031,0.9833661673377149,0.9984203631425728
BHP,2019-05-31,0.0,0.005756352737080306,0.0,0.0019187842456934352,0.0053725405061669385
BHP,2019-06-11,0.8883536458015442,-0.7736150622367859,0.999667763710022,0.37146878242492676,-0.6588999777344072
BHP,2019-06-18,0.6972922086715698,0.9999766275836919,0.9981623291969299,0.8984770551507305,0.9903393702599739
BHP,2019-07-05,-0.9683896899223328,-0.8513174747058656,-0.9977109432220459,-0.9391393692834148,-0.8601510258127815
BHP,2019-07-23,0.0,0.0010628750314936042,0.0,0.00035429167716453475,0.0009920065002507715
BHP,2019-07-24,-0.9714435935020447,-0.9668211340904236,-0.9983657002449036,-0.9788768092791239,-0.9680728819576269
BHP,2019-08-01,-0.9740816354751587,-0.9999979519924409,-0.9987485408782959,-0.9909427094486318,-0.9991344704530525
BHP,2019-08-09,-0.974101185798645,-0.9999698313640693,-0.9983123540878296,-0.9907944570835147,-0.9990935442055987
BHP,2019-08-13,0.7950113415718079,-0.36627621203660965,0.9995019435882568,0.476079024374485,-0.28167910914510863
BHP,2019-08-14,-0.9727622866630554,-0.9954264987027273,-0.9986571073532104,-0.988948630906331,-0.9948228488874519
BHP,2019-08-16,-0.7486975491046906,-0.0008487647919537267,-0.4991619884967804,-0.4162361007978082,-0.041967046000646935
BHP,2019-09-03,-0.9759218096733093,-0.9837856921367347,-0.9987529516220093,-0.9861534844773511,-0.9840615182750654
BHP,2019-09-04,-0.7238863110542297,-0.9542735908180475,0.999182403087616,-0.22632583292822042,-0.8785237995471469
BHP,2019-09-05,-0.9181169867515564,8.010650344658643e-05,0.0,-0.3060122934160366,-0.02896457827486986
BHP,2019-09-13,-0.9612143635749817,0.608159739524126,0.9977940320968628,0.2149131360153357,0.5721771303195831
BHP,2019-09-24,-0.9590016603469849,-0.9693543542998668,-0.9968903660774231,-0.9750821269080916,-0.9699919402660747
BHP,2019-10-02,-0.9588472843170166,-0.9068611243237683,-0.9977965354919434,-0.9545016480442428,-0.9116924240829416
BHP,2019-10-10,0.9486138820648193,0.9999735063834123,0.9996397495269775,0.9827423793250697,0.9983373704683425
BHP,2019-10-11,0.9240790009498596,0.9991934794941244,0.9996621608734131,0.974311547105799,0.9968341008101722
BHP,2019-10-21,0.7730804681777954,0.4554010343272239,0.9996193647384644,0.7427002890811613,0.4845222223864266
BHP,2019-11-01,0.9073716998100281,0.9999977689453203,0.9996784925460815,0.9690159871004767,0.9970569109526379
BHP,2019-11-05,0.9425531625747681,0.9999999777361221,0.9996522665023804,0.9807351356044235,0.9981708131036541
BHP,2019-11-19,0.9231744408607483,-0.9899753523059189,0.9995021820068359,0.3109004235205551,-0.859738602994571
BHP,2019-12-03,-0.9687272906303406,-0.9997918930585001,-0.9981628060340881,-0.9888939965743097,-0.9987522739324374
BHP,2019-12-16,0.49907106161117554,0.4481611102819443,-0.99820876121521,-0.016992196440696716,0.399080416122853
BHP,2019-12-17,0.0,0.00036848756280960515,0.0,0.00012282918760320172,0.00034391818371837924
BHP,2019-12-27,0.0,0.00031128135742619634,0.0,0.00010376045247539878,0.00029052628091163194
BHP,2020-01-03,-0.9208468198776245,0.000544632421224378,0.0,-0.3067673958188,-0.028617367744312023
BHP,2020-01-10,0.0,0.00036848756280960515,0.0,0.00012282918760320172,0.00034391818371837924
BHP,2020-01-15,0.0,0.00030855830846121535,0.0,0.00010285276948707178,0.00028798480145645174
BHP,2020-01-17,0.9501751661300659,0.9999974838178822,0.999477207660675,0.9832166192028744,0.9984034195236675
BHP,2020-01-21,0.0,0.0001516474731033668,0.0,5.054915770112226e-05,0.00014153618685890554
BHP,2020-01-23,0.0,0.0003509491725708358,0.0,0.00011698305752361193,0.0003275492013171739
BHP,2020-01-27,-0.9711304306983948,-0.9999917508221188,-0.9986405968666077,-0.9899209261290404,-0.9990315574050268
BHP,2020-01-31,-0.4851313531398773,-0.4998332554159788,-0.49933046102523804,-0.49476502319369803,-0.4993506245102972
BHP,2020-02-04,0.949055016040802,0.9855425474233925,0.9994801878929138,0.9780259171190361,0.9848769363681127
BHP,2020-02-07,-0.9724594354629517,-0.9999349289028032,-0.9985163807868958,-0.9903035817175502,-0.9990161679837656
BHP,2020-02-12,0.8555975556373596,-0.9999973897852215,0.8374897241592407,0.2310299633371263,-0.8769078739152231
BHP,2020-02-18,0.0,0.00024181880144169554,0.0,8.060626714723185e-05,0.00022569523511499793
BHP,2020-02-24,-0.4862012565135956,-0.4995529259686009,-0.4992341101169586,-0.4949960975330517,-0.4991194580176785
BHP,2020-02-25,-0.9713011980056763,-0.9999890682939849,-0.9982509016990662,-0.9898470559995758,-0.9990207976223932
BHP,2020-02-27,-0.9529154300689697,-0.4999601793610964,-0.9965941905975342,-0.8164899333425334,-0.5316923558605237
BHP,2020-02-28,-0.9505663812160492,-0.5000064800367916,-0.9966615438461304,-0.815744801699657,-0.5316636435451665
BHP,2020-03-03,-0.6906688809394836,-5.429721568361856e-06,-0.9977522492408752,-0.5628088533006425,-0.056818641504001254
BHP,2020-03-04,0.9382840991020203,0.9999998154663956,0.9996914863586426,0.9793251336423529,0.9980369935133228
BHP,2020-03-05,-0.48545870184898376,-0.4992434922751272,-0.4989459812641144,-0.4945493917960751,-0.49879706814251673
BHP,2020-03-06,-0.6335825721422831,-0.33323597207572675,-0.6643948952356974,-0.5437378131512357,-0.3543418477828658
BHP,2020-03-09,-0.3887645721435547,-0.40055525981734946,-0.3994463324546814,-0.3962553881385285,-0.4001434582121583
BHP,2020-03-10,-0.007340860366821289,-0.19936064758685462,0.3995707631111145,0.0642897517191462,-0.1722964531526455
BHP,2020-03-11,-0.3243322968482971,-0.33207556310028963,-0.33288947741190594,-0.32976577912016425,-0.3318591771424515
BHP,2020-03-12,-0.9535336792469025,-0.5000060341637607,-0.9963918626308441,-0.8166438586805024,-0.5317475995234786
BHP,2020-03-13,-0.38731855154037476,-0.4997280293609947,0.49970585107803345,-0.12911357660777867,-0.4611454204953235
BHP,2020-03-16,-0.9735192656517029,-0.9999939650967917,-0.9986767172813416,-0.990729982676612,-0.9991104386805715
BHP,2020-03-17,0.9507686495780945,0.999999995634798,0.999657392501831,0.9834753459049078,0.9984308423742291
BHP,2020-03-18,-0.48677459359169006,-0.49983109499999046,-0.4993355870246887,-0.49531375853878973,-0.49940074809911245
BHP,2020-03-19,0.9320326447486877,0.0034996689500985667,0.9996156692504883,0.6450493276497582,0.06777935800440588
BHP,2020-03-20,0.9512578248977661,0.9999867096134949,0.9995162487030029,0.983586927738088,0.9984289623631989
BHP,2020-03-23,-0.9523115754127502,-0.9999727784042989,0.9994181394577026,-0.3176220714531155,-0.9283925843115722
BHP,2020-03-24,-0.9674884080886841,-0.9999981575240895,0.8885325193405151,-0.3596513487574195,-0.9327825249204633
BHP,2020-03-25,0.9194896817207336,0.9864586325129494,0.9996336698532104,0.9685273280289645,0.9848022260737753
BHP,2020-03-27,0.0,0.0003684886760311201,0.0,0.00012282955867704004,0.0003439192159236238
BHP,2020-03-30,0.9207953810691833,0.9999971310290334,0.999550998210907,0.9734478367697079,0.9974764115732676
BHP,2020-04-02,0.30721381306648254,0.2793308552172675,0.4995858669281006,0.36204351173728355,0.28793204821824353
BHP,2020-04-06,0.9418882131576538,0.9999587882648484,0.9996126294136047,0.9804865436120357,0.9981099514692718
BHP,2020-04-07,0.942581832408905,0.9999992127591213,0.9992443323135376,0.9806084591605213,0.9981566998362252
BHP,2020-04-15,-0.4855511486530304,-0.4998336178933869,-0.49930596351623535,-0.4948969100208842,-0.49936337754175225
BHP,2020-04-17,0.4690895974636078,0.5001429494814928,0.4998234510421753,0.4896853326624253,0.4991495416808436
BHP,2020-04-20,-0.973086416721344,-0.9998798123015149,-0.9982854723930359,-0.9904172338052982,-0.9989765037571623
BHP,2020-04-21,-0.10057216882705688,-0.4997228805768259,-0.023936301469802856,-0.20807711695789521,-0.47042313402066666
BHP,2020-04-23,0.9412221908569336,0.9999995072303758,0.9996243715286255,0.9802820232053117,0.9981272927991364
BHP,2020-04-29,0.9526684880256653,0.9486307054758072,0.9996925592422485,0.9669972509145737,0.9505479692838815
BHP,2020-04-30,-0.9701354503631592,-0.9996669803331315,-0.9983741044998169,-0.9893921783987025,-0.9986876169560464
BHP,2020-05-01,-0.48577380180358887,-0.4996523586414696,-0.4992751181125641,-0.4949004261858742,-0.49920016671482137
BHP,2020-05-06,0.9531041383743286,0.9999995550810326,0.9996225833892822,0.9842420922815478,0.9985031027439535
BHP,2020-05-07,-0.9698165655136108,-0.9999950258895751,-0.984286904335022,-0.9846994985794026,-0.9984900063966808
BHP,2020-05-08,0.9576641917228699,0.9999999962659882,0.9996888637542725,0.9857843505810435,0.9986500461131311
BHP,2020-05-11,-0.9694070816040039,-0.9999792999669808,-0.9983593821525574,-0.9892485879078473,-0.9989555666838645
BHP,2020-05-18,0.9509592056274414,0.9999899209516343,0.9996932744979858,0.9835474670256872,0.9984287255317642
BHP,2020-05-20,0.9490069150924683,0.9999860322324139,0.9996867179870605,0.9828932217706475,0.9983631302995328
BHP,2020-06-02,0.9500399827957153,0.9999992953162717,0.9996628761291504,0.9832340514137125,0.9984073198164786
BHP,2020-06-05,0.9539371728897095,0.9999997527210382,0.9996383190155029,0.9845250815420835,0.9985301693715938
CSCO,2016-08-17,-0.3394027352333069,-0.0655224658015868,0.0007384419441223145,-0.1347289196969238,-0.07186284022307333
CSCO,2016-08-18,0.0722430483861403,0.0024358645909656348,0.2703506350517273,0.1150098493429444,0.014033426770440649
CSCO,2016-08-19,-0.066170334815979,-0.004893851230008295,0.49978014826774597,0.14290532074058623,0.010855339147670362
CSCO,2016-08-20,0.0,0.00046851370279910043,0.0,0.0001561712342663668,0.0004372749548574424
CSCO,2016-08-22,-0.5687443017959595,0.0109918687667232,-0.9255020618438721,-0.4944181649577028,-0.04016606638438083
CSCO,2016-08-23,-0.7921602725982666,0.004616554448148236,-0.6266732215881348,-0.4714056465794177,-0.042709716300539505
CSCO,2016-08-24,0.0,0.005992606791551225,0.9983978867530823,0.3347968311815445,0.04058391104299404
CSCO,2016-08-25,0.27863043546676636,0.2819160929248028,0.4997107982635498,0.35341910888503963,0.28944521478746726
CSCO,2016-08-26,0.0,0.0016448081714770524,0.3873711824417114,0.12967199687106282,0.015111343434582479
CSCO,2016-08-28,0.0,0.0010599920206004754,0.0,0.0003533306735334918,0.0009893157041579767
CSCO,2016-08-30,0.0,-0.00030974290348240174,0.0,-0.00010324763449413392,-0.00028909040192656005
CSCO,2016-08-31,-0.7844061255455017,0.0002057354067801498,0.0,-0.2614001300462405,-0.024618152756850836
CSCO,2016-09-01,0.8363609313964844,0.001099383574910462,0.0,0.2791534383237983,0.027479542376717233
CSCO,2016-09-03,-0.8583928346633911,0.0015520806337008253,0.0,-0.28561358467656345,-0.025701720278269165
CSCO,2016-09-08,0.4748229682445526,0.00012867742771049961,0.9989528954029083,0.4913015136917238,0.05014870712080989
CSCO,2016-09-14,0.9460065364837646,0.0019124008249491453,0.9996284246444702,0.6491824539843947,0.06674035354249215
CSCO,2016-09-16,0.0,0.0002568543131928891,0.9979155659675598,0.33272414009358425,0.03521369321977823
CSCO,2016-09-21,0.0,-8.096892270259559e-05,0.0,-2.6989640900865197e-05,-7.557021781422892e-05
CSCO,2016-09-22,0.1895568013191223,0.0026268292363965883,0.19992945194244385,0.13070436083265424,0.015454151060899075
CSCO,2016-09-23,-0.3435143232345581,0.0026495916046769706,-0.28846346139907836,-0.20977606434298648,-0.01850195527902066
CSCO,2016-09-25,-0.47143009305000305,-0.0018172385753132403,0.9505903124809265,0.15911432695187008,0.01670830802353956
CSCO,2016-09-27,0.0,0.00019163016258971766,0.0,6.387672086323921e-05,0.00017885297338124438
CSCO,2016-09-30,0.0,3.884408215526491e-06,0.0,1.2948027385088305e-06,3.6254104059767505e-06
CSCO,2016-10-03,0.0,0.13043056789319962,0.0,0.043476855964399874,0.1217339421546142
CSCO,2016-10-04,0.8109451532363892,0.000741954892873764,0.9993494153022766,0.6036788411438465,0.061366281060878644
CSCO,2016-10-09,0.0,0.0009557948797009885,0.9994807839393616,0.3334788596063542,0.03592088726653981
CSCO,2016-10-11,0.0,0.01355743280146271,0.0,0.004519144267154236,0.012653474222006156
CSCO,2016-10-13,0.0,0.004669235429901164,0.4626486897468567,0.15577264172558594,0.020572365437512324
CSCO,2016-10-14,0.0,0.001215141142893117,0.0,0.000405047047631039,0.0011341200837091771
CSCO,2016-10-16,0.0,0.0017332134302705526,0.0,0.0005777378100901842,0.0016176492421072284
CSCO,2016-10-19,-0.962957501411438,2.2936852474231273e-05,-0.9859423041343689,-0.6496256228977776,-0.06499054538489532
CSCO,2016-10-20,0.0,-0.00016454495198559016,0.0,-5.484831732853005e-05,-0.00015357371009438257
CSCO,2016-10-25,0.9151864945888519,0.0007159673259593546,0.997929722070694,0.6379440613285018,0.06458934465460742
CSCO,2016-10-27,0.0,-0.0007084338867571205,0.0,-0.00023614462891904017,-0.0006611981923637843
CSCO,2016-10-28,0.0,6.232502346392721e-05,0.0,2.077500782130907e-05,5.8169424036253394e-05
CSCO,2016-11-04,0.6815999746322632,0.10413470488856547,0.9988479614257812,0.5948608803155366,0.1537565214859689
CSCO,2016-11-07,0.9154871702194214,0.006851493933936581,0.0,0.30744622138445266,0.03535082634110809
CSCO,2016-11-08,0.0,0.00045971096551511437,0.5511183142662048,0.18385934174390664,0.019744112728662767
CSCO,2016-11-14,0.5762813687324524,0.061066521098837256,0.961039125919342,0.5327956719168773,0.1089037304872771
CSCO,2016-11-15,0.7688257098197937,0.0024546501808799803,-0.9972236156463623,-0.07531441854856287,-0.008341357184474495
CSCO,2016-11-16,-0.39892759919166565,0.00013736934425878644,-0.2741598546504974,-0.22431669483263475,-0.02209805237520489
CSCO,2016-11-17,-0.17852631509304046,0.0023405711835039257,-0.08503834903240204,-0.08707469764731286,-0.006442481622151291
CSCO,2016-11-18,0.31446446975072223,-1.026386113759751e-05,0.3331289291381836,0.21586104500925607,0.021611868993705537
CSCO,2016-11-22,0.8869543671607971,0.004138727388635743,0.9989864230155945,0.6300265058550091,0.06692796126246763
CSCO,2016-11-23,-0.05655476450920105,0.011411388892156538,-0.49743473529815674,-0.18085937030506707,-0.008571867919271852
CSCO,2016-11-25,-0.8835113644599915,4.481324867811054e-05,0.0,-0.2944888504037711,-0.027902968734883554
CSCO,2016-11-30,0.7345417141914368,0.003966376607422717,0.6235328316688538,0.45401364082257106,0.04878787699734326
CSCO,2016-12-02,0.0,8.400211299885996e-05,0.0,2.800070433295332e-05,7.840116293226868e-05
CSCO,2016-12-05,-0.8835113644599915,4.481262294575572e-05,0.0,-0.2944888506123486,-0.027902969318894414
CSCO,2016-12-12,-0.47704628109931946,0.00035763013147516176,-0.4989154636859894,-0.3252013715512779,-0.03224032649541084
CSCO,2016-12-14,0.4103675037622452,0.0013138422509655356,0.7481618970632553,0.386614414358822,0.04042669656573097
CSCO,2016-12-15,0.0,0.00019102867372566834,0.0,6.367622457522278e-05,0.0001782915895446828
CSCO,2016-12-21,0.0,0.0004723126912722364,0.0,0.00015743756375741214,0.00044082063419910076
CSCO,2016-12-22,0.0,6.728394873789512e-05,0.0,2.2427982912631705e-05,6.279771011803274e-05
CSCO,2016-12-27,0.0,-5.646604222420137e-06,0.0,-1.882201407473379e-06,-5.270109774911893e-06
CSCO,2017-01-11,-0.9257429838180542,-0.0006664435204584152,0.0,-0.30880314244617085,-0.029902555608822042
CSCO,2017-01-17,-0.9715484976768494,0.0010309560020687059,-0.9965912103652954,-0.6557029173466921,-0.06469467624374038
CSCO,2017-01-19,0.0,0.00501502544284449,0.0,0.00167167514761483,0.0046806422481130575
CSCO,2017-01-24,0.0,0.057787942729191855,0.0,0.019262647576397285,0.053934859715282946
CSCO,2017-01-25,0.39321209987004596,0.0007467148889190867,0.3331240283118354,0.24236094769026684,0.02480893171441745
CSCO,2017-01-26,0.0,0.0008548061086912639,0.0,0.00028493536956375465,0.0007978108281143743
CSCO,2017-01-27,0.0,0.0005908406747039407,-0.9978398084640503,-0.33241632259644877,-0.03441986426096646
CSCO,2017-02-01,0.0,3.536422809702344e-05,0.0,1.1788076032341147e-05,3.3006273653168724e-05
CSCO,2017-02-02,0.9509669542312622,0.041256690048612654,0.999612033367157,0.663945225882344,0.10361763110568983
CSCO,2017-02-06,0.0,0.002245678915642202,0.0,0.0007485596385474006,0.0020959455545280906
CSCO,2017-02-10,-0.9711405038833618,0.00027964808396063745,-0.8598632216453552,-0.6102413591482522,-0.060591076959332184
CSCO,2017-02-12,0.6749482750892639,0.00494169705780223,0.9983254075050354,0.5594051265507005,0.06094863381682183
CSCO,2017-02-13,0.0,-7.717959912649045e-06,0.0,-2.5726533042163483e-06,-7.203355498910647e-06
CSCO,2017-02-14,0.0,0.0045883949132985435,0.0,0.0015294649710995145,0.004282457883745788
CSCO,2017-02-15,-0.0001493947846548898,0.022140031037581918,0.1426431621823992,0.05487793281177541,0.02565830966626955
CSCO,2017-02-16,-0.24981038437949288,0.0009480237315781576,-0.07599443197250366,-0.10828559754013946,-0.009679878003976463
CSCO,2017-02-17,-0.4258365035057068,0.002342459061765112,0.49807947874069214,0.024861811432250153,0.006173587732071525
CSCO,2017-02-21,0.0,0.002792064828099683,0.0,0.0009306882760332277,0.00260590036237192
CSCO,2017-02-23,0.0,0.0009009285167849157,0.0,0.0003003095055949719,0.0008408579699601326
CSCO,2017-02-24,0.4727964997291565,-0.0001864839214249514,0.4997444748878479,0.32411816356519313,0.03229469832726101
CSCO,2017-02-26,0.0,0.00045521486026700586,0.0,0.0001517382867556686,0.0004248628497713734
CSCO,2017-02-27,0.0,0.03446242384961806,0.6845628023147583,0.23967507538812546,0.05615648172112335
CSCO,2017-02-28,0.3036368489265442,-0.00043239699789410224,0.4540955126285553,0.25243332151906844,0.02511493041560281
CSCO,2017-03-01,-0.4503864347934723,-0.00031733104697195813,-0.00027176737785339355,-0.15032517773943255,-0.014551078398820978
CSCO,2017-03-03,0.0,0.0004974921757820994,0.0,0.00016583072526069978,0.0004643212312881608
CSCO,2017-03-07,0.0,0.011660959338769317,0.0,0.0038869864462564387,0.010883450407084118
CSCO,2017-03-08,-0.7377590537071228,0.00744763540205895,0.0,-0.2434371394350213,-0.01638370419176115
CSCO,2017-03-09,0.0,0.004950250391630107,0.0,0.0016500834638767021,0.004620186312898678
CSCO,2017-03-13,0.0,0.000755238113924861,0.0,0.00025174603797495365,0.0007048816615795185
CSCO,2017-03-14,-0.08352859814961751,0.013069615597487427,-0.33279573917388916,-0.13441824057533974,-0.00210726196265485
CSCO,2017-03-15,0.8507523536682129,-3.7027610233053565e-05,0.9995669722557068,0.6167607661045622,0.06190593446156901
CSCO,2017-03-16,0.0,0.0007940082286950201,0.0,0.0002646694095650067,0.0007410667572860278
CSCO,2017-03-20,0.0,0.002001382803427987,0.0,0.0006671276011426622,0.0018679381525019804
CSCO,2017-03-24,0.0,0.0075501031533349305,0.0,0.0025167010511116437,0.007046690490297756
CSCO,2017-03-28,0.9299694299697876,0.001506672109826468,0.0,0.310492034026538,0.03082044022414135
CSCO,2017-03-29,0.0,0.0005927665333729237,0.0,0.00019758884445764124,0.0005532431054306723
CSCO,2017-04-03,0.0,0.03117611081688665,0.9640728235244751,0.33174964478045393,0.06288528206686768
CSCO,2017-04-04,0.10930172602335612,0.0011940362661941133,0.3332115411758423,0.14790243448846419,0.016249623864132312
CSCO,2017-04-10,-0.2981659173965454,0.0031630329322069883,0.4926447570323944,0.06588062418935199,0.010787101784934056
CSCO,2017-04-13,0.8547983169555664,0.014506200852338225,0.9995148181915283,0.6229397786664777,0.07560561813591384
CSCO,2017-04-18,0.5726921558380127,0.001456146506825462,0.0,0.1913827674482794,0.019472874378282084
CSCO,2017-04-27,0.0910321871439616,-0.016865092955413274,0.3331375519434611,0.1357682153773365,-0.0011858355139215463
CSCO,2017-05-01,0.0,-0.00017846001719590276,0.0,-5.9486672398634255e-05,-0.00016656097080803924
CSCO,2017-05-09,-0.7552431523799896,4.697796975960955e-05,-0.4988407492637634,-0.41801230789133115,-0.0413268038931688
CSCO,2017-05-10,0.9019270539283752,0.0017695675815048162,0.9994009733200073,0.6343658649432958,0.06520487183505523
CSCO,2017-05-11,0.0,0.0006231930898745001,0.0,0.00020773102995816668,0.0005816409188126636
CSCO,2017-05-15,0.2358495444059372,4.502705814957153e-05,0.49951547384262085,0.24513668176890255,0.025008294836139
CSCO,2017-05-16,0.2884470820426941,0.0007520294202549849,0.0,0.09639970382098302,0.009825249224658132
CSCO,2017-05-17,-0.2711475027932061,0.0003369802705290365,-0.2219088938501146,-0.16423980545759723,-0.01603892280023812
CSCO,2017-05-18,-0.49687252442042035,0.015556214209532805,-0.44146790769365096,-0.3075947393015128,-0.01666885029426955
CSCO,2017-05-19,-0.4427465498447418,0.005190659248910379,-0.4986567795276642,-0.3120708900411652,-0.026635605046892063
CSCO,2017-05-22,0.0,0.006655743869487196,0.0,0.0022185812898290655,0.006211963710837131
CSCO,2017-05-24,0.9512211084365845,0.024779750121524557,0.9994988441467285,0.6584999009016125,0.08824338498924601
CSCO,2017-05-26,0.0,0.028162134294689167,0.0,0.009387378098229723,0.02628438900711776
CSCO,2017-05-30,0.6565917134284973,0.0008584488386986777,0.0,0.21915005408906532,0.02156870833489082
CSCO,2017-06-09,0.0,0.0006053345859982073,0.6050505638122559,0.2018852994660847,0.02177019125524764
CSCO,2017-06-12,-0.45116809010505676,0.00042264079729648074,-0.49899131059646606,-0.31657891996807547,-0.03136380117494797
CSCO,2017-06-21,0.0,0.026324941136408597,0.0,0.008774980378802866,0.02456969226252965
CSCO,2017-06-23,0.0,-9.913269605021924e-05,0.0,-3.304423201673975e-05,-9.252289869958547e-05
CSCO,2017-06-26,0.0,-0.0006000649882480502,-0.9584753513336182,-0.3196918054406221,-0.034151757971208944
CSCO,2017-06-27,0.0,-9.913269605021924e-05,0.0,-3.304423201673975e-05,-9.252289869958547e-05
CSCO,2017-06-28,0.0,0.0003647886078397278,0.0,0.0001215962026132426,0.00034046586462476173
CSCO,2017-06-29,0.0,0.006391380651621148,0.0,0.0021304602172070495,0.00596522710762824
CSCO,2017-06-30,0.0,0.00016198411503864918,0.0,5.399470501288306e-05,0.00015118362526895393
CSCO,2017-07-05,0.0,0.00022606837865168927,0.0,7.535612621722976e-05,0.00021099498905304866
CSCO,2017-07-21,-0.9057853817939758,0.0028792355878977105,-0.9567521810531616,-0.6198861090864133,-0.059493356363889395
CSCO,2017-07-22,0.8672946095466614,0.000446944713985431,0.0,0.28924718475354894,0.027849014452416856
CSCO,2017-07-27,0.9359188675880432,0.0008132601215038449,0.9991225600242615,0.6452848959112695,0.06537770504380193
CSCO,2017-08-02,0.7596317529678345,0.0007511820549552795,-0.9903481006622314,-0.07665505521314724,-0.009981075976975078
CSCO,2017-08-07,0.0,0.0020749191753566265,0.0,0.0006916397251188755,0.0019365713263169544
CSCO,2017-08-11,0.0,0.0042172480607405305,0.0,0.0014057493535801768,0.003936057626700383
CSCO,2017-08-15,0.0,0.0022801514132879674,0.9995372295379639,0.3339391269837506,0.037158918964686
CSCO,2017-08-16,-0.47702566385269163,0.0005974591069389135,-0.3994271278381348,-0.2919517775279625,-0.028529066211780692
CSCO,2017-08-17,-0.028804116778903537,0.0026396291203935915,-0.11007755994796753,-0.045414015868825826,-0.002305313995280315
CSCO,2017-08-21,0.0,1.2533125300251413e-05,0.0,4.177708433417138e-06,1.1697463387427046e-05
CSCO,2017-08-22,0.0,8.115607124636881e-05,0.0,2.7052023748789605e-05,7.574489138857493e-05
CSCO,2017-08-29,0.8657901585102081,0.0012109316667192616,0.999396026134491,0.6221323721038061,0.06354032676374571
CSCO,2017-08-30,0.0,0.33232803652814863,0.0,0.11077601217604954,0.3101696599932648
CSCO,2017-09-05,-0.6524202823638916,0.0005717407366319094,0.0,-0.21728284720908655,-0.02010193924132407
CSCO,2017-09-06,0.10525485873222351,0.0059696959287975915,0.9795284569263458,0.363584337195789,0.04323034067588033
CSCO,2017-09-11,0.0,0.00016137565398821607,0.0,5.379188466273869e-05,0.00015061572224137407
CSCO,2017-09-13,0.9362115263938904,0.000704714773746673,0.9996048808097839,0.6455070406591403,0.0653025576226248
CSCO,2017-09-18,0.0,0.0019931600836571306,0.0,0.0006643866945523769,0.0018602635435288949
CSCO,2017-09-19,0.0,0.00010832930274773389,0.7549260258674622,0.25167811839007,0.026559012469863516
CSCO,2017-09-27,-0.9398005604743958,-3.9388483855873346e-05,-0.9827114939689636,-0.6408504809757384,-0.06420304836915067
CSCO,2017-10-04,0.0,0.004316592974646483,0.0,0.0014388643248821609,0.004028778776715164
CSCO,2017-10-06,0.6287556886672974,0.0005208456059335731,0.9636726975440979,0.530983077272443,0.05414703740799917
CSCO,2017-10-07,-0.9175400137901306,0.0007428163080476224,-0.9479520916938782,-0.6215830963919871,-0.061550700463869366
CSCO,2017-10-12,-0.974187970161438,0.00014734105570823886,-0.9984909296035767,-0.6575105195697688,-0.06566943910134057
CSCO,2017-10-17,0.0,0.0012346930452622473,0.0,0.0004115643484207491,0.0011523682772479932
CSCO,2017-10-20,0.0,0.0012911048652313184,0.0,0.00043036828841043945,0.0012050187850561867
CSCO,2017-10-23,0.4202104906241099,2.931155313490308e-05,0.4972137709458669,0.3058178577077039,0.03074415621786762
CSCO,2017-10-24,0.0,7.111288141459227e-05,0.0,2.370429380486409e-05,6.637134049118201e-05
CSCO,2017-10-25,0.3056690990924835,0.00033877025816764217,0.43198537826538086,0.245997749205344,0.02512406336885129
CSCO,2017-10-29,-0.9113768935203552,0.00013821537140756845,-0.9779556393623352,-0.6297314391704276,-0.06297158893528972
CSCO,2017-11-01,0.2811592221260071,0.011344556805852335,0.0,0.09750125964395313,0.0194809969300308
CSCO,2017-11-02,-0.9656952023506165,0.006489350984338671,-0.9943830966949463,-0.6511963160204081,-0.0593377036265909
CSCO,2017-11-06,0.4936619997024536,1.135205093305558e-05,0.0,0.16455778391779555,0.015624749572983297
CSCO,2017-11-09,0.0,-0.0009508476505288854,0.0,-0.0003169492168429618,-0.0008874486724104682
CSCO,2017-11-10,0.0,0.00590964371804148,0.0,0.00196988123934716,0.005515610672254093
CSCO,2017-11-13,0.0,0.0018686164603423094,0.0,0.0006228721534474365,0.001744024085956121
CSCO,2017-11-14,0.0,0.0013250840675027575,0.0,0.00044169468916758586,0.0012367323676432584
CSCO,2017-11-15,0.2816176679399278,0.0017582611944817472,0.443988217247857,0.2424547154607555,0.026108842849374585
CSCO,2017-11-16,0.2938255793169925,0.0040628572973410455,0.4726972956406443,0.25686191075165926,0.029652071490074722
CSCO,2017-11-17,0.19122393925984701,0.013580087058168525,0.3331870436668396,0.17933035666161837,0.030400097573065485
CSCO,2017-11-19,0.0,0.0007871420530136675,0.0,0.00026238068433788914,0.0007346583925150594
CSCO,2017-11-20,0.0,0.0016363050235668197,0.0,0.0005454350078556066,0.0015272023118791743
CSCO,2017-11-21,0.44953566789627075,-0.004690951187512837,0.4994453489780426,0.3147633552289335,0.027344366151437448
CSCO,2017-11-28,0.0,0.00014207489221007563,0.0,4.735829740335854e-05,0.00013260186645636918
CSCO,2017-12-04,0.0,0.0025131385837084963,0.0,0.0008377128612361654,0.002345571897809018
CSCO,2017-12-05,0.0,0.001414683116308879,0.0,0.00047156103876962635,0.0013203572904302344
CSCO,2017-12-07,0.0,0.0013092845838400535,0.0,0.0004364281946133512,0.0012219863921726455
CSCO,2017-12-08,0.0,0.0006722165489918552,0.0,0.00022407218299728507,0.0006273956436680887
CSCO,2017-12-11,0.0,4.8702439471526304e-05,0.0,1.6234146490508767e-05,4.54551442602512e-05
CSCO,2017-12-15,0.0,-9.279452206101269e-05,0.0,-3.0931507353670895e-05,-8.660733044300714e-05
CSCO,2017-12-19,0.0,0.001983255791856209,0.0,0.0006610852639520696,0.0018510197652777097
CSCO,2017-12-21,0.0,0.006391380651621148,0.0,0.0021304602172070495,0.00596522710762824
CSCO,2017-12-28,-0.42306482791900635,0.0013194906059652567,-0.9943671822547913,-0.4720375065226108,-0.04699931227834774
CSCO,2018-01-04,0.0,0.0009581231424817815,0.0,0.0003193743808272605,0.0008942390617751078
CSCO,2018-01-05,0.07249230146408081,0.00037791755069823313,0.3331361214319865,0.1353354468155885,0.01432102326097841
CSCO,2018-01-09,0.0,-3.070529783144593e-05,0.0,-1.0235099277148644e-05,-2.8657983430212482e-05
CSCO,2018-01-11,0.0,0.01296884921612218,0.0,0.004322949738707393,0.012104135025463597
CSCO,2018-01-18,-0.020470723509788513,0.018047485388706264,0.14137858152389526,0.04631844780093767,0.021151570944762547
CSCO,2018-01-22,0.0,0.0009236084297299385,0.0,0.00030786947657664615,0.0008620256745433013
CSCO,2018-01-29,0.0,0.0001279937059734948,0.0,4.26645686578316e-05,0.00011945955764966112
CSCO,2018-01-30,-0.30535459518432617,0.0002479887189110741,0.0,-0.10170220215513837,-0.009426680354469492
CSCO,2018-02-01,0.7151357531547546,0.0005366797486203723,0.0,0.23855747763445834,0.023120097147616033
CSCO,2018-02-04,0.0,0.0005260367470327765,0.0,0.00017534558234425882,0.0004909625573034604
CSCO,2018-02-05,0.17787230014801025,0.0023508689297765764,0.4949911832809448,0.22507145078624388,0.025168052625024046
CSCO,2018-02-07,-0.16747069358825684,0.009506250647973502,0.4972017705440521,0.11307910920125626,0.021000878035540266
CSCO,2018-02-08,0.0,0.007721346388279926,0.0,0.002573782129426642,0.007206515846527357
CSCO,2018-02-12,-0.0054013729095458984,-0.0006177098632633715,0.24984893202781677,0.08127661641833583,0.008009095439414485
CSCO,2018-02-13,0.038265486558278404,0.1746587382179617,0.038615663846333824,0.08384662954085798,0.16557682580740182
CSCO,2018-02-14,-0.051059257984161374,0.005721259573329007,0.199866783618927,0.05150959506936489,0.01072955656648095
CSCO,2018-02-15,0.2233203371365865,0.11956962076825826,0.3337496836980184,0.22554654720095438,0.13035755075541686
CSCO,2018-02-16,0.0,0.010775253128182763,0.0,0.0035917510427275878,0.010056799601456938
CSCO,2018-02-26,0.5469358960787455,-0.002369310076270873,0.33197667201360065,0.2921810860053584,0.026722627508849347
CSCO,2018-02-27,0.8608570098876953,0.007573181937914342,0.0,0.28947673060853657,0.03429648429197964
CSCO,2018-02-28,0.0,0.0001071212172973901,0.0,3.570707243246337e-05,9.997877523235976e-05
CSCO,2018-03-07,0.0,0.006149551714770496,0.0,0.002049850571590165,0.00573952271848252
CSCO,2018-03-23,-0.24236176908016205,0.0034869999617512804,-0.24916791915893555,-0.16268089609244876,-0.013143811542069015
CSCO,2018-03-28,0.0,-4.626972076948732e-05,0.0,-1.5423240256495774e-05,-4.318462886800418e-05
CSCO,2018-03-29,-0.9607048630714417,0.00028904170540045016,-0.9979429841041565,-0.6527862684900659,-0.06509152222624376
CSCO,2018-04-04,-0.6223189234733582,4.929656279273331e-05,0.8003801107406616,0.05937016127669873,0.008413470649803868
CSCO,2018-04-05,0.0,-7.735914550721645e-05,0.9991286396980286,0.33301709351750713,0.0349442784814205
CSCO,2018-04-06,-0.7133591175079346,-0.0006741910765413195,-0.9980011582374573,-0.570678155607311,-0.05816921080853823
CSCO,2018-04-12,0.0,0.0010901984715019353,0.0,0.0003633994905006451,0.0010175081630228921
CSCO,2018-04-18,0.0,0.005448962983791716,0.9980490207672119,0.3344993279170012,0.04006428873968536
CSCO,2018-05-01,0.0,0.00036193498817738146,0.0,0.00012064499605912715,0.00033780253062413155
CSCO,2018-05-03,-0.2692497968673706,0.00032336444019165356,0.0,-0.08964214414239298,-0.008214363033448623
CSCO,2018-05-09,0.0,0.0003802422434091568,0.0,0.00012674741446971893,0.00035488911297667397
CSCO,2018-05-10,-0.2995057702064514,0.000375905725377379,0.0,-0.09970995482702467,-0.00912229850360843
CSCO,2018-05-12,-0.9583151936531067,0.0008272184786619619,0.0,-0.31916265839148156,-0.029538719724867973
CSCO,2018-05-14,-0.44030383229255676,0.0006816153236286482,0.0,-0.1465407389896427,-0.013290308331654023
CSCO,2018-05-15,0.0,0.023892637487733737,0.0,0.007964212495911246,0.022299565658536975
CSCO,2018-05-16,-0.12513647760663713,0.00041050416569175595,-0.14176092829023088,-0.08882896724372541,-0.008543136510102183
CSCO,2018-05-17,-0.24913521323885238,0.0010687218985237581,0.0022823895726885113,-0.0819280339225467,-0.006802503220624169
CSCO,2018-05-18,0.0,0.04185429024801124,0.0,0.013951430082670413,0.03906360103935714
CSCO,2018-05-23,-0.9218732714653015,0.000484779680846259,-0.9876185655593872,-0.6363356857812809,-0.06331878145701401
CSCO,2018-06-01,0.4601909816265106,0.0013017278761253692,0.9995843172073364,0.4870256755699908,0.050802874775292134
CSCO,2018-06-07,0.8633890748023987,0.0001448867224098649,0.9991515874862671,0.6208951830036918,0.062460851332893995
CSCO,2018-06-12,0.0,-5.8781151892617345e-06,0.0,-1.9593717297539115e-06,-5.486184456488968e-06
CSCO,2018-06-14,0.0,0.002907324771513231,0.0,0.0009691082571710771,0.002713475271815483
CSCO,2018-06-19,0.291756808757782,0.0037462736036104616,0.4997235834598541,0.2650755552737489,0.03023835415791851
CSCO,2018-06-20,-0.679196298122406,0.00011722058479790576,0.0,-0.22635969251253604,-0.021373058749057244
CSCO,2018-06-26,0.0,-1.7463207768741995e-05,0.0,-5.821069256247331e-06,-1.629882639869509e-05
CSCO,2018-07-09,0.0,0.0007075709145283327,0.0,0.0002358569715094442,0.000660392746313476
CSCO,2018-07-12,0.0,5.3442105127032846e-05,0.0,1.7814035042344283e-05,4.9878785466060384e-05
CSCO,2018-07-13,-0.16921032667160035,0.0018080141187965637,0.12177248001098633,-0.015209944180605825,0.0006032306031005522
CSCO,2018-07-19,0.24767432610193887,-0.013865105260871738,-0.3251071373621623,-0.03043263884036505,-0.016500915812643537
CSCO,2018-07-24,0.6851477026939392,-4.912631993647665e-05,0.0,0.22836619212466758,0.021624851150024122
CSCO,2018-07-26,0.0,0.12830390490125865,0.0,0.04276796830041955,0.11974907622662109
CSCO,2018-07-30,0.0,0.03047705984499771,0.0,0.01015901994833257,0.028444963648337398
CSCO,2018-08-02,0.0,0.004636186185355958,0.3242478171984355,0.10962800112793047,0.015690981422187385
CSCO,2018-08-06,-0.24382849037647247,0.0028844548087363364,0.0,-0.08031467852257872,-0.0050199799843606285
CSCO,2018-08-07,-0.4513675570487976,0.008556580600270536,0.0,-0.14760365881617568,-0.006290353895947527
CSCO,2018-08-13,0.0,0.0007210750845842995,0.0,0.00024035836152809983,0.0006729965156154823
CSCO,2018-08-14,0.4721902012825012,0.00017672937428869773,-0.5288230180740356,-0.018818695805748575,-0.0034337064698854902
CSCO,2018-08-15,0.043730586767196655,0.0067913197808593395,0.05057341605424881,0.03369844086743493,0.009494112611404792
CSCO,2018-08-16,0.3698958694934845,0.10128815679346818,0.4995640993118286,0.3235827085329271,0.12374239778664317
CSCO,2018-08-17,-0.6424362858136495,0.0016935898941786338,-0.664422869682312,-0.4350551885339276,-0.042025144366923776
CSCO,2018-08-21,0.0,4.686761894845404e-05,0.757154107093811,0.2524003249042532,0.02657973642449858
CSCO,2018-08-22,0.7554691433906555,9.337755636806833e-05,0.9976130723953247,0.5843918644474494,0.05894543070281023
CSCO,2018-08-23,0.0,0.0007803335829521529,0.0,0.00026011119431738433,0.0007283038653965836
CSCO,2018-08-27,0.7947962880134583,3.0387117476493586e-05,0.9949276447296143,0.5965847732868497,0.060036411736066386
CSCO,2018-08-29,0.38083571195602417,0.00010799295614560833,0.9983911216259003,0.45977827551269,0.04713696980566041
CSCO,2018-08-30,0.7866590023040771,7.672281390114222e-05,0.9975106716156006,0.5947487989111929,0.05991280915899156
CSCO,2018-08-31,0.0,-0.00029996684679645114,0.0,-9.998894893215038e-05,-0.00027996616934067243
CSCO,2018-09-04,0.8589445054531097,-0.0070151172376426985,0.9933505654335022,0.6150933178829897,0.05543436351913053
CSCO,2018-09-05,0.241794486840566,0.0005174209101520925,0.5049368937810262,0.24908293384391478,0.0258272290235761
CSCO,2018-09-09,0.0,6.357750862662215e-05,0.0,2.1192502875540715e-05,5.9338396475718575e-05
CSCO,2018-09-11,-0.4411635398864746,0.0026807551221281756,0.42945200204849243,-0.0030102609052846674,0.0035993566281775783
CSCO,2018-09-12,0.0,0.0008636048260086682,0.0,0.0002878682753362227,0.0008060228900603251
CSCO,2018-09-19,0.8605616092681885,0.007011757043073885,0.993707001209259,0.6204267891735071,0.06858961749688794
CSCO,2018-09-21,0.0,5.679638888977934e-05,0.9953043460845947,0.3317870474911615,0.034935458937087376
CSCO,2018-09-24,0.7474082112312317,5.432603393273894e-05,0.9922987818717957,0.57992043971232,0.05846777178177865
CSCO,2018-09-26,0.7490516901016235,3.216962522856193e-05,0.9980860948562622,0.5823899848610381,0.0587019027333209
CSCO,2018-09-27,0.7361251711845398,2.8193654543429147e-05,0.9981291890144348,0.5780941846178393,0.05829084620489476
CSCO,2018-09-28,0.7074404954910278,0.002334273944143206,0.0,0.23659158981172368,0.0245544392649135
CSCO,2018-10-02,0.756991982460022,8.320161032315809e-05,0.9977193474769592,0.5849315105157681,0.05898782411541265
CSCO,2018-10-03,0.3947630822658539,0.0031177328564808704,0.4995962083339691,0.299159007818768,0.03290526829268339
CSCO,2018-10-04,0.7734835147857666,7.058200026222039e-05,0.9980695843696594,0.590541227051896,0.059509935345329744
CSCO,2018-10-05,0.0,0.0007752571400487795,0.0,0.00025841904668292653,0.0007235658803442738
CSCO,2018-10-16,0.0,0.0005589695647358894,0.624591052532196,0.20838334069897732,0.02241175354375359
CSCO,2018-10-30,0.9384835362434387,0.0022198920996743254,0.9843787550926208,0.6416940611452446,0.06625494022111332
CSCO,2018-11-08,0.0,0.00011455005005700514,0.0,3.8183350019001715e-05,0.0001069122812123225
CSCO,2018-11-09,-0.8902466297149658,0.0009607202955521643,-0.9908039569854736,-0.6266966221349625,-0.06198588657477956
CSCO,2018-11-14,0.14451165199279786,0.00016731058567529545,0.19988821744918822,0.11485572667588713,0.01173243481514207
CSCO,2018-11-15,0.4489150494337082,0.0851151225435564,0.5829786409934362,0.3723362709902336,0.11407046874253805
CSCO,2018-11-16,0.0,0.002418323390884325,0.0,0.0008061077969614416,0.0022570786604759587
CSCO,2018-11-26,-0.6874375343322754,0.00269416332594119,-0.6875197291374207,-0.4574210333812516,-0.04332411748821596
CSCO,2018-11-30,0.516028642654419,-4.564425034914166e-05,-0.9971963167190552,-0.16040443943832847,-0.018669763934416654
CSCO,2018-12-11,0.43669646978378296,0.0018320522649446502,0.0,0.14617617401624253,0.01552227581083014
CSCO,2018-12-14,-0.5219345291455587,0.001054314846745304,-0.6585562626520792,-0.39314549231696416,-0.03860480934640781
CSCO,2018-12-18,0.0,5.5720847740303725e-05,0.0,1.8573615913434576e-05,5.2005590045886236e-05
CSCO,2018-12-31,0.0,-0.0005096146778669208,0.0,-0.0001698715592889736,-0.00047563550460675153
CSCO,2019-01-02,-0.4850887060165405,-0.4999735097721896,-0.4988899528980255,-0.4946507228955852,-0.4994647355196455
CSCO,2019-01-03,-0.9700694680213928,-0.999950839059693,-0.9910852313041687,-0.9870351794617515,-0.998694988820951
CSCO,2019-01-16,-0.9254754781723022,0.039880312397144735,-0.9984795451164246,-0.6280249036305273,-0.027044574966251886
CSCO,2019-01-23,0.0,-0.0003818219884124119,0.0,-0.00012727399613747062,-0.0003563635366786414
CSCO,2019-01-30,0.0,0.0012076462298864499,0.0,0.0004025487432954833,0.00112712488309338
CSCO,2019-02-06,0.0,0.1474594791070558,0.9994344115257263,0.3822979635442607,0.17265462684290417
CSCO,2019-02-10,0.0,0.0006708334094582824,0.0,0.00022361113648609413,0.0006261047351932857
CSCO,2019-02-11,0.0,-3.906781057594344e-05,0.0,-1.302260352531448e-05,-3.646291510624778e-05
CSCO,2019-02-12,0.2733709096908569,0.008244703597665649,0.09985790252685547,0.127157838605126,0.019841214114477406
CSCO,2019-02-13,0.30926478902498883,0.08729502425274101,0.4991917759180069,0.2985838630652456,0.10875151282681035
CSCO,2019-02-14,0.40710825955166535,0.15892467799235538,0.5877529593075023,0.38459529895050765,0.1818036933325954
CSCO,2019-02-18,0.0,0.00027695615790435113,0.0,9.231871930145037e-05,0.0002584897538994922
CSCO,2019-02-23,0.0,0.0003301918586657848,0.0,0.00011006395288859494,0.0003081759040617864
CSCO,2019-02-26,0.0,5.4565454775001854e-05,0.0,1.818848492500062e-05,5.092723436157513e-05
CSCO,2019-03-05,0.0,0.0038430396816693246,0.0,0.0012810132272231083,0.003586800225538033
CSCO,2019-03-21,0.0,0.0001687535914243199,0.0,5.625119714143997e-05,0.0001575017264076151
CSCO,2019-03-27,0.0,0.00011800539141404442,0.0,3.9335130471348144e-05,0.00011013723672835349
CSCO,2019-04-11,0.0,2.2076590539654717e-05,0.0,7.358863513218239e-06,2.0604606063552962e-05
CSCO,2019-04-16,0.0,0.00018077896675094962,0.9994183778762817,0.3331997189476776,0.03519535936916418
CSCO,2019-05-01,0.0,0.00041676809632917866,0.0,0.00013892269877639288,0.00038897956544571436
CSCO,2019-05-07,-0.968838095664978,-0.999367286528468,-0.998339056968689,-0.9888481463873783,-0.9983656444978279
CSCO,2019-05-09,-0.48545020818710327,-0.49969115804469766,4.532933235168457e-05,-0.32836534563314973,-0.48172645430057853
CSCO,2019-05-10,-0.477733314037323,0.002667024076799862,-0.4984731376171112,-0.3245131425258781,-0.030091142467923555
CSCO,2019-05-13,-0.7186298966407776,-0.49895683510476374,-0.8943620920181274,-0.7039829412545563,-0.5197626971639834
CSCO,2019-05-15,0.30681677535176277,0.13023286379344112,0.37478984892368317,0.27061316268962904,0.14438907818524307
CSCO,2019-05-16,0.46262408928437665,0.09220604105835543,0.543841231953014,0.3662237874319154,0.11975054803421693
CSCO,2019-05-17,-0.23103173077106476,0.004912171601063164,0.15924428403377533,-0.022291758378742088,0.0028583252846749187
CSCO,2019-05-18,0.0,0.00014912990445736796,0.0,4.9709968152455986e-05,0.00013918648027284636
CSCO,2019-05-19,0.0,0.0016478273755637929,0.0,0.0005492757918545976,0.0015379563693829275
CSCO,2019-05-20,0.0,0.025839085701591102,0.4974385201931,0.1744258686315637,0.041549969846389846
CSCO,2019-05-23,-0.9723839163780212,-0.9999986229260003,-0.9983963370323181,-0.9902596254454465,-0.9990690411264611
CSCO,2019-05-29,-0.07279610633850098,-0.4988204063145929,-0.12739476561546326,-0.23300375942285237,-0.47232820857579444
CSCO,2019-05-31,-0.9682568907737732,-0.040093581619657925,-0.9982410669326782,-0.6688638464420364,-0.10303089556551373
CSCO,2019-06-04,0.9424027800559998,0.9716705428436399,0.9995909333229065,0.9712214187408487,0.9717233756186121
CSCO,2019-06-05,0.0,0.018114603066351265,0.0,0.0060382010221170885,0.016906788279611094
CSCO,2019-06-06,0.0,-0.00030439733382081613,0.0,-0.00010146577794027205,-0.000284101265040271
CSCO,2019-06-10,0.8651602864265442,0.0014937302694306709,0.9891366958618164,0.6185969041859304,0.06342478899108236
CSCO,2019-06-12,-0.7228958606719971,0.006508678924850149,-0.6617035071055094,-0.45936356295088543,-0.039980678296143185
CSCO,2019-06-13,0.39865657687187195,0.000388432536055916,0.4992763102054596,0.29944043987112917,0.030469884229319337
CSCO,2019-06-18,0.0,0.0001321000381722115,0.0,4.403334605740383e-05,0.0001232921085594197
CSCO,2019-07-09,-0.13785090616771153,0.002148292359509339,0.00025157417569841655,-0.045150346544167934,-0.002346250595125568
CSCO,2019-07-10,0.0,0.0030273180454969406,0.0,0.0010091060151656468,0.0028254678023993986
CSCO,2019-07-16,0.0,0.00015101215831236914,0.0,5.033738610412305e-05,0.00014094322569084918
CSCO,2019-07-19,0.0,0.00024443915572192054,0.0,8.147971857397351e-05,0.00022814085529891356
CSCO,2019-07-25,-0.9748101830482483,-0.9999982464028676,-0.9985235333442688,-0.9911106542651282,-0.9991499061689422
CSCO,2019-07-30,0.3615763485431671,0.0003470076117082499,0.49962785840034485,0.2871837381850734,0.029270722611587512
CSCO,2019-07-31,0.0,0.00041658546251710504,0.0,0.000138861820839035,0.0003888091157638823
CSCO,2019-08-02,-0.9751590490341187,-0.9999975418005533,-0.9984471201896667,-0.9912012370081129,-0.9991575949169582
CSCO,2019-08-05,-0.9716500043869019,-0.4954716331558302,-0.9980733394622803,-0.8217316590016708,-0.5281474786385325
CSCO,2019-08-06,0.0,-0.001205399923492223,0.0,-0.0004017999744974077,-0.0011250283112619014
CSCO,2019-08-08,-0.26409250497817993,0.001498935903327947,0.0,-0.08753118969161733,-0.006954053101002375
CSCO,2019-08-09,0.0,0.0018093569087795913,0.0,0.0006031189695931971,0.0016887158126229586
CSCO,2019-08-12,-0.7749814987182617,0.00035299453884363174,0.0,-0.25820950139313936,-0.02418261852500587
CSCO,2019-08-13,0.46479225158691406,0.20003278559306636,0.4997708797454834,0.3881986389751546,0.21891185297260063
CSCO,2019-08-14,-0.18755497336387633,-0.09555612991416637,-0.09893768429756164,-0.12734959585853478,-0.09858449917962667
CSCO,2019-08-15,-0.011714356286185128,0.046287380654169805,0.07330676487513951,0.035959929747708064,0.04539977801396778
CSCO,2019-08-16,0.7197920083999634,0.501450172117984,0.49983078241348267,0.57369098764381,0.5082994122267708
CSCO,2019-08-17,0.0,0.0014198751014191657,0.0,0.00047329170047305524,0.001325203113767305
CSCO,2019-08-19,0.9359952807426453,0.9999988252083156,0.9996508359909058,0.9785483139806223,0.9979622295340017
CSCO,2019-08-23,-0.9709863066673279,-0.9025302095542429,-0.9984850287437439,-0.9573338483217716,-0.9080583391078074
CSCO,2019-08-26,0.469803124666214,0.08878045028541237,0.49968892335891724,0.35275749943684787,0.11523302278440943
CSCO,2019-08-28,0.0,0.023695167707046494,0.0,0.007898389235682165,0.02211526204387194
CSCO,2019-09-11,-0.2823922336101532,0.0008264424886874622,0.0,-0.09385526370715525,-0.008160513651790338
CSCO,2019-09-17,0.0,0.0026767523886519484,0.0,0.0008922507962173162,0.00249827655899572
CSCO,2019-09-18,0.6594823598861694,-6.698420656903181e-05,0.0,0.21980512522653348,0.020796408645348787
CSCO,2019-09-23,0.0,0.0022568318236153573,0.0,0.0007522772745384524,0.002106354746826977
CSCO,2019-10-01,-0.9746127724647522,-0.9999886133987275,-0.9987886548042297,-0.9911300135559031,-0.9991439418089574
CSCO,2019-10-02,-0.9100558161735535,-0.49996538174949023,-0.15908712148666382,-0.5230361064699025,-0.5009894531601102
CSCO,2019-10-08,-0.24053573608398438,-0.24352158592409978,-0.2496667504310608,-0.2445746908130483,-0.24364251557905092
CSCO,2019-10-09,0.0,0.001913468848215416,0.0,0.0006378229494051387,0.0017858858758949805
CSCO,2019-10-10,-0.3056414365768433,-0.16632841042010113,-0.3992276430130005,-0.29039916333664834,-0.17889720428862013
CSCO,2019-10-11,0.8459043204784393,0.5049469115253942,0.4998321533203125,0.6168944617747153,0.515551857123371
CSCO,2019-10-12,0.0,0.0028875917341792956,0.0,0.0009625305780597652,0.0026950579052697422
CSCO,2019-10-14,0.0,0.0020910685598209966,0.4996797740459442,0.16725694753525508,0.019463930042837252
CSCO,2019-10-17,0.3914441764354706,0.0014698039231006987,-0.3270004093647003,0.02197119033129032,0.002292495900901169
CSCO,2019-10-20,0.0,5.170545045984909e-05,0.0,1.723515015328303e-05,4.825792443584482e-05
CSCO,2019-10-22,0.0,0.0017231346282642335,0.0,0.0005743782094214112,0.0016082424840805861
CSCO,2019-11-01,-0.4736432731151581,0.004077991696249228,-0.498790442943573,-0.3227852414541606,-0.028656008776069834
CSCO,2019-11-05,0.0,0.029424794018268585,-0.9649778008460999,-0.31185100227594376,-0.006356735716707623
CSCO,2019-11-06,0.9436271786689758,5.1086171879433095e-05,0.9530289769172668,0.6322357472527074,0.06329471541375166
CSCO,2019-11-08,0.0,0.005631851046928205,0.0,0.0018772836823094015,0.005256340272393458
CSCO,2019-11-11,-0.08162260055541992,0.004656678839334442,-0.1663782795270284,-0.08111473374770463,-0.004066534270321131
CSCO,2019-11-12,0.9469091892242432,0.7499182662722887,0.9995354413986206,0.8987876322983842,0.764897292064185
CSCO,2019-11-13,-0.2865064024925232,-0.09340694788665474,-0.2995634853839874,-0.22649227858772178,-0.10673970755792243
CSCO,2019-11-14,-0.0521127849817276,-0.03340816059507148,0.15599586367607116,0.023491639366424028,-0.027361728081414256
CSCO,2019-11-15,0.45967897772789,0.004578014952130616,0.49931600689888,0.32119099985963356,0.036311604344400616
CSCO,2019-11-16,0.0,0.000789705925853923,0.0,0.00026323530861797434,0.0007370512615783188
CSCO,2019-12-02,0.0,0.007787847833242267,0.0,0.0025959492777474225,0.007268583325761455
CSCO,2019-12-11,0.0,0.00017515342915430665,0.0,5.838447638476888e-05,0.00016347485368822565
CSCO,2019-12-12,0.47677069902420044,0.500163015443464,0.49984580278396606,0.4922598390838768,0.4994120199112069
CSCO,2019-12-16,-0.7832266688346863,0.578513115644455,0.999648928642273,0.26497845848401386,0.5502019019332445
CSCO,2019-12-19,0.2509024888277054,0.2511844360190303,0.4997697174549103,0.33395221410054865,0.25988768848630944
CSCO,2019-12-20,0.0,0.014811000670306385,0.0,0.0049370002234354615,0.013823458657223743
CSCO,2019-12-22,0.0,0.0007970869282871718,0.0,0.0002656956427623906,0.0007439401450539262
CSCO,2019-12-27,-0.873810350894928,0.0012332430924288929,-0.9924618601799011,-0.6216796559941334,-0.06126977206128678
CSCO,2020-01-03,0.0,0.0006193963199621066,0.0,0.00020646543998736888,0.0005780973038814943
CSCO,2020-01-06,0.0,-0.0012340864341240376,0.0,-0.0004113621447080125,-0.0011518021941612393
CSCO,2020-01-08,-0.7263651192188263,-4.7947826715244446e-05,-0.49882450699806213,-0.4084125246812012,-0.040501438988796996
CSCO,2020-01-22,0.4680439829826355,-0.0013157266948837787,0.4991574287414551,0.3219618950097356,0.03106985655656665
CSCO,2020-01-26,0.0,0.0002789788704831153,0.0,9.29929568277051e-05,0.0002603776029652022
CSCO,2020-01-27,-0.48693203926086426,-0.49677603076452215,-0.4991971552371979,-0.4943017417541948,-0.4965495386739655
CSCO,2020-01-28,0.45853835344314575,-0.4996701946365647,0.4998067319393158,0.15289163024863228,-0.43433411138014055
CSCO,2020-02-08,0.0,0.00010725010361056775,0.0,3.5750034536855914e-05,0.00010009906788829497
CSCO,2020-02-10,0.40649861097335815,0.0011303043575026095,0.0,0.13587630511028692,0.013912182429631728
CSCO,2020-02-11,-0.9491733014583588,0.0010330575787520502,-0.8090060651302338,-0.5857154363366135,-0.05741070634963359
CSCO,2020-02-12,-0.028999633259243436,0.0757946933696682,0.10978654358122084,0.052193867897215196,0.07367144440109431
CSCO,2020-02-13,0.1574675957361857,0.0030353808826641664,0.0735487977663676,0.07801725812840582,0.010391239635476541
CSCO,2020-02-18,-0.9689045548439026,0.0009447579504922032,-0.9985437393188477,-0.6555011787374193,-0.06475993138472431
CSCO,2020-02-20,-0.10998430848121643,0.0004806540746358223,0.4678797721862793,0.11945870592656622,0.013367676522630519
CSCO,2020-02-24,-0.9725895524024963,-0.9999852316914257,-0.9985910058021545,-0.9903885966320255,-0.9990698509510303
CSCO,2020-02-25,-0.972377598285675,-0.99999000257651,-0.998363196849823,-0.9902435992373361,-0.9990596134130627
CSCO,2020-02-26,-0.6508745551109314,0.00011572772928047925,-0.9892593622207642,-0.5466727298674717,-0.055149247684930895
CSCO,2020-02-27,-0.9533444941043854,-0.4999210990795291,-0.9966066181659698,-0.8166240704499614,-0.5316698946455977
CSCO,2020-02-28,-0.9497821629047394,-0.4996340453767516,-0.9966129660606384,-0.8153430581140432,-0.5312895281813073
CSCO,2020-03-03,-0.2411852926015854,0.0076034218072891235,-0.49734607338905334,-0.24364264806111655,-0.017962550578313138
CSCO,2020-03-05,-0.9722216129302979,-0.9991842763301975,-0.9982200264930725,-0.9898753052511893,-0.9982976498674987
CSCO,2020-03-06,-0.6323639353116354,-0.33306816372063014,-0.6640738646189371,-0.543168654550401,-0.3541354233262504
CSCO,2020-03-09,-0.6475512385368347,-0.665732443579221,-0.6656794746716818,-0.6596543855959126,-0.6651555285318711
CSCO,2020-03-10,-0.4548644721508026,-0.47976624500734033,0.49970895051956177,-0.1449739222128604,-0.44465094017483603
CSCO,2020-03-11,-0.9729159474372864,-0.9999965933764088,-0.9983287453651428,-0.9904137620596126,-0.9990816085441234
CSCO,2020-03-12,-0.9536047577857971,-0.5000060779659918,-0.9964766800403595,-0.8166958385973828,-0.5317528747651096
CSCO,2020-03-13,-0.9645132422447205,-0.9999935742339403,0.999285876750946,-0.3217403132425716,-0.9288025642077792
CSCO,2020-03-16,-0.9719433784484863,-0.9999548480582234,-0.9977854490280151,-0.9898945585115749,-0.9989928090769881
CSCO,2020-03-17,0.9484395384788513,0.9999999938781752,0.9996656179428101,0.9827017167666122,0.9983574626347894
CSCO,2020-03-18,0.5398906469345093,0.0003652964805951342,0.7349969148635864,0.42508428609289695,0.04317672160086596
CSCO,2020-03-19,0.497361421585083,0.006940947845578194,0.5624836087226868,0.355595326051116,0.041922689013982016
CSCO,2020-03-20,-0.2558365762233734,0.003368810015672352,0.4738348424434662,0.07378902541192171,0.011658771977057256
CSCO,2020-03-23,-0.2430134415626526,-0.02483809296487986,-0.3360939820607503,-0.20131517219609427,-0.042647405489425035
CSCO,2020-03-24,0.9387989640235901,0.9999993903887328,0.9996511936187744,0.9794831826770324,0.9980514767466888
CSCO,2020-03-26,-0.8817270398139954,-0.9999249069028338,0.9985880255699158,-0.29435464038230447,-0.9261444707949941
CSCO,2020-03-27,-0.48448166251182556,0.5017770310041669,-0.9953206181526184,-0.32600841655342566,0.4181136288284964
CSCO,2020-03-30,0.4754856824874878,0.5001979487142503,0.4998331069946289,0.4918389127321223,0.4994035302957211
CSCO,2020-03-31,0.7376846969127655,0.0019243611095589586,0.0096646249294281,0.24975789431725084,0.02546717630075011
CSCO,2020-04-01,-0.9738812446594238,-0.7932145968079567,-0.9984242916107178,-0.9218400443593661,-0.8061209545479945
CSCO,2020-04-02,0.0,0.0014069229109736625,0.0,0.0004689743036578875,0.00131311457786211
CSCO,2020-04-06,0.9447356462478638,0.999911220149329,0.9996798038482666,0.9814422234151531,0.998157974797611
CSCO,2020-04-07,0.9423056840896606,0.9998904938693158,0.9995896220207214,0.9805952666598993,0.9980585969447299
CSCO,2020-04-08,0.9440895915031433,0.04368377182981931,0.0,0.3292577877776542,0.0706319379523166
CSCO,2020-04-09,0.562971830368042,0.01859341748058796,-0.9700711965560913,-0.12950198290248713,0.0011619468669374921
CSCO,2020-04-14,0.2799696624279022,0.007056911097606644,0.4146016538143158,0.23387607577994154,0.029972162251144817
CSCO,2020-04-15,-0.4870308041572571,-0.48562341737915204,-0.4993900954723358,-0.490681439002915,-0.48615041475108295
CSCO,2020-04-16,0.0,-1.9022754713660106e-05,0.0,-6.340918237886702e-06,-1.7754388587065404e-05
CSCO,2020-04-17,-0.20208293199539185,0.004838812106148301,0.00017247597376505533,-0.06569054797182616,-0.0018695067491110477
CSCO,2020-04-21,-0.973160982131958,-0.999992139906908,-0.9985964894294739,-0.99058320382278,-0.9990945701544116
CSCO,2020-04-22,0.8870586156845093,0.00017033334006555378,0.9993013143539429,0.6288434211261725,0.0632384983585609
CSCO,2020-04-29,0.9477070569992065,0.9995445434460635,0.9996821880340576,0.9823112628264425,0.9979098034179195
CSCO,2020-05-01,0.0,0.0015173520951066166,0.0,0.0005057840317022055,0.0014161807061442472
CSCO,2020-05-04,0.0,0.00027734409923141357,0.0,9.244803307713785e-05,0.0002588518406339658
CSCO,2020-05-12,0.0,0.0011524914116307627,0.0,0.0003841638038769209,0.0010756476123621095
CSCO,2020-05-13,0.124237103594674,0.18625664809051853,0.11093317137824164,0.14047564102114474,0.1816551527825567
CSCO,2020-05-14,0.4248441656430562,0.16862237506152,0.5907576456665993,0.3947413954570585,0.19152105897610677
CSCO,2020-05-15,-0.3680454691251119,0.0012046375953408035,-0.16558772325515747,-0.17747618492830952,-0.016320038309262
CSCO,2020-05-17,0.0,0.0001423908761353232,0.0,4.7463625378441066e-05,0.00013289677836005859
CSCO,2020-05-18,0.3180273771286011,0.3346363248632261,0.9985714554786682,0.5504117191568317,0.357379948407509
CSCO,2020-05-28,-0.17203048865000406,0.0004853536435499943,0.3092140555381775,0.04588964017724114,0.005848828733696949
CSCO,2020-05-29,0.0,-2.9170936613809317e-05,0.0,-9.72364553793644e-06,-2.722592767903985e-05
CSCO,2020-06-01,0.7408932149410248,0.5179167750082811,0.4997956454753876,0.5862018784748978,0.5243342819944715
CSCO,2020-06-03,-0.6900778412818909,0.00024636349553475156,0.9962753057479858,0.10214794265387657,0.013319777201053158
CSCO,2020-06-05,0.9363795518875122,0.9999900167277502,0.9996188282966614,0.9786627989706412,0.9979650842912533
CSCO,2020-06-10,-0.5029494166374207,-0.33192871882389835,-0.6650527715682983,-0.4999769690098725,-0.3490129888932385
PEP,2009-08-17,0.0,0.0009821303247008473,0.0,0.00032737677490028244,0.0009166455213049334
PEP,2009-09-11,0.0,0.001974985279957764,0.0,0.000658328426652588,0.0018433006084993325
PEP,2009-09-18,0.0,-3.4016968129435554e-05,0.0,-1.1338989376478517e-05,-3.174884394057426e-05
PEP,2009-09-25,0.0,0.0003415739629417658,0.0,0.00011385798764725526,0.00031879908880584775
PEP,2009-09-28,0.0,0.00010206035221926868,0.0,3.402011740642289e-05,9.525534970665741e-05
PEP,2009-10-08,0.9535529315471649,0.5861969798356768,0.9995851516723633,0.8464450210184017,0.612304174110685
PEP,2009-10-22,-0.8020224571228027,-0.0008336336613865569,-0.9826592206954956,-0.5951717704932283,-0.06058468735743607
PEP,2009-11-20,0.0,0.00026715036619862076,0.0,8.905012206620692e-05,0.000249337787588481
PEP,2009-11-29,0.0,0.0005444761336548254,0.0,0.00018149204455160847,0.0005081725153460238
PEP,2009-11-30,0.9206846356391907,0.0012971602263860404,0.0,0.30732726528852555,0.030331226851225506
PEP,2009-12-08,0.0,-0.00020014091569464654,0.0,-6.671363856488217e-05,-0.00018679626809581866
PEP,2009-12-09,0.03442513942718506,0.00026001096739491913,0.332819660504659,0.12250160363307966,0.012995852493770416
PEP,2009-12-10,0.0,0.0030183051712810993,0.0,0.0010061017237603664,0.0028170558729221458
PEP,2009-12-15,0.8659473657608032,0.00032491213642060757,0.999561607837677,0.6219446285783002,0.06272416011468203
PEP,2009-12-17,0.0,9.002553269965574e-05,0.0,3.0008510899885248e-05,8.40229669344098e-05
PEP,2009-12-18,0.0,0.0068465707008726895,0.0,0.0022821902336242297,0.006390067140231049
PEP,2009-12-21,0.0,-1.3548728020396084e-05,0.0,-4.516242673465361e-06,-1.264534951721985e-05
PEP,2009-12-23,0.0,0.0021323870168998837,0.0,0.0007107956722999612,0.0019902073185007444
PEP,2009-12-30,0.0,0.0012321352260187268,0.0,0.0004107117420062423,0.001149981058150283
PEP,2010-01-12,0.5254898071289062,-0.008910806383937597,0.0,0.17219300024832287,0.008304176249463361
PEP,2010-01-13,0.0,0.0003764385837712325,-0.4962819516658783,-0.1653018376940357,-0.017041863526478705
PEP,2010-01-16,0.0,0.0026294798735762015,0.0,0.0008764932911920672,0.0024541559780222105
PEP,2010-02-01,0.0,0.004251406084222253,0.0,0.0014171353614074178,0.003967938209230706
PEP,2010-02-05,0.0,0.0032114116638695123,0.0,0.0010704705546231708,0.0029972867316516954
PEP,2010-02-08,0.0,-5.5831827921792865e-05,0.0,-1.8610609307264287e-05,-5.210917048401312e-05
PEP,2010-02-09,0.08115828037261963,0.007442944538828063,0.6663605570793152,0.2516539273302543,0.03286760235857606
PEP,2010-02-11,0.3895709117253621,0.0002771904291876126,0.1628022094567617,0.1842167705371038,0.018286272865898224
PEP,2010-02-17,0.0,2.3574772058054805e-05,0.0,7.858257352684935e-06,2.2002894442498105e-05
PEP,2010-02-18,0.0,0.0012796485752915032,0.0,0.00042654952509716776,0.00119432644256074
PEP,2010-02-23,0.0,0.0002745503225014545,0.0,9.15167741671515e-05,0.0002562443272064296
PEP,2010-02-25,0.32029417157173157,0.00018241852512801415,-0.4949343800544739,-0.0581525966525381,-0.0070450570832530585
PEP,2010-02-26,0.0,-8.880848326953128e-05,0.0,-2.9602827756510425e-05,-8.288706580771442e-05
PEP,2010-03-01,0.47432300448417664,0.014794705248732498,0.49981701374053955,0.3296449078244829,0.046327822481860716
PEP,2010-03-08,0.0,0.0008918262428778689,0.0,0.000297275414292623,0.0008323625948378457
PEP,2010-03-11,0.0,0.0008854394545778632,0.0,0.00029514648485928774,0.0008264016638770985
PEP,2010-03-15,0.15734307765960692,0.0006385235941706924,0.0018849134445190429,0.053288838232765555,0.005638651886267363
PEP,2010-03-16,0.0,0.003664297224531765,-0.1685357540845871,-0.05495715228668511,-0.002486699990346201
PEP,2010-03-18,0.0,0.0005401984878214231,0.0,0.00018006616260714104,0.000504180054113246
PEP,2010-03-19,0.3006681501865387,0.00022932565389055526,0.0,0.10029915861347642,0.009723940505832081
PEP,2010-03-20,0.0,0.00786447839345783,0.0,0.002621492797819277,0.0073401040665847924
PEP,2010-03-22,0.0,-0.0033310879010969075,0.0,-0.001110362633698969,-0.003108983508269749
PEP,2010-03-24,0.0,-8.091476047411561e-05,0.9988044500350952,0.33290784509154037,0.03492959806054578
PEP,2010-03-25,0.0,6.847082840977237e-05,0.0,2.2823609469924122e-05,6.390544969769394e-05
PEP,2010-03-30,0.0,9.698892245069146e-05,0.0,3.2329640816897154e-05,9.052206390453992e-05
PEP,2010-04-01,0.0,9.455043255002238e-05,0.0,3.151681085000746e-05,8.824615999346683e-05
PEP,2010-04-05,0.0,0.0002141396271326812,0.0,7.137987571089373e-05,0.00019986159612191923
PEP,2010-04-07,0.9139558672904968,0.0005896997463423759,0.0,0.30484852234561305,0.029458111271398215
PEP,2010-04-09,0.0,0.00027501158183440566,0.0,9.167052727813522e-05,0.0002566748382832992
PEP,2010-04-14,0.0,-7.751719385851175e-05,0.0,-2.5839064619503915e-05,-7.234863733771467e-05
PEP,2010-04-18,0.0,0.0036270205164328218,0.0,0.0012090068388109405,0.003385184247204855
PEP,2010-04-22,-0.19215773873858982,0.0004608427124266099,-0.11072240935431586,-0.10080643512682635,-0.009528178459608114
PEP,2010-04-23,0.0,0.001615176908671856,0.9942432045936584,0.3319527938341101,0.03635274262975046
PEP,2010-04-27,0.4390527009963989,0.0014796378685180873,0.33307258288065594,0.25786830724852433,0.026941085482354035
PEP,2010-04-28,0.0,3.230536003684392e-05,0.0,1.076845334561464e-05,3.0151360321900805e-05
PEP,2010-04-30,0.9477185010910034,0.0022968143894104287,0.9996601343154907,0.6498918165986348,0.06715439538716168
PEP,2010-05-02,0.0,0.0003694426122820005,0.0,0.0001231475374273335,0.00034480957443694523
PEP,2010-05-07,0.0,-1.911604340421036e-05,0.0,-6.37201446807012e-06,-1.7841457136691305e-05
PEP,2010-05-10,0.0,-2.5426663341932e-05,0.0,-8.475554447310666e-06,-2.3731308542867325e-05
PEP,2010-05-12,0.9502008557319641,0.0009881920705083758,0.9996115565299988,0.6502668681108238,0.0660098395013204
PEP,2010-05-18,0.0,-1.2414860066201072e-05,0.9994261264801025,0.33313790387334546,0.03501531854950527
PEP,2010-05-21,0.3510756492614746,0.002532070724555524,0.24986056983470917,0.2011560966069131,0.022224366037908443
PEP,2010-05-26,0.9211992621421814,0.001032978412695229,0.9995301961898804,0.640587478914919,0.06513148985024786
PEP,2010-05-27,0.38941487669944763,-0.00012716127093881369,-0.26177817583084106,0.04250317986588925,0.003023669919020602
PEP,2010-06-02,0.0,0.00455067100119777,0.0,0.00151689033373259,0.004247249471507001
PEP,2010-06-04,0.0,0.00030583037732867524,0.0,0.00010194345910955842,0.0002854387585675587
PEP,2010-06-07,0.0,0.0018657401251402916,0.0,0.0006219133750467639,0.0017413395917479772
PEP,2010-06-08,0.0,0.0011712373525369912,-0.3604939579963684,-0.11977424021461047,-0.011541094702952162
PEP,2010-06-09,0.0,0.0004220541641188902,0.0,0.0001406847213729634,0.00039391318055516443
PEP,2010-06-13,0.0,0.005550009896978736,0.0,0.001850003298992912,0.005179956215070484
PEP,2010-06-14,0.0,0.00971958739683032,0.0,0.003239862465610107,0.00907152210152205
PEP,2010-06-16,0.0,0.0010543897187744733,0.0,0.0003514632395914911,0.0009840869870017658
PEP,2010-06-23,0.0,0.007332054954531486,0.0,0.002444018318177162,0.006843180904280135
PEP,2010-07-08,0.0,-0.00010403174383100122,0.0,-3.4677247943667076e-05,-9.709529630003102e-05
PEP,2010-07-09,0.5830262303352356,0.005708960165065946,0.48520132899284363,0.3579788398310484,0.04077384526723736
PEP,2010-07-15,0.0,0.0017396209768776316,0.9510915279388428,0.3176103829719068,0.0349565515922513
PEP,2010-07-18,0.0,0.0036270328564569354,0.0,0.0012090109521523118,0.0033851959817486877
PEP,2010-07-19,0.0,-0.0003235667263652431,0.4228641986846924,0.14084687731944237,0.01451813675700074
PEP,2010-07-20,0.02531914710998535,0.0008671955042700574,0.27679474353790284,0.10099369538405274,0.011311029561259518
PEP,2010-07-21,0.5052995681762695,0.00834369903896004,0.9990156888961792,0.5042196520371363,0.05878213563762028
PEP,2010-07-27,0.0,6.096367724239826e-05,0.0,2.0321225747466087e-05,5.689884728843874e-05
PEP,2010-08-02,0.9274431467056274,0.3176995203830302,0.9043281078338623,0.7164902583075067,0.35754483265694453
PEP,2010-08-09,-0.6045930981636047,-5.6109114666469395e-05,0.0,-0.20154973575942373,-0.019175188867201917
PEP,2010-08-16,0.0,0.0069492008769884706,0.0,0.00231640029232949,0.006485854048475359
PEP,2010-08-19,0.25590652227401733,0.0003038294380530715,-0.49914151430130005,-0.08097705419640988,-0.00911572139844322
PEP,2010-08-20,0.0,4.30969157605432e-05,0.0,1.4365638586847732e-05,4.022337462866257e-05
PEP,2010-08-27,0.0,-0.0013591092574642971,0.0,-0.0004530364191547657,-0.0012684889768910508
PEP,2010-09-07,0.9420056343078613,0.00119967816863209,0.9995997548103333,0.6476016890956089,0.06594760227491227
PEP,2010-09-10,0.0,0.0019486008677631617,0.0,0.0006495336225877205,0.0018186754509596193
PEP,2010-09-11,0.0,-5.283189057081472e-05,0.0,-1.7610630190271575e-05,-4.930925943154995e-05
PEP,2010-09-14,0.0,0.00037501278711715713,0.0,0.0001250042623723857,0.0003500083304777679
PEP,2010-09-17,0.0,0.0021022773271397455,0.0,0.0007007591090465818,0.0019621052590846158
PEP,2010-09-20,0.8589492440223694,0.0036621616727643413,0.9991067349910736,0.6205727135620691,0.06560160824615928
PEP,2010-09-23,0.0,0.0008730690387892537,0.0,0.00029102301292975125,0.0008148560679305425
PEP,2010-09-24,0.0,0.026874964351009112,0.0,0.00895832145033637,0.025083042916974902
PEP,2010-09-28,0.5940274596214294,0.002410248387604952,0.9985034465789795,0.531647051529338,0.056032748263990885
PEP,2010-10-02,0.0,0.0011575777607504278,0.0,0.00038585925358347595,0.0010803947786084368
PEP,2010-10-04,0.0,0.0012682000233326107,0.0,0.00042273334111087024,0.0011836411625222294
PEP,2010-10-05,0.0,0.002380542100581806,0.0,0.0007935140335272687,0.0022218163562580866
PEP,2010-10-06,-0.41209089756011963,0.00020071491599082947,0.9694491028785706,0.18585297341148058,0.021129509963981975
PEP,2010-10-07,0.01240415871143341,0.0028730429962706694,0.0053960904479026794,0.0068910973852022534,0.003262930306806111
PEP,2010-10-08,0.0,-0.006984085310250521,0.0,-0.0023280284367501736,-0.006518412626871584
PEP,2010-10-11,0.0,0.0004828762903343886,0.0,0.0001609587634447962,0.00045067990557229933
PEP,2010-10-14,0.0,0.00028162842136225663,0.0,9.387614045408554e-05,0.00026285049509821093
PEP,2010-10-15,0.0,0.019174431756255217,0.0,0.006391477252085072,0.017895952955843814
PEP,2010-10-18,0.0,0.0027306479072043053,0.0,0.0009102159690681017,0.002548578419586395
PEP,2010-10-20,0.0,0.007013604779785965,0.0,0.002337868259928655,0.006545964031953035
PEP,2010-10-22,0.0,0.000690417960868217,0.0,0.00023013932028940567,0.0006443834602767041
PEP,2010-10-27,0.0,0.0006340794134302996,0.0,0.00021135980447676653,0.0005918013496476108
PEP,2010-10-29,0.0,0.0037304672150639817,0.0,0.0012434890716879938,0.0034817336834919365
PEP,2010-11-01,0.7792448997497559,0.00033118091960204765,0.9993569254875183,0.5929776687189587,0.05998050421397627
PEP,2010-11-08,0.0,-5.759841405961197e-05,0.0,-1.919947135320399e-05,-5.375796896407161e-05
PEP,2010-11-10,0.0,0.00027006650270777754,0.0,9.002216756925918e-05,0.0002520594683487248
PEP,2010-11-16,0.0,0.00014390161959454417,0.0,4.7967206531514726e-05,0.00013430679788742464
PEP,2010-11-19,0.0,0.0028627688971027965,0.0,0.0009542562990342655,0.002671890221535349
PEP,2010-11-20,0.0,0.1879152684705332,0.0,0.06263842282351106,0.17538577858025503
PEP,2010-11-21,0.0,0.0001846675713750301,0.0,6.155585712501004e-05,0.00017235463019257575
PEP,2010-11-22,0.0,0.004823447030503303,0.0,0.0016078156768344343,0.004501837788378308
PEP,2010-11-23,0.0,0.00015208611876005307,0.0,5.069537292001769e-05,0.00014194557847320552
PEP,2010-12-02,0.07644258737564087,0.0018308394082396263,0.1706767201423645,0.08298338230874834,0.010108297066088982
PEP,2010-12-03,0.0,0.0111350727726555,0.0,0.0037116909242185,0.010392627469121632
PEP,2010-12-06,0.0,0.0002809123106999323,0.0,9.363743689997743e-05,0.00026218214220235776
PEP,2010-12-15,0.0,-0.00021065783221274614,0.0,-7.021927740424871e-05,-0.00019661195596073046
PEP,2010-12-17,0.0,0.0005357743066269904,0.0,0.00017859143554233015,0.0005000508528488598
PEP,2010-12-20,0.0,8.07438300398644e-05,0.0,2.6914610013288136e-05,7.536013688366487e-05
PEP,2010-12-21,-0.818823516368866,-0.024446022231131792,-0.9982537627220154,-0.6138411004406711,-0.08370063671479529
PEP,2010-12-22,0.8394816517829895,-0.0013961317017674446,0.0,0.27936184002707404,0.02524912474146808
PEP,2010-12-23,0.0,0.0004965408006682992,0.0,0.0001655136002227664,0.00046343331747147117
PEP,2010-12-28,-0.21347075700759888,0.0003270489226755065,0.0025062362353006997,-0.07021249061654089,-0.006358839429286758
PEP,2010-12-29,0.0,0.007462558440844684,0.33189086119333905,0.11311780654472792,0.01859676756237848
PEP,2010-12-31,0.0,0.002303793931787368,0.0,0.0007679313105957893,0.0021501856584129077
PEP,2011-01-03,0.0,0.00242189499840606,0.0,0.00080729833280202,0.0022604121401499718
PEP,2011-01-04,-0.41817882657051086,0.05441815292579122,-0.03796154260635376,-0.13390740541702448,0.03623263728511789
PEP,2011-01-05,0.0,-0.0003326286253771589,0.0,-0.00011087620845905297,-0.00031045020533840083
PEP,2011-01-07,-0.2138009270032247,0.00423939450411126,0.33158500989278156,0.04067449246455604,0.008815432673948614
PEP,2011-01-08,-0.6117444634437561,0.01984787138644606,0.0,-0.19729886401910335,-0.0008245232628487942
PEP,2011-01-10,0.0,9.123588097281754e-05,0.0,3.0411960324272513e-05,8.5152613712222e-05
PEP,2011-01-11,0.47326821088790894,-0.0030479451415885706,0.49966126680374146,0.32329384418335394,0.029636032250529555
PEP,2011-01-13,0.0,-0.0002447331207804382,0.0,-8.157770692681272e-05,-0.00022841523175089537
PEP,2011-01-14,0.0,0.0020379371017043013,0.0,0.0006793123672347671,0.0019020550348579407
PEP,2011-01-15,0.0,-2.2723902475263458e-05,0.0,-7.574634158421152e-06,-2.120875850952403e-05
PEP,2011-01-18,-0.6229640245437622,-2.9059257940389216e-05,0.0,-0.2076643612672342,-0.019731001054333654
PEP,2011-01-19,0.0,0.0011136560278828256,0.0,0.0003712186759609419,0.0010394015622195792
PEP,2011-01-20,0.8510940670967102,0.01212226013012696,0.997674286365509,0.6202968711974487,0.0731989617768633
PEP,2011-01-26,0.0,0.0008409312285948545,0.0,0.0002803104095316182,0.0007848610527490728
PEP,2011-01-31,0.0,-0.00016218250675592571,0.9767522215843201,0.3255300130258547,0.034080884091972206
PEP,2011-02-01,-0.5894938111305237,0.00019312424774398096,0.0,-0.1964335622942599,-0.01846499446575766
PEP,2011-02-03,0.0,9.512255928711966e-05,0.0,3.170751976237322e-05,8.878014285527969e-05
PEP,2011-02-04,0.0,0.0007614507976541063,0.0,0.0002538169325513688,0.000710680101704135
PEP,2011-02-05,0.0,0.00015906750923022628,0.0,5.302250307674209e-05,0.00014846148273267964
PEP,2011-02-08,0.0,-0.0005325682577677071,0.0,-0.0001775227525892357,-0.0004970585984980614
PEP,2011-02-10,-0.06067589154610267,0.005497925213918419,-0.014516216057997484,-0.02323139413006058,0.002703461382392382
PEP,2011-02-11,-0.21514630317687988,0.005796058356281719,0.2494446188211441,0.013364791333515313,0.00734697485240023
PEP,2011-02-14,0.0,-1.6556892660446465e-05,0.0,-5.518964220148821e-06,-1.5452940991601432e-05
PEP,2011-02-16,-0.9425581097602844,0.0007966296107042581,-0.9959180951118469,-0.645893191753809,-0.06397284404284626
PEP,2011-02-25,0.0,0.0035863718949258327,0.0,0.001195457298308611,0.0033472460323803466
PEP,2011-03-01,0.0,0.054818654753034934,0.0,0.01827288491767831,0.05116355335186341
PEP,2011-03-03,0.0,0.0015189953046501614,0.0,0.0005063317682167204,0.0014177143458312975
PEP,2011-03-04,0.0,0.00029522538534365594,0.0,9.840846178121865e-05,0.0002755408609875768
PEP,2011-03-06,0.8449735641479492,6.789964754716493e-05,0.0,0.28168048793183215,0.026789244974019338
PEP,2011-03-09,0.8830073475837708,0.000386586816603085,0.0,0.29446464480012463,0.028289662989608614
PEP,2011-03-14,0.0,0.0003963360722991638,0.0,0.00013211202409972125,0.00036990987234870735
PEP,2011-03-15,0.0,0.0008608052812633105,0.9973211884498596,0.3327273312437076,0.03575654383000997
PEP,2011-03-16,0.0,0.00022580179938813671,0.0,7.526726646271224e-05,0.00021074618684416562
PEP,2011-03-17,0.0,0.0008284853562751474,0.0,0.00027616178542504914,0.0007732450495395193
PEP,2011-03-21,0.0,-6.188956467667595e-05,0.9938307404518127,0.33125628362904536,0.03477304103722302
PEP,2011-03-22,0.0,0.002229665988124907,0.0,0.0007432219960416356,0.002081000091812318
PEP,2011-03-23,0.0,0.000588307988437009,0.0,0.00019610266281233635,0.000549081797150521
PEP,2011-03-28,0.0,0.0008035546329665522,0.0,0.00026785154432218405,0.0007499765899773018
PEP,2011-03-29,0.1673409342765808,-0.0012434509732581016,0.0,0.05536582776777424,0.004132324399309991
PEP,2011-04-01,0.5081188678741455,0.00026635967878974043,0.0,0.1694617425176451,0.016320014019159137
PEP,2011-04-08,0.0,-0.0003041001909878105,0.0,-0.00010136673032927017,-0.00028382392778903505
PEP,2011-04-11,0.0,-0.0012210802815388888,0.0,-0.00040702676051296294,-0.0011396632431788362
PEP,2011-04-15,0.0,-0.0002761850628303364,0.0,-9.206168761011213e-05,-0.0002577700623743701
PEP,2011-04-20,0.826161801815033,-4.161289712101279e-05,0.0,0.27537339630597063,0.026092032552535383
PEP,2011-04-25,-0.2250186949968338,9.28908356172542e-05,-0.2147543877363205,-0.14656006396584567,-0.014556974279477547
PEP,2011-04-28,-0.04221975141101413,0.0034866023605799354,-0.3266814549763997,-0.12180486800894463,-0.009530461182231144
PEP,2011-04-29,0.564206600189209,0.004145665214309702,0.9818475246429443,0.516733263348821,0.05612550232297632
PEP,2011-05-04,0.3122403621673584,-0.016267211032148527,0.3330644567807515,0.2096792026386538,0.006366268618097755
PEP,2011-05-05,0.0,0.011266291374340653,0.0,0.003755430458113551,0.010515096991591024
PEP,2011-05-06,0.0,0.00043303766869939864,0.0,0.0001443458895664662,0.0004041643367984493
PEP,2011-05-09,0.0,0.00020939985779477865,0.0,6.979995259825955e-05,0.00019543786323998635
PEP,2011-05-10,0.0,0.0022833301401306016,0.0,0.0007611100467102005,0.002131086167180288
PEP,2011-05-11,0.0,7.512245065299794e-05,0.9899294972419739,0.3300015398975423,0.03476419066215199
PEP,2011-05-12,0.0,0.0004316415543144103,0.0,0.00014388051810480343,0.00040286131349367076
PEP,2011-05-13,-0.44024261832237244,7.132764665129798e-06,0.0,-0.1467451618525691,-0.013917882760239152
PEP,2011-05-15,0.0,0.003042296477360651,0.0,0.0010140988257868837,0.0028394475556189967
PEP,2011-05-17,0.0,5.5937385695870034e-05,0.0,1.864579523195668e-05,5.220769175827687e-05
PEP,2011-05-24,0.7019060651461283,0.0005425592826213688,0.9731636246045431,0.5585374163444309,0.056813622868633985
PEP,2011-05-27,0.9220941662788391,-1.9731305656023324e-05,0.9995906949043274,0.6405550432925035,0.0641793963163727
PEP,2011-06-06,0.0,-5.760257954534609e-05,0.0,-1.9200859848448697e-05,-5.376185331538667e-05
PEP,2011-06-07,0.0,0.00014296410427050432,0.0,4.765470142350144e-05,0.00013343178663629204
PEP,2011-06-13,0.0,3.6320125218480825e-05,0.0,1.2106708406160275e-05,3.389843513025619e-05
PEP,2011-06-14,0.4714559316635132,0.0007303037273231894,0.49978962540626526,0.3239919535990339,0.03310953922502792
PEP,2011-06-21,0.8474550247192383,7.281195939867757e-05,0.9960691928863525,0.6145323431883298,0.06178157159331523
PEP,2011-06-23,0.0,0.027703493353328668,0.0,0.009234497784442889,0.02585632849415192
PEP,2011-06-27,0.9462012648582458,0.000567664101254195,0.9995861649513245,0.6487850313036082,0.06548995686780701
PEP,2011-07-01,0.0,9.411309292772785e-05,0.0,3.1371030975909285e-05,8.783798393665881e-05
PEP,2011-07-07,0.0,0.00025538226509524975,0.0,8.512742169841658e-05,0.00023835433605077198
PEP,2011-07-12,-0.5133896470069885,-0.0016158724029082805,0.0,-0.1716685064699656,-0.017746256996579012
PEP,2011-07-13,-0.6862580180168152,-0.19485663622617722,-0.9964864253997803,-0.6258670265475909,-0.23849402978712306
PEP,2011-07-15,0.0,0.003961653739679605,0.0,0.0013205512465598683,0.0036975056505085735
PEP,2011-07-17,0.0,0.0033598028821870685,0.0,0.0011199342940623562,0.0031357839025458944
PEP,2011-07-18,-0.3244887987772624,0.01663691045541782,-0.3326710859934489,-0.21350765810509784,-0.0063948404089881694
PEP,2011-07-19,0.0,0.15956648444989696,0.0,0.05318882814996565,0.14892719505067792
PEP,2011-07-20,0.0,0.013664988859090954,0.9907162189483643,0.3347937359358184,0.04747550780921074
PEP,2011-07-21,-0.02189113696416219,0.004193011920354668,-0.03742086390654246,-0.018372996316783328,0.0019095479611353587
PEP,2011-07-22,-0.4328739643096924,-0.0005461390774144093,0.0,-0.14447336779570227,-0.014201199575720755
PEP,2011-07-25,-0.3632391095161438,0.020141341356780425,-0.1456382700375148,-0.16291201273229272,0.0022052269671405974
PEP,2011-08-04,0.0,0.00043568138062255457,0.0,0.00014522712687418485,0.00040663176910898024
PEP,2011-08-05,0.08667519688606262,0.007285412517376244,0.0,0.03132020313447962,0.009541119058222369
PEP,2011-08-09,-0.29721370339393616,0.0019046201414312236,0.0,-0.09843636108416831,-0.007623016749820274
PEP,2011-08-15,0.0,-5.035064532421529e-05,0.0,-1.67835484414051e-05,-4.699345263878582e-05
PEP,2011-08-22,0.0,-0.00020896392379654571,0.0,-6.965464126551524e-05,-0.00019503099781220594
PEP,2011-08-23,0.0,2.4921115254983306e-05,0.0,8.30703841832777e-06,2.3259468511271414e-05
PEP,2011-09-02,0.0,0.0012723520485451445,0.0,0.00042411734951504815,0.0011875163869698618
PEP,2011-09-06,0.23315934091806412,0.042052809251345025,-0.21309448033571243,0.02070588994456557,0.039155212057427106
PEP,2011-09-14,0.0,-0.0006253716213298807,0.0,-0.00020845720710996023,-0.000583674200164673
PEP,2011-09-15,0.0,4.1901468648575246e-05,0.0,1.3967156216191748e-05,3.9107635458356023e-05
PEP,2011-09-21,0.8770908117294312,0.00010711985669331625,0.9991707801818848,0.6254562372560031,0.06285965080528302
PEP,2011-09-22,0.952181875705719,0.001203320511194761,-0.978329062461853,-0.008314622081646425,-0.0030476387349283487
PEP,2011-09-23,-0.1830464998881022,0.0006850423233117908,-0.3288472096125285,-0.1704028890591063,-0.016675369541024748
PEP,2011-09-28,0.0,0.00014867019490338862,0.0,4.955673163446287e-05,0.00013875742243230792
PEP,2011-10-02,0.0,-0.0009699336951598525,0.0,-0.00032331123171995085,-0.0009052621445615488
PEP,2011-10-03,0.0,-0.00023363943182630464,0.0,-7.787981060876821e-05,-0.00021806123526929712
PEP,2011-10-06,-0.008289039134979248,0.042647344340366544,0.3331567645072937,0.12250502323756034,0.05121775298614755
PEP,2011-10-07,0.0,3.2234143873210996e-05,0.0,1.0744714624403665e-05,3.0084891736810267e-05
PEP,2011-10-09,0.0,-0.0021325390553101897,0.0,-0.0007108463517700633,-0.001990349436864943
PEP,2011-10-10,0.9300759236017863,0.14820733769253516,0.33319852749506634,0.4704939295964626,0.17942063665681027
PEP,2011-10-12,0.06631361775928074,0.0013185187286176693,0.0016940633455912273,0.02310873327782988,0.0033874261202185983
PEP,2011-10-13,0.43909741938114166,0.007930034528726537,0.49971312284469604,0.3155801922515214,0.03880306231600771
PEP,2011-10-14,-0.9565250277519226,7.3775299824774265e-06,-0.9970544576644897,-0.65119070262881,-0.06519106085629583
PEP,2011-10-18,0.8512448072433472,-0.0003851953224511817,0.9994633793830872,0.616774330434661,0.06159292659519654
PEP,2011-10-20,0.0,-3.697853844641941e-05,0.0,-1.2326179482139802e-05,-3.451294697820474e-05
PEP,2011-10-25,0.4159722328186035,0.0003593323472159682,0.4943683445453644,0.3035666365703946,0.030818395824642526
PEP,2011-10-28,0.0,0.0018073008686769754,0.0,0.0006024336228923252,0.0016867967800935446
PEP,2011-11-01,0.0,-0.004000830616860185,0.87562096118927,0.2905400435241366,0.02695383369884374
PEP,2011-11-03,0.0,0.00018343806732445955,0.0,6.114602244148652e-05,0.0001712071031752311
PEP,2011-11-04,0.46839892864227295,0.01134848095534835,0.49391093850135803,0.32455278269965976,0.04271701532141819
PEP,2011-11-07,0.4589392840862274,0.0003181971223966684,0.4950026571750641,0.31808671279456274,0.03216124935026617
PEP,2011-11-08,0.0,0.0005705870062229224,0.0,0.00019019566874097413,0.0005325423922307795
PEP,2011-11-10,0.0,-0.0001014705776469782,0.0,-3.3823525882326066e-05,-9.470489909669941e-05
PEP,2011-11-15,0.40048345923423767,0.005525286899342063,0.0,0.13533624871119324,0.01782386922918109
PEP,2011-11-16,0.686724066734314,0.0007363401600741781,0.48959505558013916,0.39235182082484243,0.039566651700135305
PEP,2011-11-17,0.4157160520553589,0.0024539646110497415,0.49919942021369934,0.3057898122933693,0.03293457790432906
PEP,2011-11-18,0.0,-0.0012997242738492787,0.0,-0.00043324142461642623,-0.0012130634667727432
PEP,2011-11-25,0.0,0.015504648443311453,0.0,0.005168216147770484,0.014470856917386851
PEP,2011-11-28,0.0,0.03967053280211985,0.0,0.01322351093403995,0.03702545159010797
PEP,2011-11-30,0.0,0.0010891345154959708,0.0,0.00036304483849865693,0.001016515072924441
PEP,2011-12-01,0.0,8.717179298400879e-05,0.0,2.905726432800293e-05,8.1359503908124e-05
PEP,2011-12-02,0.0,0.0016707045142538846,0.9957778453826904,0.3324828499656481,0.03645835239162227
PEP,2011-12-05,0.0,0.014017927984241396,0.0,0.004672642661413799,0.01308326536288098
PEP,2011-12-06,0.0,-6.301118992269039e-05,0.0,-2.100372997423013e-05,-5.880983948226364e-05
PEP,2011-12-14,0.0,-0.0029755452123936266,0.0,-0.0009918484041312088,-0.0027771469066528117
PEP,2011-12-16,0.44517990946769714,-0.0003594102663555532,0.0,0.14827349973378054,0.013745256569066097
PEP,2011-12-19,0.0,-0.0009107444469312517,0.0,-0.0003035814823104172,-0.0008500193890981203
PEP,2011-12-21,0.0,-4.847918535233475e-05,0.0,-1.615972845077825e-05,-4.524677461732946e-05
PEP,2011-12-22,0.0,-3.111883415840566e-05,0.0,-1.0372944719468554e-05,-2.9043946701790518e-05
PEP,2011-12-29,0.6714337468147278,-3.1801446311874315e-05,0.0,0.22380064845613865,0.021207258848281185
PEP,2012-01-05,0.11306959390640259,-0.0005892264525755309,0.6014823317527771,0.2379875664022014,0.024106528656964096
PEP,2012-01-06,0.8094918727874756,0.0002621609019115567,0.9982718229293823,0.6026752855395898,0.060834745381218455
PEP,2012-01-09,0.0,0.002227923338068649,0.0,0.0007426411126895497,0.002079373770959625
PEP,2012-01-11,-0.20034517347812653,0.00030775169511798595,-0.16155149042606354,-0.12052963740302403,-0.011711431857523057
PEP,2012-01-12,0.0,0.0002730828709900379,0.0,9.102762366334598e-05,0.00025487472666337686
PEP,2012-01-13,-0.9165073037147522,-0.0006734644994139671,0.0,-0.3057269227380554,-0.029616990929171326
PEP,2012-01-17,0.8674554228782654,-0.0001301588345086202,0.0,0.2891084213479189,0.02731547642531568
PEP,2012-01-27,0.6673524379730225,-0.0003343542921356857,0.9995336532592773,0.5555172456467213,0.0558264645190413
PEP,2012-02-02,0.0,3.7582245568046346e-05,0.0,1.2527415189348782e-05,3.50764020160794e-05
PEP,2012-02-03,0.4579992890357971,0.004010169541288633,0.34397172927856445,0.2686603959518834,0.030284140058617615
PEP,2012-02-05,0.0,0.006007247604429722,0.0,0.0020024158681432405,0.005606706805254384
PEP,2012-02-07,0.8699440658092499,0.010831804802364786,0.9992561340332031,0.6266773348816059,0.07264620020079603
PEP,2012-02-09,-0.181632475419478,0.002496872549210655,0.0038678754459727893,-0.05842257580809818,-0.003278949377364626
PEP,2012-02-10,-0.09460333983103435,0.0002575984593325605,-0.6635923782984415,-0.2526460398900478,-0.026008743852208315
PEP,2012-02-15,-0.7642942667007446,1.838365278672427e-05,0.0,-0.2547586276826526,-0.02415688977015711
PEP,2012-02-16,-0.7273600697517395,-1.3510889402823523e-05,0.9892334938049316,0.0872866377212631,0.011651227168722068
PEP,2012-02-17,0.0,6.992707267272635e-05,0.0,2.330902422424212e-05,6.526459916264547e-05
PEP,2012-03-01,0.8215299844741821,0.0006261129819904454,0.0,0.27405203248539084,0.026568736093133392
PEP,2012-03-07,0.0,7.520591316279024e-05,0.0,2.506863772093008e-05,7.0191464193062e-05
PEP,2012-03-09,0.0,0.002353647112613544,0.0,0.000784549037537848,0.002196714645854937
PEP,2012-03-12,0.0,0.0008041381261136848,0.0,0.00026804604203789495,0.0007505212140602872
PEP,2012-03-14,0.8486946225166321,5.338164555723779e-05,0.9995206594467163,0.6160895545363019,0.06192360796570296
PEP,2012-03-19,0.0,0.0008899611930246465,0.7333939075469971,0.24476128958000723,0.026533891533887553
PEP,2012-03-20,-0.14030152559280396,0.005442049849079922,-0.49919402599334717,-0.2113511672456904,-0.01685369860034092
PEP,2012-03-26,0.0,-4.1509912989567965e-05,0.0,-1.3836637663189322e-05,-3.874218726601363e-05
PEP,2012-03-28,0.0,8.069745672401041e-05,0.0,2.6899152241336804e-05,7.531685217163309e-05
PEP,2012-03-29,0.8182266056537628,0.0014139216063995264,0.0,0.27321350908672076,0.02719953227151129
PEP,2012-04-03,0.0,-0.017143548204956005,0.0,-0.005714516068318669,-0.016000479913544297
PEP,2012-04-04,0.0,-9.85978294920642e-06,0.0,-3.2865943164021396e-06,-9.202369504277273e-06
PEP,2012-04-10,0.0,-1.5709891158621758e-05,0.0,-5.236630386207253e-06,-1.4662414381571335e-05
PEP,2012-04-11,0.0,-4.3256623030174524e-05,0.0,-1.4418874343391508e-05,-4.0372433214965934e-05
PEP,2012-04-20,0.0,-4.546284799289424e-05,0.0,-1.515428266429808e-05,-4.243155365220929e-05
PEP,2012-04-22,0.0,0.0006145851511973888,0.0,0.00020486171706579626,0.0005736068851081036
PEP,2012-04-23,0.8416692018508911,0.0013541263615479693,0.0,0.281007776070813,0.027885196447113125
PEP,2012-04-24,0.08266301453113556,0.0011474906459625345,-0.9902871251106262,-0.302158873311176,-0.031021062159061568
PEP,2012-04-25,0.0,-0.000494527197588468,0.0,-0.00016484239919615598,-0.00046155399768067675
PEP,2012-04-26,-0.04434385895729065,0.00024648916769365314,-0.1022418960928917,-0.048779755294162896,-0.00475578201689853
PEP,2012-04-27,0.8827919960021973,0.1000078096985817,0.9914796352386475,0.6580931469798088,0.15601010877879065
PEP,2012-04-30,0.0,0.0014844086254015565,0.0,0.0004948028751338521,0.0013854338109320027
PEP,2012-05-02,0.9328106045722961,-0.022102647460997105,0.9991459846496582,0.6366179805869857,0.04389225431740132
PEP,2012-05-03,0.727207362651825,-0.0007530963630415499,0.0,0.24215142209626114,0.022298134323502278
PEP,2012-05-07,0.6178858677546183,0.0004626294024395368,0.9532738129297892,0.5238741033622824,0.0533844500969655
PEP,2012-05-09,-0.5823697447776794,0.004833216487895697,0.0,-0.19251217609659457,-0.01390895756611227
PEP,2012-05-14,0.3269980549812317,0.005764109310803178,0.4648098945617676,0.2658573529512675,0.03201268101556906
PEP,2012-05-15,0.04722931555339268,0.0026579033132228297,0.2850309525217329,0.1116393904627828,0.01396399700829952
PEP,2012-05-16,0.4199037551879883,0.009972577852977338,0.0,0.14329211101365522,0.022588880855221004
PEP,2012-05-18,0.0,0.0004467964090508758,0.0,0.00014893213635029193,0.00041700570344977605
PEP,2012-05-30,0.0,0.19767758701345883,0.0,0.06589252900448628,0.18449718074629956
PEP,2012-06-07,0.0,-0.00024076539557427168,0.0,-8.025513185809056e-05,-0.00022471205961955372
PEP,2012-06-08,0.0,-0.0003615493478719145,0.0,-0.00012051644929063816,-0.0003374425897900348
PEP,2012-06-11,0.0,0.0008644788977107964,0.9994300007820129,0.33343149322657456,0.035833880074034666
PEP,2012-06-13,0.0,0.0020424274262040854,-0.4954763650894165,-0.1644779792210708,-0.015458723173967919
PEP,2012-06-14,0.0,0.004014609905425459,0.0,0.0013382033018084865,0.0037469306799072896
PEP,2012-06-15,0.0,1.9933973817387596e-05,0.0,6.644657939129199e-06,1.8604851009519808e-05
PEP,2012-06-20,0.05330406129360199,0.0014855935914965812,0.006264403462409973,0.020351352782502847,0.0032920554626167655
PEP,2012-06-22,-0.12817901372909546,0.07115158344489221,-0.33246805270512897,-0.12983182766311074,0.05070124372008933
PEP,2012-06-25,0.0,0.0012666468464885838,0.0,0.00042221561549619463,0.001182191620399315
PEP,2012-06-26,0.0,0.00017846596165327355,0.0,5.9488653884424515e-05,0.00016656652570205273
PEP,2012-07-06,0.0,0.0012646871036849916,0.0,0.0004215623678949972,0.0011803625527059532
PEP,2012-07-09,0.3826964199542999,0.005054596589616267,0.8899268209934235,0.42589261251244653,0.048011252994612647
PEP,2012-07-10,0.4349334239959717,0.000849817632115446,0.49943462014198303,0.31173928725669003,0.032053463352142965
PEP,2012-07-11,0.0,-0.0002017749739025021,0.0,-6.725832463416737e-05,-0.00018832137850795325
PEP,2012-07-12,0.9052596688270569,0.00045804533510818146,0.9994675517082214,0.6350617552901289,0.06408853841998084
PEP,2012-07-23,0.0,0.002416974950392614,0.0,0.0008056583167975381,0.002255820021996696
PEP,2012-07-24,0.0,0.00021478144481079653,0.0,7.159381493693218e-05,0.0002004606147049634
PEP,2012-07-25,0.12663286179304123,-0.010191572057806297,0.24171360582113266,0.11938496518545587,0.0029646069516463002
PEP,2012-08-01,-0.8645709753036499,0.005247510751360096,-0.9935101866722107,-0.6176112170748335,-0.05726766688344055
PEP,2012-08-06,0.5125054717063904,-3.283027035649866e-05,0.9965356588363647,0.5030027667574662,0.05110512124474772
PEP,2012-08-08,0.0,0.0012217278126627207,0.0,0.0004072426042209069,0.0011402675721862308
PEP,2012-08-09,0.0,0.008134142182825599,0.0,0.002711380727608533,0.007591788301163823
PEP,2012-08-13,0.0,-1.0759982160379877e-05,0.0,-3.5866607201266256e-06,-1.0042547223817944e-05
PEP,2012-08-21,0.0,0.004584689157127286,0.0,0.0015282297190424288,0.004278999235604224
PEP,2012-08-23,0.0,0.00043548957182792947,0.9987450838088989,0.33306019112690893,0.035409489881245954
PEP,2012-08-30,0.7112619876861572,0.010294022955349647,0.0,0.24051867021383563,0.03210433295288458
PEP,2012-09-04,-0.9562963843345642,0.005415710271336138,-0.9978467226028442,-0.6495757988886908,-0.06016387032595965
PEP,2012-09-05,0.0,0.002986399907968007,0.0,0.0009954666359893356,0.002787277946801585
PEP,2012-09-07,0.0,-0.004701791564002633,0.0,-0.0015672638546675444,-0.004388293473025674
PEP,2012-09-11,0.0,0.0025948543388949474,0.0,0.0008649514462983158,0.0024218392616127643
PEP,2012-09-12,0.0,0.0002525232557673007,0.0,8.417441858910024e-05,0.00023568594967710257
PEP,2012-09-13,0.0,5.6244636652991176e-05,0.0,1.8748212217663724e-05,5.2494454673193426e-05
PEP,2012-09-18,0.5872177481651306,-0.0003440543187025469,0.997782289981842,0.5282186612760901,0.053221431775229845
PEP,2012-09-26,0.0,0.0015537748840870336,0.0,0.0005179249613623446,0.001450175027709064
PEP,2012-09-27,0.8689141273498535,0.06222736835479736,0.9849901795387268,0.6387105584144592,0.12008234341373569
PEP,2012-09-28,0.0,-5.132262594997883e-05,0.0,-1.7107541983326275e-05,-4.790062523227528e-05
PEP,2012-10-01,0.5058348774909973,-6.792039312131237e-05,-0.6211725473403931,-0.038468530080839024,-0.005834463960729914
PEP,2012-10-15,0.0,-0.0004279109416529536,0.0,-0.00014263698055098453,-0.0003993794407341038
PEP,2012-10-16,0.0,-0.0009387318350491114,0.0,-0.00031291061168303713,-0.0008761407009765285
PEP,2012-10-17,0.14391459118236194,0.003741522249501114,0.0011195269497958097,0.04959188012721962,0.008083197125182299
PEP,2012-10-23,0.8883470892906189,-2.2048785467632115e-05,0.0,0.29610834683505044,0.02807716565563609
PEP,2012-10-25,0.5362403988838196,0.0004226862656651065,0.0,0.17888769504982824,0.017355380029937403
PEP,2012-11-05,0.0,0.10772761172847822,0.0,0.03590920390949274,0.10054473554101616
PEP,2012-11-13,0.0,0.010087947855936363,0.0,0.0033626492853121213,0.009415321635963897
PEP,2012-11-15,0.0,-5.916564987273887e-05,0.0,-1.9721883290912956e-05,-5.522070565797402e-05
PEP,2012-11-24,-0.9550890326499939,0.0002795022155623883,0.0,-0.31826984347814385,-0.029947875278433598
PEP,2012-12-03,0.0,0.0005624994410027284,0.0,0.00018749981366757615,0.0005249940925836731
PEP,2013-01-04,0.0,1.453513959859265e-06,0.0,4.845046532864217e-07,1.356599086121543e-06
PEP,2013-01-05,0.0,-5.833630893903319e-06,0.0,-1.9445436313011064e-06,-5.4446662075443e-06
PEP,2013-01-15,0.0,0.0030726141994819045,0.5795162916183472,0.19419630193927637,0.02317806190000015
PEP,2013-01-22,-0.8988185524940491,-0.000302238835274693,-0.9970177412033081,-0.6320461775108773,-0.06365353432797906
PEP,2013-01-28,0.0,0.0011653365045276587,0.0,0.0003884455015092196,0.0010876361873383576
PEP,2013-02-03,-0.8830508589744568,1.2284814147278666e-05,-0.9969653487205505,-0.62666797429362,-0.06285942556627006
PEP,2013-02-04,-0.5378068089485168,0.0016655380435016316,-0.6367864410082499,-0.39097590397108833,-0.03777340171534873
PEP,2013-02-06,0.0,-0.00032770833058748394,0.0,-0.00010923611019582798,-0.0003058579513686454
PEP,2013-02-08,-0.45413342118263245,0.00012219089876452927,-0.4984019994735718,-0.31747107658581325,-0.03171735576118674
PEP,2013-02-09,0.0,0.007889315369538963,0.9995664954185486,0.33581860359602916,0.04239511058650125
PEP,2013-02-10,0.0,0.003924223594367504,0.0,0.0013080745314558346,0.0036625710442925534
PEP,2013-02-11,0.0,0.00033200548750755843,0.0,0.00011066849583585281,0.0003098686120096826
PEP,2013-02-12,-0.9317163228988647,0.0004227312747389078,-0.9970593452453613,-0.642784312289829,-0.0640188921323027
PEP,2013-02-14,0.06760206073522568,0.0011892173365595227,-0.0883105993270874,-0.006506440418434067,0.00015310345839750984
PEP,2013-02-15,0.8573979536692301,0.0003192461663275026,0.9994985858599345,0.619071928565164,0.062446253112688505
PEP,2013-02-19,0.0,0.015764891323669872,0.33264346917470294,0.11613612016612428,0.026371910129843263
PEP,2013-02-21,0.0,0.0008644788977107964,0.9994300007820129,0.33343149322657456,0.035833880074034666
PEP,2013-02-25,0.0,9.701163162390003e-05,0.0,3.233721054130001e-05,9.054325806617329e-05
PEP,2013-03-05,0.0,0.00025507663667667657,0.0,8.502554555889219e-05,0.00023806906711713044
PEP,2013-03-11,-0.2305488387743632,0.0026535051535271728,0.3332053820292155,0.03510334946945983,0.006862349148722826
PEP,2013-03-18,0.44203951954841614,0.014654928008894785,0.8921217918395996,0.4496054131323035,0.05892537534079295
PEP,2013-03-19,0.0,-0.00020167886395938694,0.8718789219856262,0.2905590810405556,0.030368524765566264
PEP,2013-03-20,0.0,-3.3538025036250474e-05,0.0,-1.1179341678750157e-05,-3.130183455685162e-05
PEP,2013-03-22,0.3311470150947571,3.38455864948628e-05,0.3986790060997009,0.2432866222603176,0.024478028481524614
PEP,2013-03-25,0.0,0.0003304297133581713,-0.6638643344243368,-0.22117796823699287,-0.022958066824648928
PEP,2013-03-26,0.0,-0.0020966767915524542,0.0,-0.000698892263850818,-0.0019568781717261593
PEP,2013-04-04,-0.9150093197822571,-0.0022206617722986266,-0.9977818131446838,-0.6383372648997465,-0.06598292420208199
PEP,2013-04-08,0.0,0.0005643134209094569,0.0,0.00018810447363648564,0.0005266871264911203
PEP,2013-04-11,0.2451561540365219,0.02879753134038765,-0.4252925515174866,-0.05044628871352567,0.019726287148268306
PEP,2013-04-12,0.17418795824050903,0.002761158237262862,-0.49776721000671387,-0.10693936450964732,-0.009358769063329305
PEP,2013-04-14,0.0,-0.0001489482820034027,0.0,-4.964942733446757e-05,-0.00013901696772472316
PEP,2013-04-15,0.8462391495704651,0.00033342151436954737,0.999502420425415,0.6153583305034166,0.062106671854338866
PEP,2013-04-17,0.841668963432312,0.001354134496068582,0.0,0.2810076993094602,0.027885196511837244
PEP,2013-04-18,0.1144365528050591,0.0016885376347037142,0.15963066676083734,0.09191858573353338,0.0107900726112382
PEP,2013-04-19,0.430107980966568,0.0003872631018566608,0.4996219277381897,0.31003905726887143,0.031475689689446223
PEP,2013-04-22,0.0,0.042327115224907175,0.0,0.014109038408302391,0.03950489985621743
PEP,2013-04-30,0.4978804290294647,0.0009805490262806416,0.9991415739059448,0.49933418398723006,0.051679682751804824
PEP,2013-05-01,0.0,-3.7927820812910795e-05,0.0,-1.2642606937636932e-05,-3.539893559629678e-05
PEP,2013-05-06,-0.2129625678062439,0.15993561044888338,0.0,-0.017675652452453505,0.14253585598349522
PEP,2013-05-08,0.0,0.0005864055868490444,0.0,0.00019546852894968147,0.0005473062411501009
PEP,2013-05-10,0.0,0.0004427060775924474,0.0,0.0001475686925308158,0.0004131880923527677
PEP,2013-05-13,0.0,-6.076646059227642e-06,0.0,-2.025548686409214e-06,-5.671478030682602e-06
PEP,2013-05-15,0.0,-0.0003628119620771031,-0.3070090413093567,-0.10245728442381126,-0.011098372469961374
PEP,2013-05-21,0.7954359650611877,0.00013152994506526738,0.0,0.26518916500208434,0.025281795977290716
PEP,2013-05-22,0.0,0.00010879015462705866,0.9954474568367004,0.3318520823304425,0.03498900155984622
PEP,2013-05-28,0.10198986530303955,0.0020946715885656886,-0.4879067540168762,-0.12794073904175698,-0.011918808108839508
PEP,2013-05-29,0.7744550108909607,9.554228745400906e-05,0.0,0.25818351772613823,0.02458459618309968
PEP,2013-06-03,0.0,0.08958476662519388,0.0,0.029861588875064626,0.08361159060673089
PEP,2013-06-06,0.22083766460418702,0.0011720780503916709,0.18021075328191122,0.13407349864549664,0.01439470571876949
PEP,2013-06-07,0.9421851634979248,-0.0010493622394278646,0.9995206594467163,0.6468854869017377,0.06385142578375816
PEP,2013-06-11,0.0,0.001921913237310946,0.0,0.0006406377457703153,0.0017937672518765291
PEP,2013-06-18,0.0,-0.00034338013210799545,0.0,-0.00011446004403599848,-0.0003204848429499911
PEP,2013-06-19,0.14199763536453247,0.003129876982711721,-0.172682523727417,-0.009185003793390933,0.001360458333667053
PEP,2013-06-25,-0.726974606513977,-0.00044746336061507463,-0.9981200098991394,-0.5751806932579105,-0.05839241345723423
PEP,2013-07-08,0.0,0.029694160213693976,0.0,0.009898053404564658,0.027714264903793657
PEP,2013-07-09,0.0,0.0008207053603352202,0.0,0.0002735684534450734,0.0007659838116035845
PEP,2013-07-10,0.0,0.028856175908003934,0.0,0.009618725302667977,0.02693215321120336
PEP,2013-07-11,0.8289511203765869,0.000175522654899396,0.9994847774505615,0.6095371401606826,0.06141187552215911
PEP,2013-07-17,0.12217607100804646,-0.00034607172892719973,0.1630252649386724,0.09495175473926389,0.009254888783599821
PEP,2013-07-18,0.0,-0.0001565075508551672,0.0,-5.216918361838907e-05,-0.0001460722128061283
PEP,2013-07-19,0.0,0.00737977575045079,0.0,0.0024599252501502633,0.006887720017317018
PEP,2013-07-22,0.0,0.00037112418795004487,0.0,0.00012370806265001497,0.00034637901534800413
PEP,2013-07-24,0.17684046626091005,0.0009254161877834122,0.24262195825576782,0.14012928023482044,0.014960218925912459
PEP,2013-07-25,-0.8970584273338318,0.0025295498271589167,-0.9959501028060913,-0.6301596601042547,-0.060917469736060326
PEP,2013-07-26,0.0,4.422387428348884e-05,0.0,1.4741291427829614e-05,4.127519177287009e-05
PEP,2013-07-31,0.33065566420555115,0.009537683610687964,0.0,0.11339778260541304,0.01936013446155721
PEP,2013-08-08,0.0,0.0009833350195549428,0.0,0.0003277783398516476,0.0009177699731024028
PEP,2013-08-14,0.6335245370864868,0.00014001125236973166,0.0,0.21122151611295217,0.020168576182671965
PEP,2013-08-15,-0.4036256670951843,0.0008581043330195826,0.4061777591705322,0.0011367321361224942,0.002269834891137131
PEP,2013-08-19,0.464273601770401,0.08440991421593935,0.49969202280044556,0.34945851292892866,0.11097911465466433
PEP,2013-08-21,0.0,1.5020938008092344e-05,0.0,5.006979336030781e-06,1.4019398049977756e-05
PEP,2013-09-09,-0.9679878354072571,-0.0001241499712705263,-0.9984152317047119,-0.6555090723610798,-0.0657240695750222
PEP,2013-09-12,0.7179952263832092,4.2086379835382104e-05,0.9990828037261963,0.5723733721630803,0.05776379757040493
PEP,2013-09-23,0.0,-0.0002927754776465008,0.0,-9.759182588216693e-05,-0.00027325430906450723
PEP,2013-09-25,0.0,0.003386099517229013,0.0,0.0011286998390763376,0.0031603271355851443
PEP,2013-10-07,0.0,-0.0026293251721654087,0.0,-0.0008764417240551362,-0.0024540116865943394
PEP,2013-10-11,0.7297987937927246,0.005483731016283855,0.0,0.24509417493633615,0.028201078519334052
PEP,2013-10-13,0.0,0.0021938146091997623,0.0,0.0007312715363999208,0.002047539257379164
PEP,2013-10-14,0.0,-0.0005438528969534673,0.0,-0.00018128429898448908,-0.0005075908405274178
PEP,2013-10-15,0.0,0.00010280314018018544,0.0,3.426771339339515e-05,9.594861134485958e-05
PEP,2013-10-16,0.125942862033844,0.00048794693648233076,0.19989984035491942,0.10877688310841525,0.011444782660031553
PEP,2013-10-17,0.06004321575164795,0.001188768510473892,0.6445281108220419,0.23525336502805458,0.02559741497734139
PEP,2013-10-18,0.27859947085380554,0.00015715224799350835,0.0,0.09291887436726635,0.008958563767980023
PEP,2013-10-23,0.28336241841316223,0.0018873173212341499,0.0,0.09508324524479879,0.010724016289078714
PEP,2013-10-25,0.0,-0.0015198773326119408,0.0,-0.0005066257775373136,-0.0014185376110037223
PEP,2013-10-29,0.0,-0.0011883015977218747,0.0,-0.0003961005325739582,-0.0011090700922214394
PEP,2013-10-31,0.0,0.0001686451978457626,0.0,5.621506594858753e-05,0.0001574005702936481
PEP,2013-11-02,0.0,0.0013232246710686013,0.0,0.00044107489035620045,0.0012349969589941926
PEP,2013-11-04,0.9412956237792969,0.0005967712131678127,0.9995880722999573,0.6471601557641407,0.06536202834821478
PEP,2013-11-05,0.0,0.003657477951492183,0.0,0.001219159317164061,0.003413610962333694
PEP,2013-11-08,0.0,0.0002807029813993722,0.0,9.356766046645741e-05,0.0002619867566148808
PEP,2013-11-11,0.0,0.011579634388908744,0.0,0.003859878129636248,0.010807547900671028
PEP,2013-11-12,0.0,-0.00015048061140987556,0.0,-5.016020380329186e-05,-0.0001404471288360061
PEP,2013-11-21,-0.934791624546051,0.0002159377618227154,-0.9881938695907593,-0.6409231854583292,-0.0639984583982056
PEP,2013-11-25,0.0,0.000515270046889782,0.0,0.000171756682296594,0.00048091376761470126
PEP,2013-11-28,0.0,3.357470632181503e-05,0.0,1.1191568773938343e-05,3.133607049593355e-05
PEP,2013-12-03,0.0,0.012912243662867695,0.0,0.004304081220955898,0.012051303501451463
PEP,2013-12-06,0.9511862993240356,0.00018951183301396668,0.9996292591094971,0.6503350234221822,0.06529620155726927
PEP,2013-12-12,-0.3176306188106537,0.00044135325151728466,-0.498771607875824,-0.27198695781165344,-0.027114947590874766
PEP,2013-12-13,0.25777098536491394,0.002264494038627163,0.0,0.0866784931345137,0.01026660673921014
PEP,2013-12-20,0.9154146313667297,8.896275721781421e-05,0.9902381300926208,0.6352472414055228,0.06374179493446253
PEP,2014-01-06,-0.8072513341903687,0.0015409077241201885,0.0,-0.26857014215541614,-0.024094581307768374
PEP,2014-01-10,-0.9245330095291138,0.00630931891646469,-0.9979056119918823,-0.6387097675348438,-0.058327256598310354
PEP,2014-01-16,-0.9025729894638062,0.0005026344733778387,0.0,-0.30069011833014275,-0.028078578077979418
PEP,2014-01-21,-0.4642776846885681,0.00024000159828574397,0.4981449246406555,0.01136908051679105,0.00299774257184672
PEP,2014-01-23,0.0,0.00032789613032946363,0.0,0.00010929871010982121,0.0003060332361171494
PEP,2014-01-24,0.0,-1.5330333553720266e-06,0.0,-5.110111184573422e-07,-1.4308164257967636e-06
PEP,2014-01-27,-0.9416475892066956,0.0007868672510085162,-0.997973620891571,-0.6462781142824193,-0.06402519645674942
PEP,2014-01-30,0.0,0.001217163953697309,0.0,0.000405721317899103,0.0011360080414280708
PEP,2014-01-31,0.0,0.00028532169835671084,0.0,9.510723278557028e-05,0.0002662975173491261
PEP,2014-02-06,0.0,0.00034665946441236883,0.0,0.00011555315480412294,0.00032354549447988955
PEP,2014-02-07,0.0,0.0030974872376342923,0.0,0.0010324957458780974,0.0028909582915308276
PEP,2014-02-08,0.0,0.005665140735800378,0.0,0.0018883802452667926,0.005287410302173842
PEP,2014-02-10,0.0,0.001065314470906742,0.0,0.00035510482363558066,0.0009942833277139054
PEP,2014-02-12,0.0,-0.00035072681203018874,0.0,-0.00011690893734339625,-0.0003273416737364253
PEP,2014-02-13,0.2807938277721405,0.0007041614555419074,0.03452179431915283,0.10533992784894508,0.010748391940672945
PEP,2014-02-14,-0.4574950933456421,0.000723024533726857,0.49862661957740784,0.013951516921830867,0.003679969541672733
PEP,2014-02-18,0.5255765914916992,0.0013018607132835314,0.985683023929596,0.5041871587115262,0.052383897092276296
PEP,2014-02-20,0.1980983018875122,0.0029187088966864394,0.24839581549167633,0.14980427542529165,0.017695331874373013
PEP,2014-02-21,0.0,0.002217661887698341,-0.7554641962051392,-0.2510821781058136,-0.024406970997978186
PEP,2014-02-25,-0.9333643913269043,0.0008293641149066389,-0.9965642094612122,-0.64303307889107,-0.06367414616974733
PEP,2014-02-27,0.24027733291898454,0.0060703042677882225,0.5362277201243809,0.26085845243705125,0.032058530855882124
PEP,2014-02-28,0.0,-2.876716825994663e-05,0.0,-9.589056086648876e-06,-2.684908108865144e-05
PEP,2014-03-03,-0.47243666648864746,0.0042536414539426914,-0.13641679286956787,-0.20153327263475754,-0.015753790722275025
PEP,2014-03-04,0.0,0.002767215662061062,0.0,0.0009224052206870207,0.0025827081230180246
PEP,2014-03-12,-0.49303755164146423,0.0011076177761424333,0.0,-0.16397664462177394,-0.014560637677145993
PEP,2014-03-13,0.9337384700775146,8.509889266861137e-05,0.9995300769805908,0.6444512153169247,0.06464341284628183
PEP,2014-03-14,-0.47326457500457764,0.006626468864851631,-0.4982163906097412,-0.32161816558315576,-0.02624535736138857
PEP,2014-03-18,0.0,-3.932625895686215e-05,0.0,-1.3108752985620717e-05,-3.670413196474809e-05
PEP,2014-03-31,-0.4081248641014099,0.003448692955619966,-0.33215439319610596,-0.24561018811396532,-0.02133095389498801
PEP,2014-04-01,-0.9711743593215942,0.0010751859881565906,-0.9544960856437683,-0.641531752992402,-0.06316625310833672
PEP,2014-04-02,-0.43202024698257446,5.747595423599705e-05,0.0,-0.1439875903427795,-0.013610828900155449
PEP,2014-04-07,0.0,0.0013580765025835717,0.0,0.00045269216752785724,0.0012675250058458147
PEP,2014-04-08,0.0,0.004156000184593722,0.0,0.001385333394864574,0.0038788934483375
PEP,2014-04-09,0.5792662927082607,0.0014813087396500382,-0.2755550571850368,0.10173084808762463,0.010046911740200499
PEP,2014-04-11,0.0,0.0023482287861043005,0.49874773621559143,0.16703198833389857,0.019671278692168673
PEP,2014-04-16,0.8041048049926758,0.002475814531862852,0.9878425300121307,0.5981410498455565,0.06236489733043826
PEP,2014-04-17,-0.05491984883944193,0.0028535519159049727,-0.1477640966574351,-0.06661013119365734,-0.004252476624962963
PEP,2014-04-21,0.4658726751804352,0.0008759392694628332,0.998344212770462,0.48836427574012004,0.05054172083905904
PEP,2014-04-28,0.3757316768169403,-9.589530327502871e-05,0.0,0.12521192717122176,0.01179460645078336
PEP,2014-04-29,0.6047747731208801,0.0007707423719693907,0.5341210961341858,0.3798888705423451,0.03856727105760711
PEP,2014-04-30,-0.9695649147033691,-4.735207812700537e-05,-0.9975615739822388,-0.6557246135879117,-0.06567235594218307
PEP,2014-05-01,-0.6170636415481567,0.007340071322687436,0.0,-0.20324119007515642,-0.012666591959871047
PEP,2014-05-06,0.9013849496841431,0.14777778484858572,0.9987950623035431,0.682652598945424,0.2014394208595417
PEP,2014-05-07,0.6581751108169556,0.0012235726462677121,0.9887490272521973,0.5493825702384735,0.05661227383932541
PEP,2014-05-08,0.0,0.0009782185625226703,-0.9935382008552551,-0.33085332743091084,-0.03390755683964521
PEP,2014-05-15,0.0,-3.4270888136234134e-06,0.9991274476051331,0.33304134017210646,0.03501323924582727
PEP,2014-05-19,0.892716109752655,0.0005568134074565023,0.0,0.2977576410533705,0.028755620311803256
PEP,2014-05-20,0.0,0.0004903453082079068,0.0,0.00016344843606930226,0.00045765090369144116
PEP,2014-06-03,0.8325709700584412,0.0023858183703850955,0.9989689588546753,0.6113085824278338,0.06357121220926644
PEP,2014-06-04,0.0,0.0006518333120766329,0.0,0.00021727777069221096,0.0006083715034183218
PEP,2014-06-10,0.3127727508544922,0.031218350028211717,0.0,0.11466370029423463,0.03902959189876726
PEP,2014-06-19,0.0,4.465554957278073e-05,0.0,1.488518319092691e-05,4.167808456862373e-05
PEP,2014-06-20,0.0,0.00116614965008921,0.0,0.00038871655002973665,0.001088395129826069
PEP,2014-06-23,0.0,0.0033860948169603944,0.0,0.0011286982723201315,0.003160322572151432
PEP,2014-06-26,0.0,0.00017357941578666214,0.0,5.785980526222071e-05,0.0001620057947372003
PEP,2014-07-07,0.6279609799385071,-0.0021769934974145144,0.0,0.20859466214703085,0.017830089524630593
PEP,2014-07-10,0.0,0.00022327127589960583,0.0,7.442375863320194e-05,0.00020838437900977876
PEP,2014-07-11,0.0,0.0026983751449733973,0.0,0.0008994583816577991,0.0025184575840182725
PEP,2014-07-16,0.13988089561462402,3.452665904054205e-05,0.16656151413917542,0.10215897880428,0.010294035546377011
PEP,2014-07-17,0.0,-0.0001192228100990178,0.0,-3.97409366996726e-05,-0.00011127347739624774
PEP,2014-07-18,0.6944963335990906,0.018597700698592234,0.0,0.23769801143256095,0.03932406840386428
PEP,2014-07-20,0.0,0.004319676372688264,0.0,0.0014398921242294211,0.004031656347630632
PEP,2014-07-22,0.0,0.033930199686437845,0.0,0.011310066562145948,0.03166786219662235
PEP,2014-07-23,0.3048317557887027,0.009878973418955482,0.3423146511379041,0.21900846011518746,0.030858985330256154
PEP,2014-07-24,0.23805360283170426,0.0007651065425307024,0.7120971168790545,0.31697194208442986,0.0332004272698714
PEP,2014-07-25,0.23377486069997153,0.0014357307081809267,0.0,0.07840353046938416,0.008734122855111754
PEP,2014-07-28,0.6265026926994324,-3.353232750669122e-05,0.9993721842765808,0.5419471148828355,0.05480952334986377
PEP,2014-08-05,0.0,9.625502570997924e-05,0.0,3.208500856999308e-05,8.983710065323809e-05
PEP,2014-08-08,-0.9469935297966003,0.003909041013685055,-0.9971666932106018,-0.6467503939978391,-0.06125200502337329
PEP,2014-08-10,0.9357955455780029,3.791358903981745e-05,0.9994751811027527,0.6451028800899318,0.06466251348073311
PEP,2014-08-11,0.23614728450775146,0.0006634404362557689,0.26439234614372253,0.1670676903625766,0.01735452748726589
PEP,2014-08-13,0.0,0.002542014524806291,0.0,0.0008473381749354303,0.0023725224507849516
PEP,2014-08-14,0.0,6.22450424998533e-05,0.6505488753318787,0.21687037345812618,0.022857893045779645
PEP,2014-08-18,0.0,0.0014383145608007908,0.0,0.0004794381869335969,0.0013424131261364602
PEP,2014-08-21,-0.9594453573226929,0.0003221400547772646,-0.98985356092453,-0.6496589260641485,-0.06473728336843901
PEP,2014-08-22,0.6861570477485657,0.012158626224845648,0.0,0.23277189132447043,0.03305056167295415
PEP,2014-08-25,0.3893970251083374,0.028502783010480925,0.4481242001056671,0.28867466940816183,0.05462407327004336
PEP,2014-08-28,0.0,0.003959581954404712,0.0,0.0013198606514682372,0.0036955720584525517
PEP,2014-08-29,0.0,0.004862394678639248,0.0,0.0016207982262130827,0.004538188362883498
PEP,2014-09-02,0.9166698157787323,0.040507669938961044,0.9994953572750092,0.6522242809975675,0.10182967515888397
PEP,2014-09-04,0.7767056822776794,0.00019854434503940865,0.0,0.2589680755409063,0.024751917483608197
PEP,2014-09-17,0.0,0.0036469672340899706,0.0,0.001215655744696657,0.003403801100995755
PEP,2014-09-18,-0.944564163684845,-4.615607394953258e-06,-0.9940558671951294,-0.6462082154957898,-0.06471884962749501
PEP,2014-09-19,0.0,0.024643005060170253,0.0,0.008214335020056751,0.022999902357444917
PEP,2014-09-25,-0.7080854177474976,-8.205464837374166e-06,0.0,-0.236031207737445,-0.022403862786668182
PEP,2014-09-26,0.0,0.0033436088706366718,0.9933229088783264,0.3322221725829877,0.03793367564762496
PEP,2014-09-30,0.0,0.0007242658321047202,0.0,0.00024142194403490672,0.0006759744820726322
PEP,2014-10-02,-0.9078486561775208,0.0002245175655843923,0.0,-0.30254137953731214,-0.028505016493152523
PEP,2014-10-05,0.0,0.03530750035861274,0.0,0.011769166786204247,0.03295332845076321
PEP,2014-10-07,-0.9601752161979675,0.00010222762648481876,-0.9985014200210571,-0.6528581361975133,-0.0652686994160519
PEP,2014-10-08,0.0,-0.0004685508320108056,0.0,-0.00015618361067026854,-0.0004373096152230229
PEP,2014-10-09,0.0007998602730887276,0.010325147208797196,-0.18385444368634904,-0.057576478734821045,0.0032184535378364863
PEP,2014-10-10,0.13445629676183066,3.450055252566623e-05,0.16732155283292136,0.10060411671575924,0.010149071994392139
PEP,2014-10-13,-0.3233083089192708,0.0003156781943592553,-0.3313463131586711,-0.21811298129452758,-0.021544066749501517
PEP,2014-10-17,-0.9145936369895935,0.0032550727482885122,0.0,-0.30377952141376835,-0.025889866023484722
PEP,2014-10-22,0.0,5.905993384658359e-05,0.9994194507598877,0.3331595035645781,0.03508179370743526
PEP,2014-10-23,-0.9404540061950684,-0.0004449777552508749,0.0,-0.3136329946501064,-0.030161154847082903
PEP,2014-10-24,0.31236430009206134,0.002263093881386643,0.3324347337086995,0.21568737589404918,0.023642891796564917
PEP,2014-10-26,0.0,0.0001295817655773135,0.0,4.31939218591045e-05,0.00012094173647261074
PEP,2014-10-28,0.0,-0.00035350419420865364,0.0,-0.00011783473140288454,-0.0003299338670650686
PEP,2014-10-30,-0.9084896445274353,-0.00014185966574586928,-0.8811290264129639,-0.5965868435353817,-0.05974818405678018
PEP,2014-11-06,0.0,0.0012929136864840984,0.0,0.0004309712288280328,0.0012067070382235539
PEP,2014-11-07,0.0,5.140734720043838e-05,0.0,1.7135782400146127e-05,4.797969758666782e-05
PEP,2014-11-11,0.0,0.0004592563127516769,0.0,0.0001530854375838923,0.0004286348265312538
PEP,2014-11-13,0.17721664905548096,-0.0007168688330239092,0.2481846660375595,0.14156148208667219,0.01363428992016662
PEP,2014-11-19,0.0,0.00417236344947014,0.0,0.0013907878164900467,0.0038941657398296552
PEP,2014-11-20,0.0,0.005392223287344677,0.0,0.0017974077624482259,0.005032689863031231
PEP,2014-12-01,0.0,0.0003668041608761996,0.0,0.00012226805362539986,0.00034234703151967804
PEP,2014-12-02,0.6514870524406433,0.00028421384922694415,0.9517253637313843,0.5344988766737515,0.054226440766598966
PEP,2014-12-05,0.0,0.004379281921501388,0.0,0.0014597606405004626,0.00408728764687875
PEP,2014-12-11,0.0,6.741384095221292e-05,0.0,2.2471280317404307e-05,6.291893990767682e-05
PEP,2014-12-13,0.0,-0.00040038056613411754,0.997432291507721,0.33234397031386226,0.03458334296134482
PEP,2014-12-29,0.0,0.00015836305101402104,0.0,5.2787683671340346e-05,0.00014780399515519028
PEP,2015-01-07,0.10745198279619217,0.0011259547691224725,0.3492373675107956,0.15260510169203675,0.016689233905794163
PEP,2015-01-08,0.0,0.0008918552193790674,0.0,0.0002972850731263558,0.0008323896494805715
PEP,2015-01-09,0.0,-0.00037469982635229826,0.9992127418518066,0.3329460140084848,0.03466971089463611
PEP,2015-01-10,0.0,9.560860780766234e-05,0.0,3.186953593588745e-05,8.923378347861624e-05
PEP,2015-01-12,0.0,0.0014981317217461765,0.9089843034744263,0.3034941450653908,0.03325543137410343
PEP,2015-01-13,0.0,-0.0013115924666635692,0.0,-0.0004371974888878564,-0.0012241404415382687
PEP,2015-01-16,0.0,1.7717829905450344e-05,0.0,5.905943301816781e-06,1.6536471283783296e-05
PEP,2015-01-20,0.1377132087945938,0.0001724364519759547,0.0,0.04596188174885659,0.0045167033280510156
PEP,2015-01-21,-0.9025722742080688,0.0005026344733778387,0.0,-0.30068987991156365,-0.02807855545498322
PEP,2015-01-28,0.0,-0.00036147375794826075,0.0,-0.00012049125264942025,-0.00033737204671055785
PEP,2015-01-29,0.0,0.0018447819747962058,0.0,0.0006149273249320686,0.0017217787590976307
PEP,2015-01-30,-0.9614707231521606,0.008837624278385192,-0.9971338510513306,-0.649922316641702,-0.057108792861053595
PEP,2015-02-03,0.0,-5.3156800277065486e-05,0.0,-1.7718933425688494e-05,-4.9612503676259594e-05
PEP,2015-02-08,0.0,0.004353838910901686,0.0,0.0014512796369672287,0.004063541276288301
PEP,2015-02-09,-0.8739438056945801,0.041725494898855686,-0.9711947441101074,-0.6011376849686106,-0.022736265131320457
PEP,2015-02-10,0.0,0.011710512626450509,0.0,0.003903504208816836,0.010929699286618728
PEP,2015-02-11,0.2887664483143733,0.003743087874541883,0.21519236381237322,0.16923396666709611,0.02016882690784273
PEP,2015-02-12,0.9533202648162842,0.02433919138275087,0.9995055198669434,0.6590549920219928,0.08789883004541761
PEP,2015-02-17,0.0,0.00014731683647066043,0.0,4.910561215688681e-05,0.00013749430200922042
PEP,2015-02-23,0.0,5.376094122766517e-05,0.0,1.7920313742555056e-05,5.017636276816091e-05
PEP,2015-02-24,0.0,0.002376506097789388,0.0,0.0007921686992631294,0.0022180495676877247
PEP,2015-03-12,0.0,0.0033682532521197572,0.0,0.001122751084039919,0.0031436708198398083
PEP,2015-03-18,0.7254399061203003,0.0020955995860276744,0.9992077946662903,0.575581100124206,0.059920240395844405
PEP,2015-03-23,0.0,0.00034587491245474666,0.0,0.00011529163748491555,0.00032281328067535316
PEP,2015-03-24,0.0,0.0008958699181675911,0.0,0.0002986233060558637,0.0008361366631715111
PEP,2015-03-25,0.0,0.03478309517959133,0.0,0.011594365059863776,0.03246388845052207
PEP,2015-03-26,0.6097346544265747,-9.83315403573215e-05,0.0,0.20321210762873912,0.01919366926026373
PEP,2015-04-01,0.0,-0.002436345792375505,0.0,-0.0008121152641251683,-0.0022738994771413223
PEP,2015-04-06,-0.8061455488204956,0.0015770171012263745,-0.9857672452926636,-0.5967785923373109,-0.0585741070128319
PEP,2015-04-13,0.2515873908996582,-0.0035980530774395447,0.0,0.08266311260740622,0.004599369963811013
PEP,2015-04-14,0.4727531671524048,-0.00031172906165011227,0.4996093511581421,0.32401692974963225,0.03217169781094464
PEP,2015-04-20,-0.6665621995925903,0.0002754327724687755,0.0,-0.22209558894004053,-0.02082578860575544
PEP,2015-04-22,-0.2061188817024231,0.0005346220859792084,0.7459037452936172,0.18010649522572444,0.020121293303888014
PEP,2015-04-23,-0.13826242089271545,0.039483893272907675,0.06145427056721279,-0.012441419017531664,0.034631908796732884
PEP,2015-04-24,0.3742665946483612,0.0011970202831435017,0.4992298483848572,0.29156448777212063,0.03045149340774266
PEP,2015-04-28,0.6764974594116211,0.0002446484941174276,0.0,0.22558070263524618,0.0216254375208307
PEP,2015-05-01,0.0,3.472334356047213e-05,0.0,1.157444785349071e-05,3.240812090018166e-05
PEP,2015-05-04,0.7112621068954468,0.010294022955349647,0.0,0.24051870995026547,0.032104336723383954
PEP,2015-05-05,0.9413309693336487,0.0018416088278172538,0.9986364245414734,0.6472696675676465,0.06649163036362592
PEP,2015-05-06,0.0,0.008156674273777753,0.0,0.0027188914245925844,0.007612817472937854
PEP,2015-05-11,0.0,-0.00010968087008222938,0.0,-3.656029002740979e-05,-0.00010236775994430406
PEP,2015-05-12,0.0,0.00022656343935523182,0.0,7.552114645174395e-05,0.00021145703671646918
PEP,2015-05-18,0.0,-0.0009430816862732172,0.0,-0.0003143605620910724,-0.0008802005271831619
PEP,2015-05-19,0.8873856067657471,0.018037874149740674,0.9643312692642212,0.6232515833932363,0.07869944515200288
PEP,2015-05-26,0.0,0.0018712087185122073,0.0,0.0006237362395040691,0.001746443466396188
PEP,2015-05-28,0.0,-0.0008404656546190381,0.0,-0.00028015521820634604,-0.0007844265486677044
PEP,2015-06-03,0.0,0.8433803245425224,0.0,0.2811267748475075,0.7871468862572921
PEP,2015-06-04,0.0,0.0033035263186320662,0.0,0.001101175439544022,0.0030832596497370884
PEP,2015-06-08,0.6457321047782898,0.0247455176722724,0.0,0.22349254081685407,0.04351959620251374
PEP,2015-06-11,-0.9592987298965454,0.0025986414766521193,-0.9974794983863831,-0.6513931956020921,-0.06287519923441645
PEP,2015-06-24,0.0,0.06263426132500172,0.0,0.020878087108333904,0.0584580413350551
PEP,2015-06-29,-0.9286794066429138,0.006465809477958828,0.0,-0.30740453238831833,-0.02333873146811607
PEP,2015-06-30,0.454254686832428,0.0006091119375923881,0.4993375241756439,0.3180671076485548,0.032436520934725696
PEP,2015-07-05,0.0,-0.00028417543217074126,0.0,-9.472514405691375e-05,-0.00026522769093973055
PEP,2015-07-06,0.6110864281654358,0.0002028419403359294,0.9996188879013062,0.5369693860023593,0.05455117854359428
PEP,2015-07-08,0.31004719734191893,0.008758365667745238,-0.19957081079483033,0.03974491740494462,0.010986587340101089
PEP,2015-07-09,0.41145071387290955,0.029862062157073006,0.5709455864770072,0.3374194541689966,0.06089478565681543
PEP,2015-07-10,0.45239493250846863,0.003014667396200821,0.9991093277931213,0.48483964256593026,0.05213837187661756
PEP,2015-07-13,-0.7545908838510513,4.189937135379296e-05,-0.748067781329155,-0.5008722552696175,-0.0500455765435857
PEP,2015-07-14,-0.8015193939208984,0.0010930980206467211,0.0,-0.2668087653000839,-0.024331235916150974
PEP,2015-07-15,0.45303821563720703,-0.0011195541155757383,0.0,0.15063955384054376,0.0132843484960174
PEP,2015-07-16,0.8130848010381063,0.00045492794318609714,0.9992760221163431,0.6042719170325452,0.06116349528357132
PEP,2015-07-17,0.0,0.06714507780270651,0.0,0.02238169260090217,0.06266809664873914
PEP,2015-07-20,0.0,0.013008890207856894,0.0,0.004336296735952298,0.01214150650528225
PEP,2015-07-31,0.0,5.802988016512245e-05,0.0,1.934329338837415e-05,5.4160664825929893e-05
PEP,2015-08-03,0.8053370118141174,-0.05995071533834562,0.49965351819992065,0.41501327155856416,-0.012969862760375369
PEP,2015-08-05,0.0,-0.0002974810922751203,0.0,-9.916036409170677e-05,-0.00027764615223704235
PEP,2015-08-13,0.0,-0.0002514000989322085,0.998714804649353,0.33282113485014025,0.03476733823307701
PEP,2015-08-16,0.0,0.00027067372866440564,0.0,9.022457622146855e-05,0.00025262620335458056
PEP,2015-08-23,-0.9617897272109985,0.004475579051359091,-0.9965316653251648,-0.651281937828268,-0.061168978359769186
PEP,2015-08-24,0.0,-0.0013846658985130489,0.0,-0.00046155529950434965,-0.001292341610295098
PEP,2015-08-25,0.0,0.00034102894278476015,0.0,0.00011367631426158671,0.0003182904017633506
PEP,2015-08-31,0.0,0.0018862084180000238,-0.556283712387085,-0.18479916798969498,-0.017735642283032763
PEP,2015-09-01,0.3430783450603485,0.0074413570218894165,0.0,0.1168399006940793,0.017796503087072223
PEP,2015-09-04,0.0,-0.000484951538965106,0.0,-0.00016165051298836866,-0.00045261678438712603
PEP,2015-09-08,0.9006204009056091,0.018187488296916854,0.999461829662323,0.6394232396216163,0.08048891063136651
PEP,2015-09-10,0.0,0.0039697902648185845,0.0,0.001323263421606195,0.0037050996388193996
PEP,2015-09-11,0.0,0.011776139654102735,0.0,0.003925379884700912,0.010990950997750073
PEP,2015-09-18,0.0,0.0017169842030853033,0.9500620365142822,0.3172596735724558,0.03489934359331744
PEP,2015-09-21,0.5838974714279175,0.0047674392408225685,0.0,0.19622163688958003,0.02291779823679515
PEP,2015-09-27,0.0,0.0034504061623010784,0.0,0.0011501353874336928,0.0032203460676949315
PEP,2015-09-30,0.0,4.4492888264358044e-05,0.9476556777954102,0.3159000568945582,0.03325403204535344
PEP,2015-10-04,0.6610049605369568,-0.00040287365118274465,0.0,0.22020069562859135,0.020531073760702182
PEP,2015-10-05,0.0,0.0190619386266917,0.0,0.006353979542230566,0.017790959211430757
PEP,2015-10-06,0.1918823927640915,0.004654942396155093,0.13116580247879028,0.10923437921301231,0.015010632939191337
PEP,2015-10-07,0.0,0.0007920653006294742,0.0,0.0002640217668764914,0.0007392533356511098
PEP,2015-10-12,0.0,0.00047054329358312924,0.0,0.00015684776452770975,0.000439169214460987
PEP,2015-10-14,0.0,0.0032276965503115207,0.0,0.0010758988501038402,0.003012485790898079
PEP,2015-10-15,-0.9478793144226074,0.00011582494335016236,-0.9253445267677307,-0.624369338748996,-0.062303167706535684
PEP,2015-10-21,0.0,0.00020267796935513616,0.0,6.755932311837871e-05,0.00018916416050848925
PEP,2015-10-26,0.22461068630218506,0.0001330570748905302,0.0,0.07491458112569187,0.00722845089433805
PEP,2015-10-27,-0.9148004055023193,0.00016552793022128753,0.9990459084510803,0.02813701029299409,0.006233628647178934
PEP,2015-11-02,0.0,-0.00022018246090738103,0.0,-7.339415363579367e-05,-0.00020550152483325595
PEP,2015-11-03,0.0,5.460335250973003e-05,0.0,1.8201117503243342e-05,5.0962604368261285e-05
PEP,2015-11-13,0.0,0.004551931080641225,0.0,0.0015173103602137417,0.004248425533566698
PEP,2015-11-16,0.0,0.0008143689556163736,-0.7076596617698669,-0.2356150976047502,-0.024041291164406467
PEP,2015-11-19,0.6065894961357117,-1.867060927907005e-05,0.9771268963813782,0.527899240635937,0.053413923838686206
PEP,2015-11-20,0.0,0.0008316463354276493,0.0,0.00027721544514254975,0.0007761952551082497
PEP,2015-11-23,0.4797414541244507,0.0011909080058103427,0.6638584534327189,0.38159693852099325,0.039551620858277646
PEP,2015-11-25,0.0,0.000783660972956568,0.0,0.000261220324318856,0.0007314093906913246
PEP,2015-12-03,0.0,0.06149879188160412,0.0,0.02049959729386804,0.05739828164312363
PEP,2015-12-04,0.0,0.0013806885544909164,-0.9979068040847778,-0.332175371843429,-0.0336850285478955
PEP,2015-12-07,0.47255897521972656,0.5001106605642027,0.49976736307144165,0.49081233295179033,0.4992272136877537
PEP,2015-12-12,0.7435225248336792,0.005250273810815997,0.998950183391571,0.5825743273453554,0.06342748360892762
PEP,2015-12-18,0.0,0.0009775018625077792,0.0,0.0003258339541692597,0.0009123256880298543
PEP,2015-12-28,0.0,0.00041539907397236675,0.0,0.0001384663579907889,0.00038770183116942756
PEP,2015-12-30,0.8688361048698425,0.011075105605414137,0.9994627833366394,0.6264579979372987,0.07284547593633166
PEP,2016-01-19,-0.9708194136619568,0.0001125869748648256,-0.9979279041290283,-0.6562115769387068,-0.06557559865679019
PEP,2016-01-25,0.0,0.00031276010122383013,0.8131700158119202,0.27116092530438135,0.028791090755586668
PEP,2016-01-26,0.0,0.004463271172653549,0.0,0.001487757057551183,0.004165677007358946
PEP,2016-01-28,0.0,0.0006465344667958561,0.0,0.00021551148893195204,0.0006034259907852634
PEP,2016-02-04,0.0,0.041433114991377806,0.0,0.013811038330459269,0.03867050946701335
PEP,2016-02-07,0.0,1.825694926083088e-05,0.0,6.085649753610293e-06,1.7039644177210808e-05
PEP,2016-02-08,0.0,6.803066935390234e-05,0.0,2.2676889784634113e-05,6.349463880118269e-05
PEP,2016-02-11,-0.420979552798801,0.008012001781834342,-0.6400311456786262,-0.3509995655651976,-0.028268656552340576
PEP,2016-02-22,-0.49418747425079346,0.0012895041145384312,0.9988102912902832,0.16863744038467607,0.020578072454275308
PEP,2016-02-26,0.2615717351436615,0.0003722577530425042,0.4895137846469879,0.2504859258478973,0.025776751001206202
PEP,2016-02-29,0.0,0.006993593764491379,-0.9978827834129333,-0.3302963965494807,-0.028445529076296976
PEP,2016-03-01,0.0,2.1304545953171328e-05,0.0,7.101515317723776e-06,1.9884038522137772e-05
PEP,2016-03-09,0.0,0.0001627700257813558,0.0,5.4256675260451935e-05,0.00015191712933004602
PEP,2016-03-14,0.0,0.0010932229924947023,0.0,0.0003644076641649008,0.001020330972733807
PEP,2016-03-23,0.6885991096496582,-8.265167707577348e-05,0.0,0.22950548599086082,0.02170272652119518
PEP,2016-03-28,0.0,0.00023832697479519993,0.0,7.944232493173331e-05,0.00022243622361672042
PEP,2016-03-29,0.0,0.03427480172831565,0.0,0.01142493390943855,0.03198948605089642
PEP,2016-03-31,0.0,-0.0013397521106526256,0.0,-0.0004465840368842085,-0.0012504224514752775
PEP,2016-04-05,0.0,-0.0006582221249118447,0.0,-0.0002194073749706149,-0.0006143343358097827
PEP,2016-04-08,0.35670745372772217,0.00014356220890476834,0.49578413367271423,0.28421171653644706,0.028792131643443623
PEP,2016-04-11,0.0,0.0001912518491735682,0.0,6.37506163911894e-05,0.00017849989127936478
PEP,2016-04-14,-0.5004361271858215,-8.775165406404994e-05,-0.4987083822488785,-0.3330774203629214,-0.033388556872857036
PEP,2016-04-17,-0.59466153383255,0.36934302072040737,-0.9978398084640503,-0.40771944052539766,0.2909365991087804
PEP,2016-04-18,-0.016673725843429566,0.00630631843523588,-0.2601353943347931,-0.0901676005809956,-0.0037585099169739934
PEP,2016-04-19,0.53607177734375,0.0006120535053923959,0.6242925226688385,0.38699211783932697,0.0394063779296989
PEP,2016-04-27,-0.8493411540985107,0.00012894385145045817,-0.9977641105651855,-0.6156587736040819,-0.061712326753530174
PEP,2016-05-03,-0.3766385614871979,0.00488422321723192,-0.4988568425178528,-0.29020372692927293,-0.02483767545094656
PEP,2016-05-06,0.7893422245979309,0.002437936083879322,0.9995504021644592,0.5971101876154231,0.06227294037528766
PEP,2016-05-13,-0.4764808416366577,-0.0002423784535494633,-0.49586543440818787,-0.3241962181661317,-0.032675549899720976
PEP,2016-05-16,0.23718611896038055,0.0010922155188382021,0.49925442039966583,0.24584425162629486,0.0260187858720711
PEP,2016-05-18,0.0,0.000195944077859167,0.0,6.531469261972234e-05,0.0001828792529174295
PEP,2016-06-01,0.0,0.0019078971236012876,0.0,0.0006359657078670958,0.0017806857345260667
PEP,2016-06-02,0.0,0.0011825378751382232,0.0,0.0003941792917127411,0.0011036906730995228
PEP,2016-06-06,0.0,0.0006418918492272496,0.0,0.00021396394974241653,0.0005990929018217805
PEP,2016-06-08,0.0,0.0008897969491954427,0.0,0.0002965989830651476,0.0008304686068672601
PEP,2016-06-14,-0.8207229971885681,3.818039840552956e-05,0.0,-0.2735616055967209,-0.025923210921775165
PEP,2016-06-15,0.0,-8.67940834723413e-05,0.0,-2.89313611574471e-05,-8.100697865381055e-05
PEP,2016-06-16,0.4071008563041687,0.00019056739256484434,0.46332424879074097,0.2902052241624915,0.029292285608888927
PEP,2016-06-17,0.0,0.0004587176663335413,-0.9796814918518066,-0.3264075913951577,-0.033906782975941775
PEP,2016-06-20,0.0,0.027856309636263177,0.0,0.009285436545421058,0.02599895448602436
PEP,2016-06-21,0.6894068270921707,0.0024644753448228585,0.7486472874879837,0.48017286330832576,0.050343422237345704
PEP,2016-06-22,0.0,0.017796631931560114,0.0,0.005932210643853371,0.016610019058400583
PEP,2016-06-23,0.0,7.950565122882836e-05,0.0,2.6501883742942784e-05,7.42045152041392e-05
PEP,2016-06-27,0.0,8.335752499988303e-05,0.0,2.7785841666627675e-05,7.779955704528913e-05
PEP,2016-06-28,-0.3697345554828644,0.03905211607343517,-0.005413353443145752,-0.11203193095085832,0.02456412318130106
PEP,2016-06-29,-0.23307116329669952,0.0013694804947590455,0.7389957457780838,0.16909802099204777,0.01980590146460094
PEP,2016-06-30,0.36136287450790405,0.0012672374687099364,0.49966567754745483,0.2874319298413563,0.030124168407194982
PEP,2016-07-05,-0.27857230106989544,0.011237082265627881,0.0015401641527811687,-0.08859835155049546,0.0017307834593507897
PEP,2016-07-06,0.0,2.8930939151905477e-05,0.0,9.643646383968493e-06,2.7001932350146162e-05
PEP,2016-07-07,0.09856497794389725,0.004787825405901458,0.002980738878250122,0.03544451407601628,0.007690592589607661
PEP,2016-07-08,0.32665908336639404,0.00643247454718221,0.49978193640708923,0.2776244981068885,0.033851426783627854
PEP,2016-07-11,-0.18311381340026855,2.2784758281583586e-06,-0.3292958339055379,-0.17080245627665944,-0.017330461834523553
PEP,2016-07-12,0.0,8.189424988813698e-06,0.0,2.729808329604566e-06,7.643384764437545e-06
PEP,2016-07-13,0.0,0.000283283519820543,0.4997805058956146,0.16668792980514505,0.01778021172512055
PEP,2016-07-14,-0.42829862236976624,0.0008185805527318735,0.4997432827949524,0.024087746992639342,0.004731752185137947
PEP,2016-07-25,0.6607557535171509,0.00011021773389074951,0.0,0.22028865708368053,0.02100207189580475
PEP,2016-07-27,0.0,0.00022169261137605645,0.0,7.389753712535214e-05,0.0002069109739314079
PEP,2016-08-02,0.0,0.0017967978346860036,0.0,0.0005989326115620012,0.0016769940898657255
PEP,2016-08-08,0.0,0.000841602774016792,0.0,0.00028053425800559734,0.0007854878729654803
PEP,2016-08-15,0.0,0.02103923782124184,0.0,0.00701307927374728,0.019636420497139914
PEP,2016-08-20,0.0,0.00344451327691786,0.0,0.0011481710923059534,0.003214846043539177
PEP,2016-08-24,-0.9257727265357971,0.0001413234422216192,-0.9937644004821777,-0.6397986011919178,-0.06397806731149742
PEP,2016-08-26,0.0,0.003222778264898807,0.0,0.0010742594216329355,0.003007895411195741
PEP,2016-08-29,0.0,0.2665626271045767,0.0,0.0888542090348589,0.24878924090825988
PEP,2016-08-30,0.651625394821167,0.002368259934883099,0.0,0.21799788491868335,0.022820769979234587
PEP,2016-08-31,0.0,0.004858210915699601,0.0,0.0016194036385665338,0.004534283367463548
PEP,2016-09-06,0.0,0.0015968397492542863,0.9060729146003723,0.30255658478320885,0.033245522366420435
PEP,2016-09-07,0.0,-0.0003745969315787079,0.0,-0.0001248656438595693,-0.000349620221305813
PEP,2016-09-15,-0.10866746306419373,-5.265933850751026e-06,0.0,-0.03622424299934816,-0.0034419842153113303
PEP,2016-09-16,-0.19828889767328897,0.007640401279786602,-0.6595681309700012,-0.28340554245450117,-0.02225665581741762
PEP,2016-09-21,-0.935704231262207,0.0005898550880374387,-0.9945070147514343,-0.6432071303085346,-0.06389959446535963
PEP,2016-09-25,0.0,0.0026389225386083126,0.9765756130218506,0.3264048451868196,0.03668903232740001
PEP,2016-09-26,0.2991805374622345,0.0014420931438507978,0.4883173108100891,0.2629799804720581,0.02792285883132554
PEP,2016-09-29,0.03346359729766846,0.003798505331640347,-0.06217464575400719,-0.008304181041566128,0.002424627465651966
PEP,2016-09-30,0.4748958647251129,0.004976972973963711,0.9933980405330658,0.4910902927440475,0.05448136306480099
PEP,2016-10-03,0.0,0.04181101042922819,0.0,0.013937003476409396,0.03902320987025882
PEP,2016-10-09,0.0,0.0009557948797009885,0.9994807839393616,0.3334788596063542,0.03592088726653981
PEP,2016-10-12,0.0,0.005023174024245236,0.34012487530708313,0.11504934977710946,0.01660861022771654
PEP,2016-11-01,0.0,0.0002936049277195707,0.0,9.78683092398569e-05,0.00027402843583463195
PEP,2016-11-11,0.0,0.012748615292366594,0.0,0.004249538430788864,0.011898584932657255
PEP,2016-11-14,0.0,0.004683206410845742,0.0,0.0015610688036152471,0.004370947644176971
PEP,2016-11-15,-0.010042846202850342,0.022403669051527686,0.49888578057289124,0.17041553447385618,0.03807668721527119
PEP,2016-11-16,-0.6566069722175598,1.83653028216213e-05,-0.9976335763931274,-0.5514073944359552,-0.05571492158843769
PEP,2016-11-22,0.0,-0.00016420651809312403,0.0,-5.4735506031041346e-05,-0.00015325784170789898
PEP,2016-11-23,0.0,-0.00024188851966755465,0.0,-8.062950655585155e-05,-0.00022576029120870118
PEP,2016-11-29,0.0,0.0001482816933275899,0.0,4.942723110919663e-05,0.00013839481959521205
PEP,2016-12-02,0.7838060855865479,-7.736028055660427e-05,0.0,0.26124290843533043,0.024718989508096322
PEP,2016-12-06,0.8742242455482483,0.0016348322242265567,0.991332471370697,0.622397183047724,0.06392012437590014
PEP,2016-12-13,0.0,0.0011674210472847335,0.0,0.0003891403490949112,0.0010895817312445793
PEP,2016-12-14,0.0,0.001090751051378902,0.0,0.00036358368379296735,0.001018023831032438
PEP,2016-12-21,0.0,0.0004723126912722364,0.0,0.00015743756375741214,0.00044082063419910076
PEP,2016-12-27,0.0,-7.836445001885295e-05,0.0,-2.612148333961765e-05,-7.313940162658398e-05
PEP,2017-01-09,-0.14057700634002684,0.007263021070684772,0.3022990465164185,0.05632835374902547,0.01292708645244683
PEP,2017-01-17,-0.871467649936676,0.0028518336039269343,-0.9912390112876892,-0.6199516092068128,-0.059642148117487796
PEP,2017-01-18,0.0,0.0011158334091305733,0.0,0.00037194446971019107,0.001041433811366344
PEP,2017-01-20,0.8864641189575195,0.004683064122218639,0.9994989633560181,0.6302153821452521,0.06743846082357513
PEP,2017-01-23,0.0,0.0003418566848267801,0.0,0.00011395222827559337,0.0003190629530623126
PEP,2017-01-26,0.0,0.005696729349438101,0.3212467432022095,0.10898115751721586,0.016575633143745785
PEP,2017-01-27,0.0,0.00017347131142742,0.0,5.782377047580667e-05,0.00016190489667454447
PEP,2017-01-30,0.0,0.00022599234944209456,0.0,7.533078314736485e-05,0.0002109240249424851
PEP,2017-02-01,0.0,0.0005107507895445451,0.0,0.00017025026318151504,0.0004766958510258747
PEP,2017-02-03,0.0,0.0005686271918724136,0.0,0.00018954239729080454,0.0005307132702108259
PEP,2017-02-05,0.0,0.006975031952606514,0.0,0.002325010650868838,0.006509962886086425
PEP,2017-02-06,0.0,0.0004411807522046729,0.0,0.00014706025073489096,0.00041176446401415095
PEP,2017-02-07,0.0,0.0018489270914869849,0.0,0.0006163090304956617,0.0017256475730074283
PEP,2017-02-08,0.4273683726787567,0.000565029404242523,0.49968042969703674,0.3092046105933453,0.03155700177038004
PEP,2017-02-12,0.6749482750892639,0.00494169705780223,0.9983254075050354,0.5594051265507005,0.06094863381682183
PEP,2017-02-13,0.0,0.0009842496328928974,0.0,0.0003280832109642991,0.0009186235525130629
PEP,2017-02-14,0.0,0.0006136216688901186,0.0,0.0002045405562967062,0.0005727076713603156
PEP,2017-02-15,-0.000181424617767334,0.0032502923417875233,-0.12491906881332397,-0.04061673369643459,-0.0013502043651289523
PEP,2017-02-16,0.9294441342353821,0.006806128752941731,0.9990007281303406,0.6450836637062215,0.07076193080389477
PEP,2017-02-17,-0.8567535877227783,0.0005299083277350292,-0.9955857992172241,-0.6172698262040891,-0.06149620340823449
PEP,2017-02-25,0.0,0.0005497350211953744,0.0,0.0001832450070651248,0.0005130807599370943
PEP,2017-03-01,-0.9002709984779358,-0.013936927425675094,-0.993610680103302,-0.6359395353356376,-0.07630564543481122
PEP,2017-03-02,-0.1574250857035319,0.009544340243640667,-0.16566515962282816,-0.1045153016942398,-0.0018773471164755117
PEP,2017-03-03,-0.3064621885617574,0.0016974123815695445,-0.33163416385650635,-0.21213298001223138,-0.01973172011458558
PEP,2017-03-04,-0.6656936407089233,-0.001055300235748291,0.0,-0.22224964698155722,-0.02204032145642514
PEP,2017-03-05,0.0,-0.003225768683478236,0.0,-0.0010752562278260787,-0.0030106864941770338
PEP,2017-03-06,-0.5703585147857666,0.00019838740990962833,-0.9732875823974609,-0.5144825699244393,-0.05196567492887767
PEP,2017-03-08,0.5421429872512817,1.0793828550959006e-05,0.0,0.1807179270266109,0.017157645417071262
PEP,2017-03-19,0.0,0.0031859474256634712,0.0,0.001061982475221157,0.002973520368875457
PEP,2017-03-21,0.0,0.0005148837808519602,0.0,0.0001716279269506534,0.00048055325635139046
PEP,2017-03-23,0.0,-7.381688556051813e-05,0.0,-2.460562852017271e-05,-6.889505515083741e-05
PEP,2017-03-24,-0.42902353405952454,0.006258453679038212,-0.49099278450012207,-0.3045859549602028,-0.024936358440378312
PEP,2017-03-27,0.0,0.001263332880625967,0.0,0.00042111096020865563,0.0011790985902206924
PEP,2017-03-31,0.0,0.0004328832874307409,0.0,0.0001442944291435803,0.00040402023551364943
PEP,2017-04-01,-0.9320499300956726,0.0003218005076632835,-0.9932842254638672,-0.6416707850172921,-0.06399133827099812
PEP,2017-04-03,0.0,0.0022326123907987494,0.0,0.0007442041302662498,0.0020837501038901956
PEP,2017-04-04,0.0,0.0019372484530322254,0.0,0.0006457494843440751,0.0018080800271039774
PEP,2017-04-05,-0.4677240252494812,0.0005783900778624229,-0.2848700284957886,-0.2506718878891358,-0.024237775857792007
PEP,2017-04-06,0.0,-0.00026643300225259736,0.0,-8.881100075086579e-05,-0.0002486682395076078
PEP,2017-04-12,-0.007528162002563477,0.002348326160790748,0.0006843447685241699,-0.0014984970244161864,0.0019776227334812077
PEP,2017-04-13,-0.45934566855430603,0.014835143156233244,-0.49511075019836426,-0.313207091865479,-0.018034918799761494
PEP,2017-04-14,0.0,5.835906631546095e-05,0.0,1.945302210515365e-05,5.446790207513823e-05
PEP,2017-04-17,0.0,0.0024443692855129484,0.0,0.0008147897618376495,0.0022813878545576522
PEP,2017-04-21,-0.9290105700492859,0.010450870089698583,-0.9979988932609558,-0.6388528644068477,-0.054606739820295805
PEP,2017-04-22,0.0,8.493952918797731e-06,0.9957075119018555,0.3319053352849248,0.03490450688829217
PEP,2017-04-24,0.4194360673427582,0.0016137919046741445,0.4966432750225067,0.305897711423313,0.03217850072066289
PEP,2017-04-26,0.34920220715659006,0.0007526189469250052,0.12097363812582833,0.15697615474311447,0.015987203549992213
PEP,2017-04-28,0.0,0.0012001816539850552,0.0,0.0004000605513283517,0.0011201580409585122
PEP,2017-05-02,0.0,0.004786079472978599,0.0,0.0015953598243261997,0.004466961420268718
PEP,2017-05-07,-0.3657112121582031,0.003483623389911372,-0.4575563371181488,-0.27326130862881354,-0.024351804874189927
PEP,2017-05-08,0.0,0.00017527473391965032,0.0,5.842491130655011e-05,0.00016358807030557643
PEP,2017-05-09,0.5412815809249878,0.000438878545537591,0.0,0.18057348649017513,0.017529941418028806
PEP,2017-05-11,0.0,0.0004113375616725534,0.0,0.0001371125205575178,0.0003839111117353696
PEP,2017-05-24,0.0,-0.0004028120553509022,0.0,-0.0001342706851169674,-0.0003759540588114171
PEP,2017-05-25,0.0,0.00022266679297899827,0.3326732317606608,0.11096529951787994,0.011867024667227943
PEP,2017-05-31,0.0,0.000506717202370055,0.0,0.00016890573412335166,0.0004729311811925939
PEP,2017-06-02,0.0,0.000865255427925149,0.0,0.00028841847597504966,0.0008075634292245363
PEP,2017-06-05,-0.32696065306663513,0.002468280257744482,-0.28633469343185425,-0.2036090220802483,-0.01807298998409319
PEP,2017-06-06,0.5125842094421387,0.004320751810155343,-0.9964244961738586,-0.15983984497385487,-0.014676397568898013
PEP,2017-06-07,-0.5053683320681254,0.0019906795256853607,-0.4533034960428874,-0.31889371619510914,-0.030013404633338264
PEP,2017-06-08,0.8436095714569092,-0.00018102925969287753,0.9987271428108215,0.6140518950026793,0.061516180004572
PEP,2017-06-13,0.0,0.0007101572919054888,0.0,0.0002367190973018296,0.0006628066397677692
PEP,2017-06-15,0.0,0.0018212459108326584,0.0,0.0006070819702775528,0.0016998120190019881
PEP,2017-06-20,-0.6693001389503479,0.0005040886899223551,-0.920482873916626,-0.5297596413923505,-0.052959157564831605
PEP,2017-06-23,0.9054281711578369,0.0027094358520116657,0.9977450370788574,0.6352942146962354,0.06613477515333324
PEP,2017-06-27,0.7991066575050354,0.0006414487615984399,0.9992645382881165,0.5996708815182501,0.06089505899008421
PEP,2017-06-28,0.0,0.017185936798341572,0.0,0.005728645599447191,0.016040043579996027
PEP,2017-07-03,0.0,0.04241157427895814,0.0,0.014137191426319381,0.039583728175559524
PEP,2017-07-06,0.0,0.006391380651621148,0.0,0.0021304602172070495,0.00596522710762824
PEP,2017-07-10,0.0,0.0013513982121367007,0.0,0.0004504660707122336,0.001261292007313238
PEP,2017-07-11,0.005263072252273559,0.04866763636455289,-0.15720649361610411,-0.03442526166642589,0.04007950811543777
PEP,2017-07-12,0.0,0.006391380651621148,0.0,0.0021304602172070495,0.00596522710762824
PEP,2017-07-13,0.0,0.0009302435246354435,0.0,0.00031008117487848114,0.0008682183627447483
PEP,2017-07-17,0.0,0.00019911082927137613,0.0,6.637027642379205e-05,0.0001858348639820459
PEP,2017-07-18,-0.8215867877006531,0.0007874090370023623,0.0,-0.27359979288788355,-0.02525125909817822
PEP,2017-07-20,0.0,0.00044722898746840656,0.0,0.00014907632915613553,0.0004174094315168789
PEP,2017-07-21,-0.7174184918403625,0.02693873312091455,0.0,-0.23015991957314932,0.0024511563021739568
PEP,2017-07-25,0.0,0.0021751858439529315,0.0,0.0007250619479843105,0.0020301525749334137
PEP,2017-07-29,0.0,0.0014570035673386883,0.0,0.0004856678557795628,0.0013598559822781517
PEP,2017-07-31,0.0,0.001526000072772149,0.0,0.0005086666909240497,0.0014242521165439787
PEP,2017-08-02,0.0,0.0141924325725995,0.0,0.004730810857533167,0.013246133877477915
PEP,2017-08-16,-0.6221373081207275,4.550767971522873e-05,0.0,-0.20736393348033744,-0.01963525754719686
PEP,2017-08-24,0.0,0.008297923362988513,0.0,0.002765974454329504,0.007744648553709495
PEP,2017-08-25,0.0,0.00035363417919143103,0.0,0.000117878059730477,0.00033005517834460037
PEP,2017-09-05,0.0,0.02499659563181922,0.0,0.00833219854393974,0.023329915975946774
PEP,2017-09-08,-0.5420261224110922,0.0019452724924728197,-0.49843214948972064,-0.34617099980278,-0.03279686631544282
PEP,2017-09-11,0.0,0.00016137565398821607,0.0,5.379188466273869e-05,0.00015061572224137407
PEP,2017-09-15,-0.29814866185188293,-1.4904757335898466e-05,0.0,-0.09938785553640628,-0.009444126887627389
PEP,2017-09-19,0.0,0.004019879619590938,0.0,0.0013399598731969793,0.003751849192224214
PEP,2017-09-24,-0.8306620717048645,0.002503956522559747,-0.9357185959815979,-0.5879589037213009,-0.05673035564509455
PEP,2017-09-29,0.0,0.002053559266641969,0.0,0.0006845197555473229,0.0019166356401830566
PEP,2017-10-02,-0.25212811678647995,-6.31256962151383e-05,-0.24868453294038773,-0.16695859180769426,-0.016749189043355567
PEP,2017-10-04,-0.03884953260421753,0.0020188267390039982,-0.6482685539457533,-0.22836641993698895,-0.022064443002206537
PEP,2017-10-05,0.0,0.006391380651621148,0.0,0.0021304602172070495,0.00596522710762824
PEP,2017-10-09,0.0,0.000677348201861605,0.0,0.00022578273395386836,0.0006321851846560347
PEP,2017-10-11,0.9347829818725586,0.0062238689279183745,0.999549925327301,0.6468522587092593,0.07040660550642158
PEP,2017-10-13,0.0,0.0008992262883111835,0.0,0.0002997420961037278,0.000839269243108978
PEP,2017-10-24,0.8805459141731262,-0.00015895718388492242,-0.9925453066825867,-0.03738611656444846,-0.007083112861687839
PEP,2017-10-25,0.0,0.0005087854515295476,0.0,0.0001695951505098492,0.0004748615679796982
PEP,2017-10-27,0.0,0.0004451024615264032,0.0,0.00014836748717546774,0.0004154246909746597
PEP,2017-10-29,0.0,0.0009113267406064551,0.0,0.00030377558020215173,0.0008505628723226774
PEP,2017-11-04,0.0,0.007975842570886016,0.0,0.0026586141902953386,0.007444043440503828
PEP,2017-11-05,0.0,0.00011099617404397577,0.0,3.699872468132526e-05,0.0001035953643579899
PEP,2017-11-21,0.0,0.0033575667475815862,0.0,0.0011191889158605288,0.0031336966748882087
PEP,2017-11-22,0.0,7.882821319071809e-05,0.0,2.6276071063572697e-05,7.357224195607783e-05
PEP,2017-12-06,0.0,0.0007655844237888232,0.0,0.00025519480792960775,0.0007145381046221608
PEP,2017-12-08,0.0,0.004018824576633051,0.0,0.001339608192211017,0.003750864359767719
PEP,2017-12-12,0.0,0.0011693194101098925,0.0,0.0003897731367032975,0.001091353538710164
PEP,2017-12-13,0.0,0.0006869763310533017,0.9973903298377991,0.33269243538961746,0.03559672837739931
PEP,2017-12-14,0.0,0.0011160891590407118,0.0,0.0003720297196802373,0.0010416725224107967
PEP,2017-12-17,0.0,-2.5840199668891728e-05,0.0,-8.613399889630577e-06,-2.411727181444536e-05
PEP,2017-12-21,0.0,0.0035034871762036346,0.0,0.0011678290587345448,0.003269887790612875
PEP,2017-12-28,0.0,0.001415579448803328,0.0,0.000471859816267776,0.001321193919944247
PEP,2017-12-29,-0.9323921203613281,5.685633368557319e-07,-0.9890047907829285,-0.6404654475269732,-0.06415199345743669
PEP,2018-01-22,0.0,0.0004986513813491911,-0.9829355478286743,-0.3274789654824417,-0.033983556823510265
PEP,2018-01-23,0.3937152922153473,0.0002760576462605968,0.49976688623428345,0.29791941203196376,0.030225906214747442
PEP,2018-01-29,-0.31841203570365906,0.0007952544237923576,0.0,-0.10587226042662223,-0.009328901226502734
PEP,2018-02-02,0.0,0.0007480248095816933,0.0,0.00024934160319389775,0.0006981492930149415
PEP,2018-02-05,0.3964158296585083,0.003083702948060818,0.4965503215789795,0.2986832847285162,0.03281903312599132
PEP,2018-02-07,0.0,0.03399562192498706,0.9941347241401672,0.3427101153550514,0.066570377829564
PEP,2018-02-08,0.0,0.0004904867892037146,0.0,0.0001634955964012382,0.00045778297163615316
PEP,2018-02-12,0.0,0.00020554061757138697,0.0,6.851353919046232e-05,0.00019183594229414734
PEP,2018-02-13,-0.1936529517173767,0.014033707732778566,-0.08892234563827514,-0.08951386320762443,0.003856433539775397
PEP,2018-02-14,-0.7322695354620615,0.0430576359249244,-0.6644604007403055,-0.4512241000924809,-0.006261772494923901
PEP,2018-02-15,0.7236820459365845,0.0014016112545505166,0.0,0.241694552397045,0.024197671004677592
PEP,2018-02-26,-0.969566285610199,0.0023803016520105302,0.0,-0.3223953279860628,-0.028445053760742096
PEP,2018-03-05,0.8516265153884888,-2.7707574190571904e-05,0.0,0.2838662692714327,0.026910440286723028
PEP,2018-03-10,0.0,6.866264448035508e-05,0.0,2.288754816011836e-05,6.408447619020945e-05
PEP,2018-03-21,0.0,0.000510671294250642,0.0,0.00017022376475021397,0.0004766216409014499
PEP,2018-03-26,0.0,0.00015434311353601515,0.0,5.144770451200505e-05,0.00014405209207098697
PEP,2018-04-17,-0.5557928383350372,-0.00041987239819718525,-0.4990421235561371,-0.3517516114297905,-0.035461120034916284
PEP,2018-04-20,-0.934659481048584,2.9878778150305152e-05,0.0,-0.31154320075681124,-0.02953468354464348
PEP,2018-04-23,-0.4697418212890625,0.0027263129341008607,0.0,-0.15567183611832056,-0.012313044733354237
PEP,2018-04-25,-0.9442291259765625,0.0001951908488990739,0.0,-0.3146779783758878,-0.029683074471526176
PEP,2018-04-26,0.3476188878218333,0.0007376915376274459,0.3325388232866923,0.22696513421538436,0.0233379201756028
PEP,2018-04-27,-0.24645034968852997,0.002448480670864228,0.33930495381355286,0.031767694931962374,0.006381814396873348
PEP,2018-05-01,-0.0386718213558197,0.00018489776903152233,0.001721709966659546,-0.012255071206709545,-0.000990250084508323
PEP,2018-05-02,-0.9366491436958313,4.0665941014594864e-05,0.0,-0.31220282591827225,-0.029587547148272542
PEP,2018-05-03,-0.011248687903086344,0.003160981135503486,0.0,-0.0026959022558609527,0.002594431352311099
PEP,2018-05-25,0.0,8.584143870393746e-05,0.0,2.8613812901312485e-05,8.011785607045296e-05
PEP,2018-05-30,0.0,2.3771062842570245e-06,0.0,7.923687614190081e-07,2.2186097291759705e-06
PEP,2018-05-31,0.0,0.00027442204736871645,0.0,9.147401578957215e-05,0.0002561246185613564
PEP,2018-06-07,0.0,-2.6757450541481376e-05,0.0,-8.919150180493792e-06,-2.4973363829977006e-05
PEP,2018-06-29,0.0,0.00037886478821747005,0.0,0.0001262882627391567,0.0003536035013445734
PEP,2018-07-03,-0.21862767140070596,0.0004148192747379653,0.0003864765167236328,-0.07260879186974813,-0.006514321964029472
PEP,2018-07-09,0.0,0.0005014660164306406,0.0,0.00016715533881021352,0.00046803016203823524
PEP,2018-07-10,0.4593454073457157,0.0063795141580372085,0.49988921950845155,0.32187138033740154,0.03800252506165675
PEP,2018-07-11,0.23995435237884521,-2.1337251382647082e-05,0.7491440922021866,0.32969236910988303,0.03382492561592419
PEP,2018-07-15,0.0,0.0013586214045062661,0.0,0.0004528738015020887,0.001268033611398424
PEP,2018-07-17,0.0,0.0011057047231588513,0.0,0.00036856824105295044,0.001031980441123921
PEP,2018-07-19,0.0,0.045765154354739934,0.0,0.015255051451579979,0.04271370478274634
PEP,2018-07-20,-0.5810713171958923,0.00021624066721415147,0.0,-0.19361835884289272,-0.018177022260752223
PEP,2018-07-23,-0.6936661005020142,0.00018344071577303112,0.0,-0.2311608865954137,-0.02176892279414585
PEP,2018-07-24,-0.1654526094595591,0.0026963239118534452,0.6617806355158488,0.16634144998938102,0.02047684114086852
PEP,2018-08-01,0.0,-3.622670737968292e-05,0.0,-1.2075569126560973e-05,-3.381124774121068e-05
PEP,2018-08-06,0.0,-0.00037747298483736813,0.0,-0.0001258243282791227,-0.00035230449820758945
PEP,2018-08-14,0.0,0.0006171394561533816,0.0,0.0002057131520511272,0.0005759908989368965
PEP,2018-08-15,0.8753718733787537,0.0008011689242266584,0.9989184141159058,0.625030485472962,0.06344420986650251
PEP,2018-08-17,0.5745423436164856,0.023193871864350513,0.0,0.1992454051602787,0.03981972934057798
PEP,2018-08-20,0.3867592016855876,0.0008253985902734308,0.4432770278718736,0.2769538760492449,0.02853880202717614
PEP,2018-08-21,-0.3741964101791382,0.00910827579900797,-0.48696228861808777,-0.2840168076660727,-0.020401154354227066
PEP,2018-08-31,-0.10609406232833862,0.00025891712721204385,-0.497290700674057,-0.2010419486250612,-0.020542577404964717
PEP,2018-09-05,0.0,3.427473711781204e-05,0.0,1.1424912372604012e-05,3.1989425857032684e-05
PEP,2018-09-06,0.0,-8.278207678813487e-05,0.0,-2.7594025596044958e-05,-7.726247756774259e-05
PEP,2018-09-14,0.0,0.020078203349839896,0.0,0.006692734449946632,0.018739463258669733
PEP,2018-09-25,0.0,0.00033991620875895023,0.0,0.00011330540291965008,0.00031725186747084283
PEP,2018-09-28,0.9308531880378723,-0.010391925927251577,0.9995163679122925,0.6399925433409711,0.05477321667064708
PEP,2018-10-01,0.7383356988430023,0.00013266789028421044,0.0,0.24615612224442884,0.0234768209013567
PEP,2018-10-02,0.014314247502221001,0.004143137462961022,0.04858627253108554,0.022347885832089187,0.006022441303053039
PEP,2018-10-03,0.04206738620996475,-0.0012782614212483168,0.4793904572725296,0.17339319402041534,0.016938733325030816
PEP,2018-10-04,0.5588453412055969,-0.008900203800294548,-0.9552959203720093,-0.13511692765556896,-0.02411119088462363
PEP,2018-10-05,-0.4824405142239162,0.0007734748724033125,-0.32652816602161955,-0.2693984017910442,-0.025981162930201845
PEP,2018-10-07,0.0,0.0006779561736038886,0.0,0.0002259853912012962,0.0006327525715809923
PEP,2018-10-08,0.0,0.0014326854434330016,0.0,0.0004775618144776672,0.001337159310094829
PEP,2018-10-10,0.4623967707157135,-0.0008729501896596048,0.49938374757766724,0.3203025227012404,0.031312425118695295
PEP,2018-10-11,0.0,0.01820167968980968,0.0,0.006067226563269894,0.01698805912252137
PEP,2018-10-12,0.7521198689937592,0.019955124815169256,0.49845412373542786,0.42350970584811876,0.05988290402833795
PEP,2018-10-19,0.0,0.007358124043093994,0.0,0.002452708014364665,0.006867511828998557
PEP,2018-10-30,0.867566704750061,0.0007793533222866245,0.9389117062091827,0.6024192547605102,0.061073920068779784
PEP,2018-10-31,0.9202639162540436,0.0009628873558540363,0.9989918768405914,0.6400728934834964,0.06501761945728977
PEP,2018-11-02,0.0,0.0014904656854923815,0.0,0.0004968218951641271,0.001391087036076687
PEP,2018-11-07,0.0,-5.073381180409342e-05,0.0,-1.6911270601364475e-05,-4.73510710110823e-05
PEP,2018-11-21,0.0,-3.447060225880705e-05,0.8419463634490967,0.2806372976156126,0.029475537282378356
PEP,2018-11-27,0.0,0.00038056130870245397,0.0,0.00012685376956748465,0.0003551869041897298
PEP,2018-12-03,0.0,0.00039516766628366895,0.0,0.00013172255542788966,0.0003688193746711247
PEP,2018-12-05,0.0,-0.0008308644319185987,0.0,-0.0002769548106395329,-0.0007754654860003451
PEP,2018-12-06,0.0,-0.00010248257603961974,0.0,-3.416085867987325e-05,-9.564942122206442e-05
PEP,2018-12-07,0.0,0.009414656895387452,0.0,0.0031382189651291506,0.008786922906104463
PEP,2018-12-11,0.0,0.004281867008103291,0.4978647530078888,0.16738220667199735,0.021445043020894516
PEP,2018-12-13,-0.2936418056488037,0.0007567242391814943,0.0,-0.09762836046987407,-0.008581398808293809
PEP,2018-12-17,0.0,0.003357067538672709,0.459049254655838,0.15413544073150356,0.019221538347529696
PEP,2018-12-18,0.4614982604980469,0.0011657015384116676,0.49761998653411865,0.32009464952352573,0.033124913413724796
PEP,2018-12-23,-0.9683703780174255,0.004543623552308418,-0.9980798959732056,-0.6539688834794409,-0.06136787286749716
PEP,2018-12-26,0.0,0.00012887342018075287,0.0,4.2957806726917624e-05,0.00012028062259511746
PEP,2018-12-27,0.5322279334068298,0.0014100939588388428,0.0,0.17787934245522288,0.018150039833518657
PEP,2019-01-04,0.0,0.009552501040161587,-0.5877659916877747,-0.19273783021587101,-0.011683869302897255
PEP,2019-01-13,0.0,4.21598379034549e-05,0.0,1.4053279301151633e-05,3.9348777617792576e-05
PEP,2019-01-15,0.0,0.00041880256321746856,0.0,0.00013960085440582284,0.0003908783613196759
PEP,2019-01-23,0.0,0.0011942884884774685,0.0,0.00039809616282582283,0.0011146577994963901
PEP,2019-01-25,0.0,0.0005372972300392576,0.0,0.00017909907667975253,0.0005014722537972119
PEP,2019-01-30,0.0,0.004527396522462368,0.0,0.0015091321741541226,0.0042255266578086256
PEP,2019-01-31,0.0,0.0009221140353474766,0.0,0.00030737134511582553,0.0008606308936249406
PEP,2019-02-14,0.9489338994026184,0.0021862278299522586,0.9994482398033142,0.6501894556786283,0.06708219810658902
PEP,2019-02-15,0.6043115655581156,0.11201872814125673,0.7661889327896966,0.49417307549635625,0.15051629095314709
PEP,2019-02-19,0.43431907892227173,0.10793166651602586,0.5548353393872579,0.3656953616085185,0.13391769273573026
PEP,2019-02-21,0.4761600196361542,0.0040466113096044865,0.49980589747428894,0.3266708428066825,0.03635408503678329
PEP,2019-02-25,0.0,0.0087267350172624,0.0,0.0029089116724207997,0.008144868644125405
PEP,2019-03-06,0.0,0.0032124552817549556,0.0,0.0010708184272516519,0.0029982606987898263
PEP,2019-03-07,-0.5774977505207062,-5.573071030084975e-05,0.0,-0.19251782707700235,-0.018317829466204735
PEP,2019-03-12,0.0,0.0012464400206226856,0.0,0.00041548000687422854,0.001163332035396168
PEP,2019-03-13,0.0,0.041204935740097426,0.0,0.013734978580032475,0.03845754575018102
PEP,2019-03-14,-0.9112061858177185,0.017778755456674844,-0.9975280165672302,-0.6303184823094247,-0.0471878075828084
PEP,2019-03-15,0.0,0.0005372964224079624,0.0,0.0001790988074693208,0.0005014714932249265
PEP,2019-03-22,0.0,0.9602043064660393,-0.9717822670936584,-0.0038593202092063925,0.8621234013330976
PEP,2019-03-25,-0.6342834234237671,0.0029645134636666626,-0.9837064743041992,-0.5383417947547665,-0.0517710313395875
PEP,2019-04-10,0.0,0.0011141338327433914,0.0,0.00037137794424779713,0.0010398475835384131
PEP,2019-04-15,0.0,0.0008305289156851359,0.0,0.0002768429718950453,0.0007751523475251005
PEP,2019-04-17,0.39798395501242745,0.11263386291658033,0.399974074628618,0.3035306308525419,0.13172968672488972
PEP,2019-04-18,0.4347723921140035,0.22235257341744566,0.4312849309709337,0.36280329883412765,0.2363937130839758
PEP,2019-04-19,0.0,0.0011420046866987832,0.0,0.0003806682288995944,0.0010658601335799998
PEP,2019-04-22,0.0,-5.556290216190973e-05,-0.8993683457374573,-0.2998079695465397,-0.0315720369463594
PEP,2019-04-23,0.31756744782129925,0.3322431473998208,0.3332098325093587,0.3276734759101596,0.33181284292829416
PEP,2019-04-29,-0.8162954449653625,0.0019495341111905873,0.0,-0.27144863695139065,-0.02399925906219088
PEP,2019-05-02,0.0,0.000599370468989946,0.0,0.00019979015632998198,0.0005594066745789043
PEP,2019-05-03,0.0,0.010354632115195272,0.0,0.003451544038398424,0.009664224349041796
PEP,2019-06-04,0.0,0.00034124399098800495,0.0,0.00011374799699600165,0.0003184911113568259
PEP,2019-06-05,0.0,0.0004937791090924293,0.0,0.0001645930363641431,0.0004608557379960272
PEP,2019-06-06,0.0,0.0007360055606113747,0.0,0.00024533518687045824,0.0006869314493968294
PEP,2019-06-12,0.0,0.001896066591143608,0.0,0.0006320221970478693,0.00176964396339204
PEP,2019-06-13,0.7288330793380737,0.00046980789011286106,0.4977979362010956,0.4090336078097607,0.04093725339994677
PEP,2019-06-24,0.0,0.00013456396118272096,0.0,4.4854653727573655e-05,0.00012559173960946974
PEP,2019-06-25,0.0,0.002130743843736127,0.0,0.0007102479479120424,0.001988673787466878
PEP,2019-06-26,0.0,0.00018037352128885686,0.0,6.012450709628562e-05,0.00016834688960584886
PEP,2019-06-27,0.0,0.009618577780202031,0.0,0.003206192593400677,0.008977246776368512
PEP,2019-06-30,0.0,0.00020854545800830238,0.0,6.951515266943413e-05,0.00019464043036197126
PEP,2019-07-02,0.0,0.0005839263703819597,0.0,0.00019464212346065324,0.0005449923629513463
PEP,2019-07-03,0.43701979517936707,0.01039165486326965,0.49971964955329895,0.31571036653197854,0.041035065935410904
PEP,2019-07-08,0.644750714302063,0.022184134868439287,-0.9971067309379578,-0.11005729392248516,0.006152338315531555
PEP,2019-07-09,0.1711185872554779,0.0020032781721965875,0.20027573108673097,0.12446586550480182,0.014301125382218541
PEP,2019-07-10,0.5010167479515075,-0.0017745092722179835,0.5991398096084595,0.3661273494292496,0.035188651290961784
PEP,2019-07-18,0.0,0.000911330647795694,0.0,0.00030377688259856467,0.0008505665122043294
PEP,2019-07-19,0.0,-0.0001068473793566227,0.0,-3.561579311887423e-05,-9.972319578114731e-05
PEP,2019-07-26,0.0,0.0012708584836218506,0.0,0.00042361949454061687,0.0011861223666237864
PEP,2019-07-28,0.0,0.00028333335649222136,0.0,9.444445216407378e-05,0.00026444174813588514
PEP,2019-07-29,-0.1354825496673584,0.002808249839745258,0.24951432645320892,0.03894667554186526,0.007080529099950738
PEP,2019-07-31,0.0,0.00015812681522220373,0.9983963370323181,0.3328514879491801,0.03513839809431719
PEP,2019-08-06,0.5223291516304016,0.00024525911430828273,0.0,0.17419147024823664,0.016749780849704226
PEP,2019-08-07,0.0,0.4252766304416582,0.0,0.14175887681388608,0.39692078173353884
PEP,2019-08-13,0.0,0.00042589972144924104,0.0,0.00014196657381641367,0.000397502321170278
PEP,2019-08-14,0.0,-0.00018415419617667794,0.0,-6.138473205889265e-05,-0.00017187548323438018
PEP,2019-08-15,0.0,0.00013024939107708633,0.0,4.341646369236211e-05,0.00012156484889912664
PEP,2019-08-16,0.0,0.0001131704484578222,0.0,3.772348281927407e-05,0.00010562466628714861
PEP,2019-08-22,0.0,0.0023333256249316037,0.0,0.0007777752083105346,0.00217774814611909
PEP,2019-08-26,0.0,0.004434087546542287,0.0,0.0014780291821807623,0.004138438958059106
PEP,2019-08-29,0.0,8.502544005750678e-06,0.9483594298362732,0.31612264412675967,0.033245105813198804
PEP,2019-09-04,0.0,8.502544005750678e-06,0.9563060998916626,0.3187715341452228,0.033523612903170685
PEP,2019-09-05,0.0,0.00040475898276781663,0.9184669852256775,0.3062905814028151,0.03256730031170059
PEP,2019-09-06,0.7384442687034607,-0.06969896634109318,0.9643165469169617,0.5443539497597764,-0.007898849228729087
PEP,2019-09-11,0.8991438150405884,-0.017205428855959326,0.9984250068664551,0.6267877976836947,0.047372821198143615
PEP,2019-09-24,-0.08026832342147827,0.0004428854053912801,0.0046540796756744385,-0.025057119446804183,-0.0019623590704400955
PEP,2019-10-01,0.0,0.0038840851266286336,0.0,0.0012946950422095445,0.003625108947718747
PEP,2019-10-03,0.08883687257766723,0.06673129399971114,0.3138214747111003,0.1564632137628262,0.07609025265229216
PEP,2019-10-04,0.18501169766698564,-0.07211586504467249,0.42152476736477446,0.17814019999569586,-0.04668248628314702
PEP,2019-10-09,0.0,-0.0007349789811996743,0.0,-0.00024499299373322475,-0.0006859733456235097
PEP,2019-10-21,0.0,0.016525738712516613,0.0,0.005508579570838871,0.015423863552555787
PEP,2019-10-25,0.0,0.000378007345716469,0.0,0.00012600244857215634,0.0003528032434837837
PEP,2019-10-28,0.4713495671749115,0.0036838582909695106,0.9373019933700562,0.4707784729453124,0.05119630156105741
PEP,2019-11-18,-0.6992242932319641,-0.0004837304004468024,0.0,-0.2332360078774703,-0.022567410854202698
PEP,2019-12-01,0.0,0.004749926185468212,0.0,0.0015833087284894039,0.004433218956783574
PEP,2019-12-02,0.8997297883033752,0.006191653897985816,0.9995678067207336,0.6351630829740316,0.06926845933993558
PEP,2019-12-03,0.0,0.0007923907687654719,0.9907704591751099,0.3305209499812918,0.035463107433620064
PEP,2019-12-04,0.0,0.0003422617446631193,0.0,0.00011408724822103977,0.000319441011814781
PEP,2019-12-09,0.0,0.0012914389371871948,0.0,0.00043047964572906494,0.0012053306196932278
PEP,2019-12-13,0.5343050956726074,-0.000795926753198728,0.0,0.1778363896398029,0.016156807356043485
PEP,2019-12-16,-0.45798846483230593,-0.15154731461603319,-0.3983235478401184,-0.3359531090961525,-0.1698885848048924
PEP,2020-01-09,0.0,0.002158383736968972,0.0,0.000719461245656324,0.0020144708782453102
PEP,2020-01-17,0.0,8.502544005750678e-06,0.9561024904251099,0.31870366432303854,0.03351647699849299
PEP,2020-01-22,0.0,8.502544005750678e-06,0.956305980682373,0.31877149440879293,0.033523608725240545
PEP,2020-01-24,0.0,8.502544005750678e-06,0.9561024904251099,0.31870366432303854,0.03351647699849299
PEP,2020-01-27,0.0,0.006074511707993224,0.0,0.0020248372359977416,0.0056694861801476785
PEP,2020-01-30,-0.43830546736717224,0.0003743277266039513,-0.49648749828338623,-0.31147287930798484,-0.03091430674602271
PEP,2020-01-31,0.0,1.0012847269535996e-05,0.4780508577823639,0.15935362354321114,0.016763602335953535
PEP,2020-02-06,0.0,8.502544005750678e-06,0.9483594298362732,0.31612264412675967,0.033245105813198804
PEP,2020-02-10,0.40649861097335815,6.817343091825023e-06,0.4781721234321594,0.29489251724953647,0.029622112488401603
PEP,2020-02-12,0.0,0.00117761316778342,0.4781530499458313,0.15977688770453824,0.01785693295596913
PEP,2020-02-13,0.30849577749476714,0.1258774916463207,0.293783938183504,0.2427190691081973,0.13753818343458238
PEP,2020-02-14,0.40460753440856934,0.0009475457700318657,0.4992048442363739,0.30158664147165837,0.03117743747429702
PEP,2020-02-15,0.0,0.00010016242958954535,0.0,3.338747652984845e-05,9.348397685380732e-05
PEP,2020-02-18,0.0,8.50259129947517e-06,0.9464503526687622,0.31548628508668725,0.03317819839512552
PEP,2020-02-20,0.3728663921356201,0.0011411257273721276,0.4734196960926056,0.28247573798519926,0.029450469426254355
PEP,2020-02-21,0.0,0.00011993707767032902,0.0,3.9979025890109675e-05,0.0001119401190044586
PEP,2020-02-23,0.0,-0.00070862119900994,0.0,-0.00023620706633664668,-0.0006613730153362578
PEP,2020-02-24,-0.1100143591562907,8.78107766766334e-05,-0.02508691946665446,-0.045004489282089506,-0.004276936437207144
PEP,2020-02-25,-0.9091705083847046,0.0013889160909457132,-0.9523983001708984,-0.6200599641548857,-0.06083878548300362
PEP,2020-02-28,-0.9718349575996399,-0.9999550858356088,-0.9983078241348267,-0.9900326225233584,-0.9990079100194044
PEP,2020-03-06,-0.4724061191082001,-0.00017455837223678827,0.0,-0.15752689249347895,-0.015104766534147147
PEP,2020-03-09,-0.9731106758117676,-0.9999903740713307,-0.998619794845581,-0.9905736149095598,-0.9990921825065506
PEP,2020-03-11,-0.06886615753173828,-0.1981926172577005,0.00022180080413818358,-0.08894565799510018,-0.18714828018419996
PEP,2020-03-12,-0.85867311557134,-0.3330977309538999,-0.44001497824986774,-0.5439286082583692,-0.35346840744194347
PEP,2020-03-16,-0.9727766513824463,-0.9999992621441152,-0.9986628293991089,-0.9904795809752235,-0.9990914147341798
PEP,2020-03-17,0.8938349485397339,-0.3183942539326381,0.9995669722557068,0.5250025556209342,-0.23386174355990963
PEP,2020-03-18,-0.487514466047287,-0.49957794433416325,-0.4993963837623596,-0.4954962647146033,-0.49919001801149426
PEP,2020-03-19,-0.9705139398574829,-0.9999770711701217,-0.9985748529434204,-0.989688621323675,-0.9989960134228666
PEP,2020-03-20,-0.05718963841597239,-0.16585359240131461,0.3199646472930908,0.03230713882526794,-0.1453901508999218
PEP,2020-03-21,0.0,0.0013351687885005958,0.0,0.00044505626283353195,0.00124614477563545
PEP,2020-03-23,0.5466455519199371,0.5019438007041614,0.999214693903923,0.6826013488426739,0.5207855690310694
PEP,2020-03-24,0.007291465997695923,-0.4996097962557542,0.9993772804737091,0.1690196500718836,-0.4310418695031386
PEP,2020-03-26,-0.8732600808143616,-0.9997374129161472,0.9965404272079468,-0.29215235550752067,-0.925773471821616
PEP,2020-03-27,0.9393811821937561,-0.006142289377748966,0.9995237588882446,0.6442542172347506,0.059009496801435614
PEP,2020-04-02,0.4875467121601105,0.9986159364334526,0.9970755577087402,0.8277460687674344,0.9823972041839416
PEP,2020-04-06,0.9372978806495667,0.9999946070140595,0.9996979236602783,0.9789968037746348,0.9980011859328808
PEP,2020-04-13,-0.9720866084098816,-0.999987899761436,-0.9980759620666504,-0.9900501567459893,-0.9990383958363884
PEP,2020-04-14,0.9499859809875488,0.9999997468910209,0.999638557434082,0.9832080951042173,0.9984052045259574
PEP,2020-04-15,-0.48646655678749084,-0.48562112792239986,-0.4992620646953583,-0.49044991646841635,-0.48612593916643193
PEP,2020-04-16,0.46996504068374634,0.00024500682411598973,0.49973544478416443,0.32331516409734223,0.03260754550139841
PEP,2020-04-20,-0.45827198028564453,0.00337873292301083,-0.07154405117034912,-0.17547909951099427,-0.01384874907651031
PEP,2020-04-21,0.0,0.0010353907709941268,0.0,0.0003451302569980423,0.0009663547874320465
PEP,2020-04-27,0.0,0.0019842472538584843,0.0,0.0006614157512861615,0.0018519450557895707
PEP,2020-04-28,-0.01323146711696278,0.0026386735521968644,-0.07475462284955112,-0.028449138804772345,-0.0005756912420135148
PEP,2020-04-29,0.26709139347076416,-0.0014191976266374694,0.29506468772888184,0.1869122945243362,0.01746446470954745
PEP,2020-05-05,0.724161684513092,0.0001913551714096684,0.9978541731834412,0.5740690709559809,0.058055094228167535
PEP,2020-05-12,-0.4503307342529297,0.0029294241321622394,-0.4959619343280792,-0.3144544148162822,-0.028891505200570794
PEP,2020-05-26,0.37240850925445557,0.0028504111960501177,0.49948006868362427,0.29157966304471,0.03194464206578895
PEP,2020-06-11,-0.9734342694282532,-0.9999981863822427,-0.9986932873725891,-0.9907085810610283,-0.9991122808073443
TSLA,2019-07-01,-0.16964219510555267,0.0012747576718569187,0.2595645934343338,0.030399052000212683,0.004921072203464221
TSLA,2019-07-02,0.21527133882045746,0.08834811572585217,0.2500823388497035,0.1845672644653377,0.09803090084635409
TSLA,2019-07-03,0.2798365702231725,0.16325498584269246,0.4972938150167465,0.31346179036087046,0.17864944315108736
TSLA,2019-07-05,0.0,0.335953457673592,0.3330833713213603,0.22301227633165077,0.3252269038938987
TSLA,2019-07-06,0.0,0.000282205412077019,0.0,9.406847069233966e-05,0.00026338900743961673
TSLA,2019-07-08,-0.3238961497942607,0.003761725553583043,0.333083172639211,0.004316249466177795,0.004939890958617803
TSLA,2019-07-09,-0.001050343116124471,-0.00033726172368157375,0.0027277966340382895,0.0004467305980774149,-0.0002523948061479941
TSLA,2019-07-10,-0.10562799658094134,0.02689353660896034,0.4018142393657139,0.10769325979791096,0.03584183497129598
TSLA,2019-07-11,0.15149464209874472,0.006425913691297562,0.4753083785374959,0.2110763114425127,0.027447260134604193
TSLA,2019-07-12,-0.4784581661224365,0.011254971588641638,0.0,-0.15573439817793164,-0.004628736290421701
TSLA,2019-07-15,0.6892300844192505,0.00020133471116423607,0.0,0.22981047304347157,0.021987735012510612
TSLA,2019-07-16,0.6646371334791183,0.19136680553037877,0.7237188816070557,0.5265742735388509,0.22499334124870785
TSLA,2019-07-17,0.0,0.0013291375751123269,0.0,0.00044304585837077565,0.0012405156714975331
TSLA,2019-07-22,-0.480104398727417,0.00032978878589347006,-0.498452889919281,-0.32607583328693485,-0.03234682565131692
TSLA,2019-07-23,-0.47402268648147583,0.016584399145358475,-0.41357284784317017,-0.2903370450597625,-0.014008860393302774
TSLA,2019-07-24,-0.12388977878972103,-0.04874864632497639,0.05207828785243787,-0.04018671242075319,-0.04759161964051211
TSLA,2019-07-25,-0.21667189509780319,-0.05295126428009895,0.05786070338001958,-0.07058748533262753,-0.054245995497871735
TSLA,2019-07-26,-0.01293630599975586,0.1746481372954804,-0.27363032698631284,-0.03730616523019611,0.15300415911251394
TSLA,2019-07-27,0.0,0.00030855512886773795,-0.9961394667625427,-0.331943637211225,-0.034623736169583044
TSLA,2019-07-28,0.0,0.4999895460917081,0.0,0.16666318203056937,0.46665210719096367
TSLA,2019-07-29,-0.17739878098169962,0.0024911075682515125,0.0,-0.0583025578044827,-0.0032859790454646282
TSLA,2019-07-30,0.11895560366766793,0.14367101710328306,0.050606957503727505,0.10441119275822618,0.13962767312441468
TSLA,2019-07-31,-0.6851472854614258,0.0008266843942692503,0.0,-0.2281068670223855,-0.020899124529175816
TSLA,2019-08-01,-0.37818142771720886,-0.039868307816504966,-0.019359171390533447,-0.1458029689747491,-0.04985010964074676
TSLA,2019-08-02,0.0,0.05169902597845066,-0.9583709836006165,-0.30222398587405525,0.01466388436551775
TSLA,2019-08-04,0.0,0.002109795721480623,0.0,0.000703265240493541,0.0019691225162966914
TSLA,2019-08-05,-0.1260252356529236,-0.006631055642355932,-0.19956158399581908,-0.11073929176369952,-0.017169042587847766
TSLA,2019-08-06,0.7074240148067474,0.4983774273396193,0.49742311239242554,0.5677415181795974,0.5049559535187518
TSLA,2019-08-07,0.34921324253082275,0.23108513113766094,-0.21945689618587494,0.12028049249420292,0.2190312840682636
TSLA,2019-08-08,0.9481790065765381,0.894500916965626,0.9995293617248535,0.9474030950890059,0.8998796426723572
TSLA,2019-08-09,0.0,-4.109514702577144e-05,0.0,-1.3698382341923812e-05,-3.8355076345183425e-05
TSLA,2019-08-12,-0.3416486382484436,0.051618678433442255,0.0,-0.09667665327166712,0.03737084919569569
TSLA,2019-08-14,-0.1727328896522522,0.011618036564565651,-0.332077960173289,-0.16439760442032517,-0.0062583626395328355
TSLA,2019-08-15,0.0,3.517947334330529e-05,0.0,1.1726491114435097e-05,3.283383765532325e-05
TSLA,2019-08-16,-0.9646462202072144,-0.9999552928311459,-0.9982306361198425,-0.9876107163860676,-0.9987780530228225
TSLA,2019-08-19,0.3432010054588318,0.20473090764792223,0.5956458806991577,0.3811925979353039,0.2228110219937118
TSLA,2019-08-20,0.25009018927812576,0.12134737506244164,0.38306888937950134,0.2515021512400229,0.13459197115794932
TSLA,2019-08-21,-0.5112116535504659,-0.27503715739779483,-0.596815307935079,-0.46102137296111323,-0.2937845521142562
TSLA,2019-08-22,0.06354924291372299,0.006675993153701043,0.37368281185626984,0.14796934930789796,0.021337344956248644
TSLA,2019-08-23,0.07562873760859172,0.009050068571923475,-0.16641034682591757,-0.02724384688180079,0.005006536957886925
TSLA,2019-08-26,0.1472990612188975,-4.5003491095485515e-05,0.1603812575340271,0.10254510508727636,0.01023783971009142
TSLA,2019-08-27,0.0,0.0010313800303265452,0.0,0.00034379334344218176,0.0009626114679493506
TSLA,2019-08-28,0.0,0.004758168510306859,0.498926043510437,0.16789473734024796,0.021926781723977416
TSLA,2019-08-29,0.8207427561283112,0.004459038653294556,0.9904139041900635,0.6052052329905564,0.064832250538516
TSLA,2019-08-30,0.4162645488977432,0.28055817946527384,0.4993758872151375,0.39873287185938483,0.2925193665285941
TSLA,2019-09-02,0.0,-3.107416307557287e-05,0.0,-1.035805435852429e-05,-2.900225443798143e-05
TSLA,2019-09-03,-0.4354279041290283,0.0009988355450332165,0.032915592193603516,-0.13383782546346387,-0.011686423896894251
TSLA,2019-09-04,-0.4784829914569855,0.0033167269334626326,0.0,-0.1583887548411743,-0.012038473870618106
TSLA,2019-09-05,0.46173863112926483,0.005005447457278933,0.24988879263401031,0.2388776237401847,0.028034003176805364
TSLA,2019-09-06,-0.827328085899353,0.0063563353614881635,0.0,-0.27365725017928827,-0.020235240949835767
TSLA,2019-09-07,0.0,0.0048279553084285,0.0,0.0016093184361428332,0.004506045274261505
TSLA,2019-09-09,-0.15459020932515463,0.017626753125417356,0.0,-0.045654485399912424,0.011561896264675445
TSLA,2019-09-10,0.08587865034739177,0.04269523137721384,0.0,0.042857960574868535,0.04256474985481366
TSLA,2019-09-11,0.04066237807273865,0.25026968178553943,-0.0011255890130996704,0.0966021569483928,0.23482930666946464
TSLA,2019-09-12,-0.1456084350744883,0.0027183958336536307,0.3289341727892558,0.06201471118280704,0.009459820449138094
TSLA,2019-09-13,0.4120586117108663,0.3336160786908901,0.3331683079401652,0.35961433278064053,0.3360814626822458
TSLA,2019-09-16,0.5004062652587891,0.06784564660999119,0.20582813024520874,0.258026680704663,0.086363088522283
TSLA,2019-09-17,0.0,0.00020123809008509852,0.0,6.70793633616995e-05,0.0001878202836066628
TSLA,2019-09-18,0.8970674574375153,0.5008411687011076,0.9940692186355591,0.7973259482580607,0.5306596509413518
TSLA,2019-09-19,0.5164008140563965,0.00016997649436234497,0.8794385194778442,0.465336436676201,0.04731370676600753
TSLA,2019-09-20,-0.2803272008895874,-0.005599116314745818,-0.33228786786397296,-0.20607139502276872,-0.025738024235475835
TSLA,2019-09-21,0.0,0.0002528000986785628,0.0,8.426669955952093e-05,0.0002359443269477937
TSLA,2019-09-23,0.0,0.000957302888537015,0.0,0.00031910096284567163,0.0008934734914431946
TSLA,2019-09-24,-0.6903550773859024,-0.2427958425482757,-0.6893384605646133,-0.5408297934995971,-0.272601785310916
TSLA,2019-09-25,0.7569448947906494,0.998371974364261,0.9862653613090515,0.9138607434879873,0.99031150376735
TSLA,2019-09-26,0.13313983167920793,0.19702002898810228,0.2851704784802028,0.205110113049171,0.19808895225082437
TSLA,2019-09-27,0.23770487308502197,0.001161535229130095,0.49952010810375214,0.24612883880596806,0.02610920403315986
TSLA,2019-09-28,0.0,0.001250862723281898,0.0,0.000416954241093966,0.0011674598784957586
TSLA,2019-09-30,-0.725234866142273,0.015665625600377098,0.0,-0.23652308018063195,-0.008317527669100488
TSLA,2019-10-01,0.3334665298461914,0.005129023660629173,0.49049848318099976,0.27636467889594013,0.03252484190607787
TSLA,2019-10-02,0.09890452524026234,0.004334454491854434,0.16490145027637482,0.08938014333616386,0.01295302850260998
TSLA,2019-10-03,-0.09242292529060728,-0.18652549135071878,-0.07330972240084693,-0.11741937968072434,-0.17958122571398458
TSLA,2019-10-04,-0.2231007218360901,-0.05000815277544461,-0.19882509708404542,-0.15731132389852673,-0.060698528306147664
TSLA,2019-10-07,0.0,0.010935420311787831,0.12812691075461252,0.04635411035546678,0.01469675320706056
TSLA,2019-10-09,0.35176903009414673,0.0023358677814637,0.332660714785258,0.22892187088695615,0.024965074169323653
TSLA,2019-10-10,0.31362656752268475,0.03949226182885468,0.3331727186838786,0.22876384934513935,0.05845554445486892
TSLA,2019-10-11,0.0,0.00012040787623845972,0.0,4.013595874615324e-05,0.00011237952606073857
TSLA,2019-10-13,0.0,-4.414574505062774e-05,0.6687300801277161,0.22289531146088848,0.023395793009750143
TSLA,2019-10-14,0.3200583830475807,0.25036786705086733,0.24970358610153198,0.27337661206666003,0.25254885584702463
TSLA,2019-10-15,0.3669114410877228,0.4165286784223099,0.41641294956207275,0.3999510230240351,0.41495526089322177
TSLA,2019-10-16,-0.2993869483470917,0.01125051802227972,0.0,-0.09604547677493731,0.0010309938031216627
TSLA,2019-10-17,0.0,0.002057147833208243,0.0,0.0006857159444027477,0.0019199849832218813
TSLA,2019-10-18,0.14836997985839845,0.19642110983768363,0.23080452680587768,0.19186520550065325,0.19610633190572158
TSLA,2019-10-21,0.1337148904800415,0.007818746651901165,0.04661304950714111,0.06271556221302793,0.013160370314538707
TSLA,2019-10-22,-0.23280781507492065,0.131526036563108,-0.2744637727737427,-0.1252485170951851,0.10577370246720952
TSLA,2019-10-23,0.11629250288009643,0.07807828000236099,0.37941847801208495,0.19126308696484742,0.0898480404678217
TSLA,2019-10-24,0.20305519964959887,0.031325070270380666,0.4731650043416906,0.23584842475389003,0.05224193795536462
TSLA,2019-10-25,0.22912734001874924,0.13584136870071006,0.24947133660316467,0.20481334844087465,0.14277432583711944
TSLA,2019-10-28,-0.3207354446252187,-0.17043528575701808,-0.16640893618265787,-0.2191932221882982,-0.17504804892877354
TSLA,2019-10-29,-0.17918522655963898,-0.06986333910890608,-0.12489500641822815,-0.12464785736225774,-0.0752498057588203
TSLA,2019-10-30,-0.571292519569397,-0.2999675418068364,0.0,-0.29042002045874443,-0.2980363636082652
TSLA,2019-10-31,0.7651724219322205,-0.00023520170361734927,0.9984074234962463,0.5877815479082832,0.05897350685063247
TSLA,2019-11-01,0.0,0.0015729460161916602,0.317147692044576,0.10624021268692256,0.01258314909647739
TSLA,2019-11-04,-0.727526843547821,0.0014061468973523006,-0.995429277420044,-0.5738499913568376,-0.056585559672133745
TSLA,2019-11-05,0.0,0.0016715493670744763,0.0,0.0005571831223581588,0.0015600967372660236
TSLA,2019-11-06,0.5674559623003006,0.09574488062863355,0.582817996541659,0.41533961315686435,0.12773520079085465
TSLA,2019-11-07,0.47837287187576294,0.5000837152926634,0.49985167384147644,0.49276942033663423,0.4993889127138194
TSLA,2019-11-08,-0.13499028980731964,0.0004112143396923784,0.0,-0.04485969182254242,-0.003885844326654497
TSLA,2019-11-09,0.0,0.0015107621147762984,0.0,0.0005035873715920994,0.0014100301753780518
TSLA,2019-11-11,0.1735965675777859,0.3341065212679015,0.4467756284607781,0.31815957243548854,0.3329784413660211
TSLA,2019-11-12,-0.13279264668623605,-0.0001508114541290221,-0.126389612754186,-0.08644435696485035,-0.008770465592461689
TSLA,2019-11-13,0.17524366246329415,0.004930373450204368,0.312635858853658,0.16426996492238552,0.02110141342099296
TSLA,2019-11-14,0.0,0.00028282199673412833,0.0,9.427399891137611e-05,0.0002639644890267553
TSLA,2019-11-15,0.0,0.0009252968593500555,0.0,0.00030843228645001847,0.0008636015259921949
TSLA,2019-11-17,0.0,0.0004358892110758461,0.0,0.0001452964036919487,0.00040682574220506995
TSLA,2019-11-18,0.2634848475456238,0.0023361267310065157,0.3994468808174133,0.22175595169801454,0.024513609852501755
TSLA,2019-11-19,0.11871311813592911,0.2454413104312514,0.1249370276927948,0.16303048541999177,0.23720968473972032
TSLA,2019-11-20,0.18389399349689484,0.09211664663417451,0.16504868368307749,0.1470197746047156,0.09757554491863094
TSLA,2019-11-21,0.8458705246448517,0.5029948340999653,0.4996280372142792,0.6161644653196987,0.5137217360574284
TSLA,2019-11-22,-0.07591894444297342,-0.09924409855872962,-0.11612966481377096,-0.09709756927182467,-0.09909812742599428
TSLA,2019-11-23,0.0,0.002319169657008994,0.0,0.0007730565523363313,0.0021645361362950784
TSLA,2019-11-24,0.8993335366249084,-6.96697024977766e-05,0.9995381832122803,0.6329340167115637,0.06341104580279197
TSLA,2019-11-25,0.3179144805127924,0.09796873187040452,0.26046951792456885,0.22545091010258858,0.1106206201895658
TSLA,2019-11-26,-0.21168137448174612,-0.1413695719077493,-0.42665222712925505,-0.2599010578395835,-0.1535917821123221
TSLA,2019-11-27,0.0,2.6226207410218194e-05,0.0,8.742069136739397e-06,2.4477542003505e-05
TSLA,2019-11-29,0.0,0.11371991236228496,0.0,0.037906637454094984,0.10613749214671689
TSLA,2019-12-02,0.7049286961555481,0.00012466669431887567,0.0,0.23501778761662231,0.02241271410854023
TSLA,2019-12-03,0.26121837752205984,0.00179724325477894,0.42695767538888113,0.22999109872190662,0.02490314169943052
TSLA,2019-12-04,0.2967204252878825,0.012761447773098351,0.3331399957338969,0.21420728959829258,0.032971166702997594
TSLA,2019-12-05,0.5114952564239502,0.0005774913839559304,0.5970886945724487,0.3697204807934516,0.03764337079181874
TSLA,2019-12-06,0.22524572014808655,0.0024708332870886805,0.199013751745224,0.14224343506013307,0.01640527702422776
TSLA,2019-12-07,0.0,0.007107163139153272,0.0,0.0023690543797177574,0.006633284249515539
TSLA,2019-12-08,0.0,0.0029264139739098027,0.0,0.0009754713246366009,0.002731291568949338
TSLA,2019-12-09,0.3509158372879028,0.00708485608411138,0.3989375948905945,0.2523127627542029,0.031693239305013686
TSLA,2019-12-10,0.44937971234321594,0.13338265946881467,0.49972910434007645,0.3608304920507024,0.15621676012980917
TSLA,2019-12-11,0.10630608456475395,0.0022714594256935277,0.0,0.03619251466348249,0.005482387769916383
TSLA,2019-12-12,-0.012500723203023275,0.005017849653389324,-0.1644225815931956,-0.05730181838094318,-0.0014746315863813442
TSLA,2019-12-13,-0.1658303439617157,0.003062868672714103,0.35623663663864136,0.06448972044987993,0.010098592039244103
TSLA,2019-12-14,0.0,0.0010238272006972693,0.0,0.0003412757335657564,0.0009555622667012854
TSLA,2019-12-16,0.14175109565258026,0.35780864431926984,0.49975669384002686,0.33310547793729234,0.35594976875658557
TSLA,2019-12-17,-0.16227258245150247,0.028354142337472393,-0.1372599502404531,-0.09039279678482774,0.016520483147365567
TSLA,2019-12-18,0.429129883646965,0.13565368964702884,0.7036101669073105,0.42279791340043477,0.1648413008070982
TSLA,2019-12-19,0.44641999900341034,0.20523233196380675,0.49295082688331604,0.3815343859501777,0.22294459545239848
TSLA,2019-12-20,-0.11110594868659973,0.0015567921529206312,0.31915300091107685,0.06986794812579926,0.00912415563301485
TSLA,2019-12-21,0.0,0.016483967810927425,0.0,0.005494655936975808,0.015384878790266478
TSLA,2019-12-22,-0.5294580459594727,2.4867173124221154e-05,0.0,-0.17647772626211614,-0.016723147090521306
TSLA,2019-12-23,0.16136116706407988,0.08130811893657718,0.4149392293049739,0.21920283843521035,0.09553291177274922
TSLA,2019-12-24,0.3218540549278259,0.00245503660516988,-0.1976122736930847,0.0422322726133037,0.005545622634942318
TSLA,2019-12-26,0.09028213620185851,0.0027189652149900213,0.18628836274147034,0.09309648805277297,0.011922081693954747
TSLA,2019-12-27,-0.04083314538002014,0.0507912531821343,0.06436621717044286,0.02477477499085234,0.04836900415701592
TSLA,2019-12-28,0.0,0.0009555244105285965,0.0,0.0003185081368428655,0.0008918135967567571
TSLA,2019-12-30,0.2972588278353214,-0.12381229391838487,0.28417033329606056,0.1525389557376657,-0.09619556103238534
TSLA,2019-12-31,-0.4297391176223755,0.008466746364623154,-0.3277985254923503,-0.2496902989167009,-0.01717846705700845
TSLA,2020-01-02,0.5287100076675415,0.0862292156349304,0.578520248333613,0.39781982387869497,0.11747787688938215
TSLA,2020-01-03,0.34606113604136873,0.1460072186522329,0.4750324657985142,0.3223669401640386,0.16386613249905346
TSLA,2020-01-04,0.42564576864242554,0.0008838691337587079,0.42001572251319885,0.2821817867631277,0.02900808736774445
TSLA,2020-01-06,0.2527904084750584,0.0013898583935900075,0.2875721539769854,0.18058414028187794,0.019371303274471976
TSLA,2020-01-07,0.1396355926990509,0.0006191435709297366,0.24980571866035461,0.13002015164344508,0.013749374817747975
TSLA,2020-01-08,0.2733148847307478,0.14512960979847073,0.41653914962496075,0.2783278813847264,0.15869610514086235
TSLA,2020-01-09,-0.09073466459910075,0.06103226815274259,-0.3437548677126567,-0.1244857547196716,0.04204541429408585
TSLA,2020-01-10,0.14502957463264465,0.0010898759792326018,0.1655211846033732,0.10388021173841681,0.01140540661625458
TSLA,2020-01-12,0.0,6.641796971962322e-05,0.0,2.2139323239874404e-05,6.198946624824567e-05
TSLA,2020-01-13,0.26242154836654663,-0.008163052455688857,0.4915971338748932,0.24861854326191699,0.017910437747904823
TSLA,2020-01-14,0.318701340092553,0.12691600911388537,0.26827891005410087,0.23796541975351307,0.1379363781608056
TSLA,2020-01-15,-0.13858792611530849,-0.14465263059277536,-0.28383052349090576,-0.18902369339966318,-0.1493385825834359
TSLA,2020-01-16,0.09598148219725665,-0.11304231851636694,-0.1755190842291888,-0.06419330684943303,-0.10862067748227122
TSLA,2020-01-17,-0.5009865845952716,-0.030351023706641302,-0.09790142944880895,-0.2097463459169073,-0.04760430965920681
TSLA,2020-01-18,0.0,0.008205864229239523,0.0,0.0027352880764131746,0.007658728223764982
TSLA,2020-01-21,-0.11409318021365575,0.07382540614874454,0.1765673884323665,0.04543320478915177,0.07148248220118571
TSLA,2020-01-22,0.11622481420636177,0.06325359127444208,0.19161854311823845,0.12369898286634744,0.06942783752667349
TSLA,2020-01-23,0.15132148936390877,0.18727550031154294,0.06405815854668617,0.13421838274071263,0.1818199004369587
TSLA,2020-01-24,0.31580815996442524,0.02085092666051683,0.42794435364859446,0.2548678134245122,0.044447610734426365
TSLA,2020-01-26,0.0,0.0018168407259508967,0.0,0.0006056135753169656,0.0016957005825331266
TSLA,2020-01-27,-0.21311320861180624,-0.06272874142652857,-0.13326874706480238,-0.1363702323677124,-0.06995750351674133
TSLA,2020-01-28,0.20491425693035126,0.0021874529202250415,0.24975377321243286,0.15228516102100306,0.017276009275186986
TSLA,2020-01-29,0.36129365166028343,0.10305875955206452,0.45271824796994525,0.3056902197274311,0.12348105885126161
TSLA,2020-01-30,0.19984016476607905,0.05993188897204779,0.3249213869978742,0.194897813578667,0.07364417373979909
TSLA,2020-01-31,-0.27305883169174194,0.0014222784229787067,0.0,-0.09054551775625441,-0.007309197376508405
TSLA,2020-02-01,0.0,0.0010846327458011729,0.0,0.00036154424860039097,0.0010123134543131602
TSLA,2020-02-03,0.38996056192799616,0.20064211574534624,0.6702982940171894,0.42030032389684396,0.2230901560844696
TSLA,2020-02-04,-0.02628671671404983,0.03478424220232904,0.17603173942276926,0.06150975497034949,0.0378029179510709
TSLA,2020-02-05,-0.21364987673966782,-0.06053022387402013,-0.082745303278384,-0.11897513463069065,-0.06615185405838933
TSLA,2020-02-06,0.11284469813108444,0.21612434134422642,0.13090992718935013,0.15329298888822032,0.20987117279714526
TSLA,2020-02-07,-0.028217434883117676,0.10180917188472449,0.00020613521337509155,0.0245992907383273,0.09413564731778884
TSLA,2020-02-08,0.0,0.00020988667165511288,0.0,6.996222388503763e-05,0.00019589221010901653
TSLA,2020-02-09,0.0,0.0006702433674945496,0.0,0.00022341445583151653,0.0006255540265320166
TSLA,2020-02-10,0.15533357858657837,0.17551304606773813,0.3811667699080247,0.23733779818744707,0.18208233221231962
TSLA,2020-02-11,-0.06569467782974243,0.0005451817854918772,-0.1993431568145752,-0.08816421761960859,-0.008555424943503712
TSLA,2020-02-12,-0.28114855885505674,0.0013060760664302506,-0.09971141815185547,-0.12651796698016066,-0.01116811146182332
TSLA,2020-02-13,0.10229212641716004,0.11404496539589218,0.2921248292922974,0.16948730703511652,0.11991439957606936
TSLA,2020-02-14,-0.17770965496699015,-0.017021027378753693,-0.08490598201751709,-0.09321222145442032,-0.02448265108375121
TSLA,2020-02-15,0.0,0.00124004423560109,0.0,0.00041334807853369665,0.0011573627381402806
TSLA,2020-02-16,-0.07671225070953369,0.0033019146540027577,0.0,-0.02447011201851031,0.0006554049610355377
TSLA,2020-02-18,0.1564600110054016,0.053116256818164974,0.25081432461738584,0.1534635308136508,0.06331367041944107
TSLA,2020-02-19,0.15139250244413102,0.07304431336543171,0.14487074954169138,0.12310252178375136,0.07803971089734374
TSLA,2020-02-20,-0.2737481764384678,-0.057897591581617495,0.0864567756652832,-0.08172966411826738,-0.059665590669385024
TSLA,2020-02-21,0.16921488444010416,0.07870594031818554,0.22230413224962023,0.15674165233596996,0.08660135485090303
TSLA,2020-02-22,0.0,0.0005246977639217221,0.0,0.00017489925464057401,0.0004897128827118482
TSLA,2020-02-23,0.0,0.000738010901841335,0.0,0.00024600363394711167,0.0006888031091381774
TSLA,2020-02-24,-0.6244739890098572,-0.31794540564806084,-0.4982081453005473,-0.48020917998615514,-0.3339583295696166
TSLA,2020-02-25,-0.10844438523054123,-0.07627499408999938,-0.31270064041018486,-0.16580667324357515,-0.0855784982043138
TSLA,2020-02-26,-0.26872845490773517,-0.08173594991634066,-0.3242441962162654,-0.22490286701344706,-0.09614956892389813
TSLA,2020-02-27,-0.24338921904563904,-0.10650512474089738,-0.2003868877887726,-0.18342707719176965,-0.11412494136938701
TSLA,2020-02-28,-0.44402216239409015,-0.028767121102315617,-0.2551804618401961,-0.2426565817788673,-0.049836435305718435
TSLA,2020-03-01,0.0,0.0003656657863757573,0.0,0.00012188859545858577,0.000341284566363474
TSLA,2020-03-02,0.045503548213413784,0.3102027087308952,0.29618312631334576,0.21729646108588493,0.30133913951918745
TSLA,2020-03-03,0.0674604872862498,0.1140639426496044,0.10238303740819295,0.09463582244801572,0.11218052823812362
TSLA,2020-03-04,-0.29672912508249283,0.1280158114801644,0.12111900001764297,-0.015864771194895155,0.11433974343004276
TSLA,2020-03-05,-0.407494177420934,-0.16457195298126712,-0.16641509532928467,-0.24616040857716193,-0.17231999818679833
TSLA,2020-03-06,-0.21899976242672314,-0.08220226985577028,0.08422247388146141,-0.07232651946701067,-0.08069638033097548
TSLA,2020-03-08,0.6887469291687012,0.001528361564851366,0.9943061470985413,0.5615271459440313,0.05805846448183395
TSLA,2020-03-09,-0.2428626467784246,-0.08937675124893,-0.16974426805973053,-0.16732788869569504,-0.09704803191985692
TSLA,2020-03-10,0.03130322236281175,0.09015767996526428,0.23004966974258423,0.1171701906902201,0.09319895550213139
TSLA,2020-03-11,-0.14777271946271262,-0.16195132774582058,-0.0014528234799702962,-0.10372562356283449,-0.1558778801405243
TSLA,2020-03-12,-0.7136424581209818,-0.32115366631842335,-0.8055303593476614,-0.6134421612623555,-0.350543752658636
TSLA,2020-03-13,-0.936692496140798,0.006946282162364999,-0.001025557518005371,-0.3102572571654794,-0.02317968505095841
TSLA,2020-03-16,-0.2777552434376308,-0.14668267706812393,-0.4269348127501352,-0.28379091108529664,-0.16065040643394732
TSLA,2020-03-17,-0.08207128445307414,0.024577444171882235,0.0,-0.019164613427063968,0.02034285999255672
TSLA,2020-03-18,-0.1592058062553406,-0.02418965073218331,0.021404895186424255,-0.053996853933699886,-0.02686215672372361
TSLA,2020-03-19,0.015387988516262599,0.1458468580642704,0.1887243730681283,0.11665307321622043,0.1432232724419063
TSLA,2020-03-20,-0.0270267054438591,0.11815512904293968,0.0008619725704193115,0.030663465389833295,0.10945236259814675
TSLA,2020-03-21,0.0,0.0020711657707579434,0.0,0.0006903885902526478,0.0019330681303700984
TSLA,2020-03-22,0.5161733627319336,0.0032040422229329124,0.0,0.17312580165162217,0.01931658053199971
TSLA,2020-03-23,0.07185335159301758,0.1990454230661271,0.19984995126724242,0.15691624197546236,0.19505062752143815
TSLA,2020-03-24,-0.029541300875799998,-0.06966410021766345,-0.19023600220680237,-0.09648046776675527,-0.07262073038649151
TSLA,2020-03-25,-0.0177945613861084,0.20459351947633309,0.596790099143982,0.2611963524114022,0.2113048776238191
TSLA,2020-03-26,-0.17707120180130004,-0.1785977876672405,-0.1986147403717041,-0.18476124328008156,-0.17925104249628143
TSLA,2020-03-27,-0.06050344308217367,0.003911552497262012,-0.021182189385096233,-0.025924693323335964,0.0009946942900013165
TSLA,2020-03-28,0.0,0.0010881885500566568,0.0,0.00036272951668555226,0.0010156321571541988
TSLA,2020-03-29,0.0,0.0004195466171950102,0.0,0.00013984887239833674,0.0003915728181428981
TSLA,2020-03-30,-0.9520304997762045,-0.6459101889728723,-0.33509329954783124,-0.6443446627656361,-0.6446993494682783
TSLA,2020-03-31,0.07107310493787129,0.15446009819860743,0.1665503978729248,0.1306945336698012,0.1522463637576078
TSLA,2020-04-01,-0.11006110906600952,-0.24883225452322222,-0.007471546530723572,-0.12212163670665177,-0.23598405638278705
TSLA,2020-04-02,0.18996570660517767,0.006735933064108494,0.18342995185118455,0.12671053050682357,0.018723950469272607
TSLA,2020-04-03,0.012269052592190828,0.0913650983578075,0.0039598779244856405,0.03586467629149465,0.08580005865901628
TSLA,2020-04-04,0.0,0.002953388528112555,0.0,0.000984462842704185,0.0027564675981300957
TSLA,2020-04-06,0.21122578637940542,0.15028041882109733,0.28605533497674124,0.215853846725748,0.1569665777861582
TSLA,2020-04-07,0.3103257715702057,0.1972646847173128,0.3747090920805931,0.2940998494560372,0.2070596201402422
TSLA,2020-04-08,-0.4181934661335415,0.0025903528522677436,-0.2955828573968675,-0.23706199022604713,-0.02116880181275089
TSLA,2020-04-09,-0.17619222402572632,0.22570855536745887,0.0004298925399780273,0.016648741293903528,0.2051013968399018
TSLA,2020-04-10,0.0,0.1187588455391051,0.49964725971221924,0.2061353684171081,0.12835159357714332
TSLA,2020-04-11,0.0,0.00030019389669178054,0.0,0.00010006463223059352,0.00028017809737535833
TSLA,2020-04-13,-0.008010605971018473,0.3797727938645039,0.0008014639218648275,0.12418788393845008,0.354225673324355
TSLA,2020-04-14,0.2389938086271286,0.08507315158418183,0.4665083388487498,0.26352509968668675,0.10330970993077715
TSLA,2020-04-15,0.11574933089708027,0.05660247095058679,0.12267778421703138,0.09834319535489948,0.06078898343068215
TSLA,2020-04-16,0.030828336874643963,0.002477012207843169,0.01941266655921936,0.01757267188056883,0.003967287166815645
TSLA,2020-04-17,0.3960878551006317,0.24488013609470727,0.4984727054834366,0.37981356555959184,0.25855038785642576
TSLA,2020-04-20,0.0,0.008110949071124196,0.0,0.002703649690374732,0.00757014111008126
TSLA,2020-04-21,-0.7253410667181015,-0.21301727926947933,-0.7472984343767166,-0.5618855934547659,-0.24794665842600502
TSLA,2020-04-22,-0.04236697554588318,0.003177715587662533,-0.02923649549484253,-0.02280858515102106,0.0006011502737412219
TSLA,2020-04-23,0.0,0.001868958439445123,0.0,0.0006229861464817077,0.0017443433090096494
TSLA,2020-04-24,0.021113777160644533,0.04309855273240828,0.5909451246261597,0.21838581817307082,0.06160358094311229
TSLA,2020-04-25,0.0,0.0005541345453821123,0.0,0.00018471151512737075,0.0005171869267265493
TSLA,2020-04-27,-0.5369956493377686,0.011785822250158163,0.1998610019683838,-0.10844960837307555,0.0010197548529055662
TSLA,2020-04-28,0.13146039098501205,0.12607536940743103,0.09837695211172104,0.11863757083472137,0.12527494936731196
TSLA,2020-04-29,0.2795481230273391,0.1230122732968148,0.2810848933277708,0.22788176321730824,0.133503358158371
TSLA,2020-04-30,0.2888593478844716,0.11482531586954817,0.2326575334255512,0.21211406572652367,0.12445954781264318
TSLA,2020-05-01,-0.7037937707371182,-0.19990503952410815,-0.44391362534628975,-0.44920414520250534,-0.2243944297813026
TSLA,2020-05-02,0.30472028255462646,0.018288967568272103,0.3331953088442485,0.21873485298904902,0.03838510114987485
TSLA,2020-05-03,0.28838685154914856,0.006761546530469786,0.0,0.09838279935987278,0.015432169341902481
TSLA,2020-05-04,0.4185824990272522,0.2539491565138169,0.9992946684360504,0.5572754413257065,0.28527852911568763
TSLA,2020-05-05,0.3522283434867859,0.002700492658550502,0.39344717264175416,0.24945866959569685,0.027450298998966473
TSLA,2020-05-06,0.4130326807498932,0.27725688788632397,0.0,0.23009652287873905,0.27183433510927685
TSLA,2020-05-07,-0.21351186434427896,-0.13380796974393483,-0.22140766514672172,-0.18957583307831183,-0.1393990539542464
TSLA,2020-05-08,-0.04986149320999781,0.08980394799601754,0.049225235978762306,0.02972256358826068,0.08396427415771951
TSLA,2020-05-09,-0.032365813851356506,0.0011518100945977494,0.24982774257659912,0.07287124627328012,0.008807022972169553
TSLA,2020-05-10,0.0,0.03455926194146741,-0.49582579731941223,-0.15375551179264826,0.01487776306413207
TSLA,2020-05-11,-0.21099454164505005,5.0487838587501116e-05,-0.23416566848754883,-0.14836990743133713,-0.01483328418432973
TSLA,2020-05-12,0.17208180162641737,0.22533367502551804,0.22192766931321886,0.2064477153217181,0.22352998901619534
TSLA,2020-05-13,-0.05509757995605469,0.027314895920426352,-0.16617931922276816,-0.06465400108613216,0.017926856597820846
TSLA,2020-05-14,-0.041269812319013804,0.09408726747824403,0.18257131179173788,0.07846292231698937,0.09290712557359126
TSLA,2020-05-15,-0.06826777756214142,-0.18256873678410557,0.0018770843744277954,-0.08298647665727306,-0.17248921470379006
TSLA,2020-05-16,0.0,0.0021063943968329113,0.0,0.0007021314656109704,0.0019659478875771567
TSLA,2020-05-17,0.416549414396286,0.00118382143045892,0.0,0.13924441194224832,0.014280030561226734
TSLA,2020-05-18,0.21936704715092978,0.11514442144491316,0.30365404817793107,0.21272183892459132,0.12504760656601394
TSLA,2020-05-19,-0.24490087140690198,0.0887166085496977,-0.2830804640596563,-0.14642157563895353,0.06513416491232901
TSLA,2020-05-20,-0.04132358729839325,0.01916693423225979,-0.033726491034030914,-0.018627714700054792,0.01539990729987761
TSLA,2020-05-21,0.1629811575015386,0.05534977410794303,0.4078318824370702,0.20872093801551728,0.07110752013310456
TSLA,2020-05-22,-0.7685868740081787,0.00010460941848577932,0.0,-0.256160754863231,-0.024212185127655144
TSLA,2020-05-23,-0.6907019019126892,-0.00012296879140194505,0.0,-0.2302749569013637,-0.02196114670956385
TSLA,2020-05-26,-0.49105167388916016,-0.27895853204730275,-0.648039182027181,-0.4726831293212146,-0.2986020501074038
TSLA,2020-05-27,-0.05837453901767731,0.006434523167627049,0.12498323619365692,0.024347740114535554,0.008539440488926065
TSLA,2020-05-28,0.26827489336331684,0.15398268521554806,0.6644459168116251,0.36223449846349665,0.17548787508207936
TSLA,2020-05-29,0.19812994003295897,0.0013938486110419035,0.0,0.06650792954800029,0.007567611513852832
TSLA,2020-05-30,0.0,0.0016065782956502517,0.0,0.0005355260985500839,0.0014994576127840308
TSLA,2020-05-31,0.0,0.00023743919518892653,0.0,7.914639839630884e-05,0.00022160763443829714
TSLA,2020-06-01,0.45575198034445447,0.3099204204757579,0.4735183169444402,0.4130635725882175,0.3202665895464771
TSLA,2020-06-02,0.029024881975991384,0.0018849351566002173,0.42440500429698397,0.15177160714319185,0.017551419817254405
TSLA,2020-06-03,0.14425309896469116,0.2054547304893788,0.20014287233352662,0.18328356726253223,0.20333281085878038
TSLA,2020-06-04,0.08648309111595154,0.0193694465315275,0.24216804653406143,0.11600686139384682,0.029300625768390955
TSLA,2020-06-05,0.4473500996828079,0.25232772539168735,0.49976837635040283,0.39981540047496605,0.26716820543481884
TSLA,2020-06-06,0.0,0.0038111568355816416,0.0,0.0012703856118605472,0.0035570431608287303
TSLA,2020-06-08,0.3133388161659241,0.13316547861743833,0.37477321177721024,0.2737591688535242,0.1473318549997389
TSLA,2020-06-09,-0.15338051691651344,0.008415909974019087,0.008817408233880997,-0.04538239956953779,0.003312483617514886
TSLA,2020-06-10,0.4941182295481364,0.23447278550211462,0.5981267054875692,0.4422392401792734,0.25543015618206655
